case,seed,controller,cycles,vehicles_entered,vehicles_rejected,vehicles_exited,throughput_per_hour,total_waiting_time,average_queue_length,max_queue_length,final_queue_total,total_blocked,demand_generated,vehicles_served,in_transit_final,share_NS20/EW40,share_NS30/EW30,share_NS40/EW20,plan_switches,plan_switch_rate,waiting_per_admitted,qubo_energy,plans,plan_I1,plan_I2,plan_I3,plan_I4,plan_I5,plan_I6
balanced_medium,0,fixed,60,7205.289901892303,0.0,7196.550528057851,7196.550528057851,518274.58210520237,5.998548403995398,14.995891197681933,0.0,0.0,7205.289901892303,17275.819403506746,180.22137936530353,0.0,1.0,0.0,0,0.0,71.92973345445678,,,,,,,,
balanced_medium,0,adaptive,60,7205.289901892303,0.0,7187.44758047995,7187.44758047995,548187.2029158686,6.344759293007739,19.721806114638845,11.47693722845225,0.0,7205.289901892303,17251.520198832488,177.84738971475193,0.38055555555555554,0.23333333333333334,0.3861111111111111,293,0.827683615819209,76.08121399416558,,,,,,,,
balanced_medium,0,qubo_exact,60,7205.289901892303,0.0,7196.550528057851,7196.550528057851,518274.58210520237,5.998548403995398,14.995891197681933,0.0,0.0,7205.289901892303,17275.819403506746,180.22137936530353,0.0,1.0,0.0,0,0.0,71.92973345445678,6598.672768876964,NS30/EW30/NS30/EW30/NS30/EW30/NS30/EW30/NS30/EW30/NS30/EW30,NS30/EW30,NS30/EW30,NS30/EW30,NS30/EW30,NS30/EW30,NS30/EW30
balanced_medium,0,qaoa_p1,60,7083.563887055177,121.72601483712671,6986.538662312993,6986.538662312993,757523.5564279467,8.767633754953087,40.0,90.0,230.39715559078255,7205.289901892303,16884.08152292476,178.50723027303476,0.16666666666666666,0.8333333333333334,0.0,0,0.0,106.94102128623126,6598.672768876964,NS20/EW40/NS30/EW30/NS30/EW30/NS30/EW30/NS30/EW30/NS30/EW30,NS20/EW40,NS30/EW30,NS30/EW30,NS30/EW30,NS30/EW30,NS30/EW30
balanced_medium,0,qaoa_p2,60,7205.289901892303,0.0,7196.550528057851,7196.550528057851,518274.58210520237,5.998548403995398,14.995891197681933,0.0,0.0,7205.289901892303,17275.819403506746,180.22137936530353,0.0,1.0,0.0,0,0.0,71.92973345445678,6598.672768876964,NS30/EW30/NS30/EW30/NS30/EW30/NS30/EW30/NS30/EW30/NS30/EW30,NS30/EW30,NS30/EW30,NS30/EW30,NS30/EW30,NS30/EW30,NS30/EW30
balanced_medium,0,qaoa_p2_warm,60,7083.563887055177,121.72601483712671,6986.538662312993,6986.538662312993,757523.5564279467,8.767633754953087,40.0,90.0,230.39715559078255,7205.289901892303,16884.08152292476,178.50723027303476,0.16666666666666666,0.8333333333333334,0.0,0,0.0,106.94102128623126,6598.672768876964,NS20/EW40/NS30/EW30/NS30/EW30/NS30/EW30/NS30/EW30/NS30/EW30,NS20/EW40,NS30/EW30,NS30/EW30,NS30/EW30,NS30/EW30,NS30/EW30
ns_heavy,0,fixed,60,6841.531057553657,1085.9191988688624,6837.875579699958,6837.875579699958,990031.7559522195,11.458700879076614,40.0,150.0,0.0,7927.450256422519,15115.10736468622,143.59795785711455,0.0,1.0,0.0,0,0.0,144.70909327512834,,,,,,,,
ns_heavy,0,adaptive,60,7894.94272130878,32.507535113738825,7952.8380077419915,7952.8380077419915,759176.9200134319,8.786769907562869,40.0,68.44923571308935,0.0,7927.450256422519,17385.03222077029,163.59795785711455,0.016666666666666666,0.2861111111111111,0.6972222222222222,200,0.5649717514124294,96.15990220731832,,,,,,,,
ns_heavy,0,qubo_exact,60,7900.000735872146,27.449520550372895,8023.220541961742,8023.220541961742,582909.6536482377,6.746639509817566,40.0,5.494818822980374,0.0,7927.450256422519,17503.427186443514,161.2278550908393,0.0,0.0,1.0,0,0.0,73.78602523432367,14748.055140836834,NS40/EW20/NS40/EW20/NS40/EW20/NS40/EW20/NS40/EW20/NS40/EW20,NS40/EW20,NS40/EW20,NS40/EW20,NS40/EW20,NS40/EW20,NS40/EW20
ns_heavy,0,qaoa_p1,60,7900.000735872146,27.449520550372895,8023.220541961742,8023.220541961742,582909.6536482377,6.746639509817566,40.0,5.494818822980374,0.0,7927.450256422519,17503.427186443514,161.2278550908393,0.0,0.0,1.0,0,0.0,73.78602523432367,14748.055140836834,NS40/EW20/NS40/EW20/NS40/EW20/NS40/EW20/NS40/EW20/NS40/EW20,NS40/EW20,NS40/EW20,NS40/EW20,NS40/EW20,NS40/EW20,NS40/EW20
ns_heavy,0,qaoa_p2,60,7591.105336593888,336.344919828631,7650.303107971058,7650.303107971058,805465.8298683963,9.322521179032364,40.0,77.40886475369243,275.0,7927.450256422519,16774.70030724386,153.33584387255303,0.0,0.16666666666666666,0.8333333333333334,0,0.0,106.10652785774766,15048.055140836834,NS40/EW20/NS40/EW20/NS40/EW20/NS40/EW20/NS30/EW30/NS40/EW20,NS40/EW20,NS40/EW20,NS40/EW20,NS40/EW20,NS30/EW30,NS40/EW20
ns_heavy,0,qaoa_p2_warm,60,7900.000735872146,27.449520550372895,8023.220541961742,8023.220541961742,582909.6536482377,6.746639509817566,40.0,5.494818822980374,0.0,7927.450256422519,17503.427186443514,161.2278550908393,0.0,0.0,1.0,0,0.0,73.78602523432367,14748.055140836834,NS40/EW20/NS40/EW20/NS40/EW20/NS40/EW20/NS40/EW20/NS40/EW20,NS40/EW20,NS40/EW20,NS40/EW20,NS40/EW20,NS40/EW20,NS40/EW20
ew_heavy,0,fixed,60,5763.873456880934,719.2560904811526,5760.399684328968,5760.399684328968,811150.4937067322,9.388315899383475,40.0,100.0,0.0,6483.129547362087,15122.80233706715,156.5127318255372,0.0,1.0,0.0,0,0.0,140.73010099456255,,,,,,,,
ew_heavy,0,adaptive,60,6456.274570745225,26.854976616861478,6400.399684328968,6400.399684328968,858564.9044630086,9.937093801655193,40.0,132.4011138642911,0.0,6483.129547362087,17146.906661661335,176.5127318255372,0.6555555555555556,0.2722222222222222,0.07222222222222222,242,0.6836158192090396,132.98147330247565,,,,,,,,
ew_heavy,0,qubo_exact,60,6474.077173234231,9.05237412785587,6526.342652725781,6526.342652725781,561578.3941737375,6.499749932566406,40.0,8.67124070979029,0.0,6483.129547362087,17471.810256750978,192.10223907223042,1.0,0.0,0.0,0,0.0,86.74261661499347,12902.920529642099,NS20/EW40/NS20/EW40/NS20/EW40/NS20/EW40/NS20/EW40/NS20/EW40,NS20/EW40,NS20/EW40,NS20/EW40,NS20/EW40,NS20/EW40,NS20/EW40
ew_heavy,0,qaoa_p1,60,6160.730629720928,322.3989176411583,6137.0274477551075,6137.0274477551075,836332.0850910099,9.679769503368169,40.0,104.63990216716122,520.0,6483.129547362087,16348.864641838958,172.10223907223042,0.8333333333333334,0.16666666666666666,0.0,0,0.0,135.752094249395,13052.920529642099,NS20/EW40/NS20/EW40/NS20/EW40/NS20/EW40/NS20/EW40/NS30/EW30,NS20/EW40,NS20/EW40,NS20/EW40,NS20/EW40,NS20/EW40,NS30/EW30
ew_heavy,0,qaoa_p2,60,6474.077173234231,9.05237412785587,6526.342652725781,6526.342652725781,561578.3941737375,6.499749932566406,40.0,8.67124070979029,0.0,6483.129547362087,17471.810256750978,192.10223907223042,1.0,0.0,0.0,0,0.0,86.74261661499347,12902.920529642099,NS20/EW40/NS20/EW40/NS20/EW40/NS20/EW40/NS20/EW40/NS20/EW40,NS20/EW40,NS20/EW40,NS20/EW40,NS20/EW40,NS20/EW40,NS20/EW40
ew_heavy,0,qaoa_p2_warm,60,6474.077173234231,9.05237412785587,6526.342652725781,6526.342652725781,561578.3941737375,6.499749932566406,40.0,8.67124070979029,0.0,6483.129547362087,17471.810256750978,192.10223907223042,1.0,0.0,0.0,0,0.0,86.74261661499347,12902.920529642099,NS20/EW40/NS20/EW40/NS20/EW40/NS20/EW40/NS20/EW40/NS20/EW40,NS20/EW40,NS20/EW40,NS20/EW40,NS20/EW40,NS20/EW40,NS20/EW40
time_varying,0,fixed,60,6593.670362728976,246.32295796631746,6627.100110906855,6627.100110906855,692184.1418764826,8.011390530977808,40.0,100.0,0.0,6839.993320695294,16482.610601428845,156.5127318255372,0.0,1.0,0.0,0,0.0,104.9770619091129,,,,,,,,
time_varying,0,adaptive,60,6835.2496015763445,4.74371911894896,6846.823559213288,6846.823559213288,675666.2003049868,7.820210651678088,40.0,111.85579054093489,0.0,6839.993320695294,17222.17088662945,166.5127318255372,0.44722222222222224,0.28055555555555556,0.2722222222222222,289,0.8163841807909604,98.85026000355053,,,,,,,,
time_varying,0,qubo_exact,60,5764.181876140371,1075.8114445549218,5817.61162431825,5817.61162431825,810684.3647596852,9.382920888422284,40.0,120.0,0.0,6839.993320695294,13994.145141663032,116.5127318255372,0.0,0.0,1.0,0,0.0,140.6417046129901,14748.055140836834,NS40/EW20/NS40/EW20/NS40/EW20/NS40/EW20/NS40/EW20/NS40/EW20,NS40/EW20,NS40/EW20,NS40/EW20,NS40/EW20,NS40/EW20,NS40/EW20
time_varying,0,qaoa_p1,60,5764.181876140371,1075.8114445549218,5817.61162431825,5817.61162431825,810684.3647596852,9.382920888422284,40.0,120.0,0.0,6839.993320695294,13994.145141663032,116.5127318255372,0.0,0.0,1.0,0,0.0,140.6417046129901,14748.055140836834,NS40/EW20/NS40/EW20/NS40/EW20/NS40/EW20/NS40/EW20/NS40/EW20,NS40/EW20,NS40/EW20,NS40/EW20,NS40/EW20,NS40/EW20,NS40/EW20
time_varying,0,qaoa_p2,60,5764.181876140371,1075.8114445549218,5817.61162431825,5817.61162431825,819581.9379966881,9.485902060146852,40.0,120.0,0.0,6839.993320695294,13994.145141663032,116.5127318255372,0.0,0.16666666666666666,0.8333333333333334,0,0.0,142.18530150639012,15048.055140836834,NS40/EW20/NS40/EW20/NS40/EW20/NS40/EW20/NS30/EW30/NS40/EW20,NS40/EW20,NS40/EW20,NS40/EW20,NS40/EW20,NS30/EW30,NS40/EW20
time_varying,0,qaoa_p2_warm,60,5764.181876140371,1075.8114445549218,5817.61162431825,5817.61162431825,810684.3647596852,9.382920888422284,40.0,120.0,0.0,6839.993320695294,13994.145141663032,116.5127318255372,0.0,0.0,1.0,0,0.0,140.6417046129901,14748.055140836834,NS40/EW20/NS40/EW20/NS40/EW20/NS40/EW20/NS40/EW20/NS40/EW20,NS40/EW20,NS40/EW20,NS40/EW20,NS40/EW20,NS40/EW20,NS40/EW20
downstream_congested,0,fixed,60,5803.767302161901,691.3241582331851,5668.773798209892,5668.773798209892,1095538.2996624596,12.679841431278469,40.0,181.18843907639493,0.0,6495.091460395087,15004.001410015157,157.80506487561365,0.0,1.0,0.0,0,0.0,188.7633053886175,,,,,,,,
downstream_congested,0,adaptive,60,6413.893515808418,81.19794458666877,6343.977309543186,6343.977309543186,837296.6596292509,9.690933560523737,40.0,86.11114138961814,0.0,6495.091460395087,16986.693334699223,187.80506487561365,0.6333333333333333,0.3277777777777778,0.03888888888888889,254,0.7175141242937854,130.54420962330502,,,,,,,,
downstream_congested,0,qubo_exact,60,5903.767302161901,591.3241582331851,5752.773798209892,5752.773798209892,1034642.3660067433,11.975027384337306,40.0,197.18843907639493,814.8478776910604,6495.091460395087,15276.001410015157,157.80506487561365,0.6666666666666666,0.3333333333333333,0.0,0,0.0,175.25121046486157,15480.0,NS30/EW30/NS20/EW40/NS20/EW40/NS30/EW30/NS20/EW40/NS20/EW40,NS30/EW30,NS20/EW40,NS20/EW40,NS30/EW30,NS20/EW40,NS20/EW40
downstream_congested,0,qaoa_p1,60,6472.636355892191,22.455104502895793,6500.908674444083,6500.908674444083,624269.1442819922,7.225337318078614,40.0,0.0,0.0,6495.091460395087,17405.710759044683,175.72768144810803,1.0,0.0,0.0,0,0.0,96.44743037567768,15480.0,NS20/EW40/NS20/EW40/NS20/EW40/NS20/EW40/NS20/EW40/NS20/EW40,NS20/EW40,NS20/EW40,NS20/EW40,NS20/EW40,NS20/EW40,NS20/EW40
downstream_congested,0,qaoa_p2,60,6472.636355892191,22.455104502895793,6500.908674444083,6500.908674444083,624269.1442819922,7.225337318078614,40.0,0.0,0.0,6495.091460395087,17405.710759044683,175.72768144810803,1.0,0.0,0.0,0,0.0,96.44743037567768,15480.0,NS20/EW40/NS20/EW40/NS20/EW40/NS20/EW40/NS20/EW40/NS20/EW40,NS20/EW40,NS20/EW40,NS20/EW40,NS20/EW40,NS20/EW40,NS20/EW40
downstream_congested,0,qaoa_p2_warm,60,6472.636355892191,22.455104502895793,6500.908674444083,6500.908674444083,624269.1442819922,7.225337318078614,40.0,0.0,0.0,6495.091460395087,17405.710759044683,175.72768144810803,1.0,0.0,0.0,0,0.0,96.44743037567768,15480.0,NS20/EW40/NS20/EW40/NS20/EW40/NS20/EW40/NS20/EW40/NS20/EW40,NS20/EW40,NS20/EW40,NS20/EW40,NS20/EW40,NS20/EW40,NS20/EW40
