scenario,seed,candidate,vehicles_entered_fixed,vehicles_entered_candidate,vehicles_entered_pct,vehicles_entered_verdict,vehicles_rejected_fixed,vehicles_rejected_candidate,vehicles_rejected_pct,vehicles_rejected_verdict,vehicles_exited_fixed,vehicles_exited_candidate,vehicles_exited_pct,vehicles_exited_verdict,throughput_per_hour_fixed,throughput_per_hour_candidate,throughput_per_hour_pct,throughput_per_hour_verdict,total_waiting_time_fixed,total_waiting_time_candidate,total_waiting_time_pct,total_waiting_time_verdict,average_queue_length_fixed,average_queue_length_candidate,average_queue_length_pct,average_queue_length_verdict,max_queue_length_fixed,max_queue_length_candidate,max_queue_length_pct,max_queue_length_verdict,final_queue_total_fixed,final_queue_total_candidate,final_queue_total_pct,final_queue_total_verdict,total_blocked_fixed,total_blocked_candidate,total_blocked_pct,total_blocked_verdict
low,0,adaptive,9613.382540176844,9613.382540176844,0.0,same,0.0,0.0,,same,9496.02126050233,9496.02126050233,0.0,same,4748.010630251165,4748.010630251165,0.0,same,687584.3342325444,687584.3342325444,0.0,same,3.9790760082901877,3.9790760082901877,0.0,same,9.999543697186333,9.999543697186333,0.0,same,0.0,0.0,,same,0.0,0.0,,same
low,0,adaptive_dwell2,9613.382540176844,9613.382540176844,0.0,same,0.0,0.0,,same,9496.02126050233,9496.02126050233,0.0,same,4748.010630251165,4748.010630251165,0.0,same,687584.3342325444,687584.3342325444,0.0,same,3.9790760082901877,3.9790760082901877,0.0,same,9.999543697186333,9.999543697186333,0.0,same,0.0,0.0,,same,0.0,0.0,,same
low,1,adaptive,9540.046786304092,9540.046786304092,0.0,same,0.0,0.0,,same,9432.364269953585,9432.364269953585,0.0,same,4716.182134976792,4716.182134976792,0.0,same,681368.1028356531,681368.1028356531,0.0,same,3.943102446965585,3.943102446965585,0.0,same,9.99234157252339,9.99234157252339,0.0,same,0.0,0.0,,same,0.0,0.0,,same
low,1,adaptive_dwell2,9540.046786304092,9540.046786304092,0.0,same,0.0,0.0,,same,9432.364269953585,9432.364269953585,0.0,same,4716.182134976792,4716.182134976792,0.0,same,681368.1028356531,681368.1028356531,0.0,same,3.943102446965585,3.943102446965585,0.0,same,9.99234157252339,9.99234157252339,0.0,same,0.0,0.0,,same,0.0,0.0,,same
low,2,adaptive,9552.042889605384,9552.042889605384,0.0,same,0.0,0.0,,same,9440.494237187824,9440.494237187824,0.0,same,4720.247118593912,4720.247118593912,0.0,same,683582.8798911057,683582.8798911057,0.0,same,3.955919443814269,3.955919443814269,0.0,same,9.99773301492282,9.99773301492282,0.0,same,0.0,0.0,,same,0.0,0.0,,same
low,2,adaptive_dwell2,9552.042889605384,9552.042889605384,0.0,same,0.0,0.0,,same,9440.494237187824,9440.494237187824,0.0,same,4720.247118593912,4720.247118593912,0.0,same,683582.8798911057,683582.8798911057,0.0,same,3.955919443814269,3.955919443814269,0.0,same,9.99773301492282,9.99773301492282,0.0,same,0.0,0.0,,same,0.0,0.0,,same
low,3,adaptive,9577.44809841183,9577.44809841183,0.0,same,0.0,0.0,,same,9463.229123188281,9463.229123188281,0.0,same,4731.6145615941405,4731.6145615941405,0.0,same,685437.0409325177,685437.0409325177,0.0,same,3.9666495424335517,3.9666495424335517,0.0,same,9.998246068107475,9.998246068107475,0.0,same,0.0,0.0,,same,0.0,0.0,,same
low,3,adaptive_dwell2,9577.44809841183,9577.44809841183,0.0,same,0.0,0.0,,same,9463.229123188281,9463.229123188281,0.0,same,4731.6145615941405,4731.6145615941405,0.0,same,685437.0409325177,685437.0409325177,0.0,same,3.9666495424335517,3.9666495424335517,0.0,same,9.998246068107475,9.998246068107475,0.0,same,0.0,0.0,,same,0.0,0.0,,same
low,4,adaptive,9640.02991107827,9640.02991107827,0.0,same,0.0,0.0,,same,9527.498496827167,9527.498496827167,0.0,same,4763.749248413584,4763.749248413584,0.0,same,689567.3496595629,689567.3496595629,0.0,same,3.9905517920113596,3.9905517920113596,0.0,same,9.998103228097689,9.998103228097689,0.0,same,0.0,0.0,,same,0.0,0.0,,same
low,4,adaptive_dwell2,9640.02991107827,9640.02991107827,0.0,same,0.0,0.0,,same,9527.498496827167,9527.498496827167,0.0,same,4763.749248413584,4763.749248413584,0.0,same,689567.3496595629,689567.3496595629,0.0,same,3.9905517920113596,3.9905517920113596,0.0,same,9.998103228097689,9.998103228097689,0.0,same,0.0,0.0,,same,0.0,0.0,,same
medium,0,adaptive,14420.073810265269,14420.073810265269,0.0,same,0.0,0.0,,same,14244.031890753495,14232.196654750798,-0.08308908666779512,worse,7122.015945376747,7116.098327375399,-0.08308908666779512,worse,1031376.5013488167,1097764.9493539368,6.436878086547296,worse,5.968614012435282,6.352806419872319,6.4368780865472885,worse,14.999315545779499,20.03814266404643,33.59371367905353,worse,0.0,13.896245508852036,,worse,0.0,0.0,,same
medium,0,adaptive_dwell2,14420.073810265269,14420.073810265269,0.0,same,0.0,0.0,,same,14244.031890753495,14180.288216703619,-0.44751145278785304,worse,7122.015945376747,7090.144108351809,-0.44751145278785304,worse,1031376.5013488167,1310730.8300940671,27.085582072106124,worse,5.968614012435282,7.585247859340666,27.085582072106117,worse,14.999315545779499,25.98482734537526,73.24008729642905,worse,0.0,80.66592693443397,,worse,0.0,0.0,,same
medium,1,adaptive,14310.070179456137,14310.070179456137,0.0,same,0.0,0.0,,same,14148.546404930377,14137.500056076222,-0.07807409000196722,worse,7074.273202465189,7068.750028038111,-0.07807409000196722,worse,1022052.1542534796,1089890.9205407759,6.637505337175933,worse,5.914653670448377,6.30723912349986,6.637505337175928,worse,14.988512358785085,19.859195273010943,32.49610633553668,worse,0.0,8.252128781301124,,worse,0.0,0.0,,same
medium,1,adaptive_dwell2,14310.070179456137,14310.070179456137,0.0,same,0.0,0.0,,same,14148.546404930377,14116.395888968595,-0.22723547028533736,worse,7074.273202465189,7058.197944484297,-0.22723547028533736,worse,1022052.1542534796,1245861.3275590343,21.89801884122322,worse,5.914653670448377,7.209845645596263,21.898018841223212,worse,14.988512358785085,27.18429008977263,81.36749958270102,worse,0.0,29.14374824640327,,worse,0.0,0.0,,same
medium,2,adaptive,14328.064334408075,14328.064334408075,0.0,same,0.0,0.0,,same,14160.741355781736,14149.720024924056,-0.07783018262091505,worse,7080.370677890868,7074.860012462028,-0.07783018262091505,worse,1025374.3198366584,1092479.6696623892,6.544473420830417,worse,5.933879165721403,6.322220310546234,6.544473420830416,worse,14.99659952238423,19.72219741050985,31.511129446859577,worse,0.0,4.801332752240908,,worse,0.0,0.0,,same
medium,2,adaptive_dwell2,14328.064334408075,14328.064334408075,0.0,same,0.0,0.0,,same,14160.741355781736,14125.456555428089,-0.2491733975441958,worse,7080.370677890868,7062.728277714044,-0.2491733975441958,worse,1025374.3198366584,1276309.1506854563,24.472509794157094,worse,5.933879165721403,7.38604832572602,24.472509794157087,worse,14.99659952238423,27.735394018242506,84.94455344255937,worse,0.0,18.731918678891493,,worse,0.0,0.0,,same
medium,3,adaptive,14366.172147617748,14366.172147617748,0.0,same,0.0,0.0,,same,14194.843684782421,14185.195592229375,-0.06796899470890296,worse,7097.421842391211,7092.597796114687,-0.06796899470890296,worse,1028155.5613987766,1094247.012998864,6.428156796639986,worse,5.949974313650327,6.332447991891574,6.428156796639992,worse,14.997369102161212,19.80899349847025,32.08312313668172,worse,0.0,7.7461021869925855,,worse,0.0,0.0,,same
medium,3,adaptive_dwell2,14366.172147617748,14366.172147617748,0.0,same,0.0,0.0,,same,14194.843684782421,14164.29956978898,-0.21517753679940935,worse,7097.421842391211,7082.14978489449,-0.21517753679940935,worse,1028155.5613987766,1284751.002902654,24.956869479438165,worse,5.949974313650327,7.434901637168137,24.95686947943818,worse,14.997369102161212,27.920026274455836,86.16616077304113,worse,0.0,16.122573650504002,,worse,0.0,0.0,,same
medium,4,adaptive,14460.044866617405,14460.044866617405,0.0,same,0.0,0.0,,same,14291.247745240751,14281.250176099693,-0.06995588712250522,worse,7145.623872620376,7140.625088049846,-0.06995588712250522,worse,1034351.0244893443,1109830.4502892327,7.297273750673981,worse,5.985827688017039,6.4226299206552815,7.297273750673973,worse,14.997154842146532,19.510061842532007,30.091754388658064,worse,0.0,6.731827192627545,,worse,0.0,0.0,,same
medium,4,adaptive_dwell2,14460.044866617405,14460.044866617405,0.0,same,0.0,0.0,,same,14291.247745240751,14273.231701214909,-0.12606347847998103,worse,7145.623872620376,7136.615850607454,-0.12606347847998103,worse,1034351.0244893443,1257733.310895643,21.596371165831417,worse,5.985827688017039,7.278549252868304,21.596371165831407,worse,14.997154842146532,26.89265717959154,79.3183938063709,worse,0.0,30.109706087436855,,worse,0.0,0.0,,same
high,0,adaptive,18226.967629376893,18209.681413160044,-0.09483868391245051,worse,999.7974509767978,1017.0836671936445,1.7289718232386109,worse,17776.28229187375,17727.059196696307,-0.27690320377025884,worse,8888.141145936876,8863.529598348154,-0.27690320377025884,worse,2794628.7338939304,3050678.8167474545,9.162221791685132,worse,16.172619987812098,17.654391300621842,9.162221791685127,worse,40.0,40.0,0.0,same,240.6853375031427,272.6222164637373,13.2691418978431,worse,0.0,0.0,,same
high,0,adaptive_dwell2,18226.967629376893,18184.71859267541,-0.23179410618686516,worse,999.7974509767978,1042.0464876782812,4.225759593626318,worse,17776.28229187375,17658.376251674657,-0.6632772717217326,worse,8888.141145936876,8829.188125837329,-0.6632772717217326,worse,2794628.7338939304,3319759.859655064,18.790729494484072,worse,16.172619987812098,19.21157326189273,18.790729494484065,worse,40.0,40.0,0.0,same,240.6853375031427,316.34234100075236,31.433989408109152,worse,0.0,0.0,,same
high,1,adaptive,18210.36410202482,18187.81295686687,-0.12383687130914599,worse,869.7294705833597,892.2806157413139,2.5928919187742774,worse,17770.32189614605,17716.651939421037,-0.3020201718273547,worse,8885.160948073026,8858.325969710519,-0.3020201718273547,worse,2787723.0181773705,3030420.709578994,8.705947105186254,worse,16.132656355193117,17.537156884137698,8.705947105186253,worse,40.0,40.0,0.0,same,230.04220587877282,261.16101744583005,13.527435736490967,worse,0.0,0.0,,same
high,1,adaptive_dwell2,18210.36410202482,18189.455866394754,-0.11481503342233007,worse,869.7294705833597,890.6377062134292,2.4039930044046423,worse,17770.32189614605,17659.148575135416,-0.6256123083214752,worse,8885.160948073026,8829.574287567708,-0.6256123083214752,worse,2787723.0181773705,3399390.562043554,21.941474812160333,worse,16.132656355193117,19.6723990859002,21.941474812160344,worse,40.0,40.0,0.0,same,230.04220587877282,320.307291259338,39.238488883267316,worse,0.0,0.0,,same
high,2,adaptive,18215.948877520175,18184.74044281438,-0.17132478201182605,worse,888.1369016905896,919.345336396389,3.513921631495482,worse,17774.499536522686,17710.890059989048,-0.35786929698321407,worse,8887.249768261343,8855.445029994524,-0.35786929698321407,worse,2790471.4373184256,3012725.5029581217,7.964749707428533,worse,16.148561558555702,17.434754068044686,7.964749707428548,worse,40.0,40.0,0.0,same,231.44934099749173,263.85038282533094,13.999193814161842,worse,0.0,0.0,,same
high,2,adaptive_dwell2,18215.948877520175,18198.465366514934,-0.09597913961438931,worse,888.1369016905896,905.6204126958306,1.9685603618046617,worse,17774.499536522686,17663.72167381654,-0.6232404039197903,worse,8887.249768261343,8831.86083690827,-0.6232404039197903,worse,2790471.4373184256,3367632.497878876,20.683281428427307,worse,16.148561558555702,19.48861399235461,20.68328142842733,worse,40.0,40.0,0.0,same,231.44934099749173,324.74369269839605,40.30875668032918,worse,0.0,0.0,,same
high,3,adaptive,18205.00334644835,18178.465439637188,-0.14577260056554098,worse,949.8928503753137,976.4307571864761,2.7937789826165003,worse,17758.26485250264,17716.692623293882,-0.23410073874926288,worse,8879.13242625132,8858.346311646941,-0.23410073874926288,worse,2808656.5982814184,2972757.2141286256,5.842672826133969,worse,16.253799758573024,17.203456100281397,5.842672826133957,worse,40.0,40.0,0.0,same,236.7384939457076,251.77281634330546,6.350603210750237,worse,0.0,0.0,,same
high,3,adaptive_dwell2,18205.00334644835,18153.67445896365,-0.281949343858332,worse,949.8928503753137,1001.2217378600135,5.4036502605971934,worse,17758.26485250264,17644.290925315625,-0.6418077899708458,worse,8879.13242625132,8822.145462657812,-0.6418077899708458,worse,2808656.5982814184,3308269.046602414,17.788306645486745,worse,16.253799758573024,19.145075501171377,17.788306645486742,worse,40.0,40.0,0.0,same,236.7384939457076,309.3835336480236,30.685774202388927,worse,0.0,0.0,,same
high,4,adaptive,18216.365098539554,18189.467453958983,-0.1476564859952632,worse,1063.694723616986,1090.5923681975564,2.528699633773464,worse,17771.602340639773,17716.39639257035,-0.31064136486544325,worse,8885.801170319886,8858.198196285175,-0.31064136486544325,worse,2819886.5171648944,3080941.6426054714,9.257646499301012,worse,16.31878771507462,17.82952339470759,9.25764649930101,worse,40.0,40.0,0.0,same,234.7627578997819,263.07106138863503,12.058259896971265,worse,0.0,0.0,,same
high,4,adaptive_dwell2,18216.365098539554,18177.165579585162,-0.21518847883398523,worse,1063.694723616986,1102.8942425713778,3.68522265684442,worse,17771.602340639773,17656.008717643614,-0.6504400716407073,worse,8885.801170319886,8828.004358821807,-0.6504400716407073,worse,2819886.5171648944,3419173.6286108852,21.25217124157579,worse,16.31878771507462,19.786884424831513,21.252171241575795,worse,40.0,40.0,0.0,same,234.7627578997819,311.1568619415474,32.540980828985425,worse,0.0,0.0,,same
ns_heavy,0,adaptive,13830.291266103697,15851.266037336289,14.612669627470149,better,2036.2299410812686,15.255169848677298,-99.25081300785821,better,13541.394968299906,15610.943486984193,15.283126469090167,better,6770.697484149953,7805.471743492097,15.283126469090167,better,1940289.960746093,1503702.6702376865,-22.501136394094782,better,11.22852986542878,8.701983045356982,-22.501136394094782,better,40.0,40.0,0.0,same,149.6277502818025,81.05400283010754,-45.82956525279977,better,0.0,0.0,,same
ns_heavy,0,adaptive_dwell2,13830.291266103697,15708.01479305965,13.576890687458024,better,2036.2299410812686,158.50641412531456,-92.21569180732384,better,13541.394968299906,15423.622769300606,13.899807260676994,better,6770.697484149953,7711.811384650303,13.899807260676994,better,1940289.960746093,1768231.039885115,-8.867691135958701,better,11.22852986542878,10.232818517853675,-8.867691135958713,better,40.0,40.0,0.0,same,149.6277502818025,125.12347623705794,-16.37682448516017,better,0.0,0.0,,same
ns_heavy,1,adaptive,13774.92940188359,15801.122559830494,14.709281614683567,better,2036.5128552851868,10.319697338282339,-99.49326628056873,better,13491.37880068798,15585.84917367834,15.524509421405869,better,6745.68940034399,7792.92458683917,15.524509421405869,better,1936146.8837592443,1502792.363021285,-22.3823163610683,better,11.20455372545859,8.696715063780585,-22.382316361068288,better,40.0,40.0,0.0,same,149.552427342211,57.652451298455325,-61.45000631348295,better,0.0,0.0,,same
ns_heavy,1,adaptive_dwell2,13774.92940188359,15663.4109930221,13.70955549783274,better,2036.5128552851868,148.03126414667685,-92.73114020554772,better,13491.37880068798,15384.986004551341,14.035683319237899,better,6745.68940034399,7692.493002275671,14.035683319237899,better,1936146.8837592443,1796607.7905269985,-7.207050994050371,better,11.20455372545859,10.397035824809018,-7.207050994050375,better,40.0,40.0,0.0,same,149.552427342211,129.42681461736058,-13.45722906843785,better,0.0,0.0,,same
ns_heavy,2,adaptive,13816.580778427515,15746.325274985626,13.966874493080898,better,1935.9931620666123,6.248665508501318,-99.67723721183854,better,13527.857908631893,15526.186479164206,14.771951213778001,better,6763.928954315947,7763.093239582103,14.771951213778001,better,1937137.5666309663,1444815.8383722056,-25.41490788984065,better,11.210286843929202,8.361202768357671,-25.41490788984065,better,40.0,40.0,0.0,same,148.68712785239245,60.10305387819213,-59.57750025418556,better,0.0,0.0,,same
ns_heavy,2,adaptive_dwell2,13816.580778427515,15572.764395875662,12.710696268574347,better,1935.9931620666123,179.8095446184658,-90.71228410607995,better,13527.857908631893,15305.712113620793,13.14217089650596,better,6763.928954315947,7652.856056810397,13.14217089650596,better,1937137.5666309663,1812337.0777981796,-6.442520705942292,better,11.210286843929202,10.48806179281354,-6.442520705942285,better,40.0,40.0,0.0,same,148.68712785239245,117.0165403116388,-21.300154221954088,better,0.0,0.0,,same
ns_heavy,3,adaptive,13827.495140577015,15778.389948646247,14.108808487983469,better,1964.3885120779557,13.493704008723427,-99.31308374459746,better,13538.807997452584,15555.346980279173,14.894509052835478,better,6769.403998726292,7777.673490139587,14.894509052835478,better,1932932.320848272,1493158.99498144,-22.751615311281896,better,11.185950930834908,8.640966406142592,-22.751615311281906,better,40.0,40.0,0.0,same,150.0,74.35582524264287,-50.42944983823809,better,0.0,0.0,,same
ns_heavy,3,adaptive_dwell2,13827.495140577015,15665.86440773547,13.295027396276051,better,1964.3885120779557,126.01924491950096,-93.58481053291254,better,13538.807997452584,15412.000026803264,13.835723423385076,better,6769.403998726292,7706.000013401632,13.835723423385076,better,1932932.320848272,1824011.194233491,-5.635020193929012,better,11.185950930834908,10.55562033699937,-5.635020193929017,better,40.0,40.0,0.0,same,150.0,95.17723780777587,-36.54850812814942,better,0.0,0.0,,same
ns_heavy,4,adaptive,13837.345984184163,15909.588006394808,14.975718787252845,better,2078.0293473736156,5.787325162970859,-99.72149935368886,better,13549.508770029035,15695.053755816125,15.834854401016726,better,6774.7543850145175,7847.5268779080625,15.834854401016726,better,1942208.6356291953,1488157.6828383324,-23.378073007268302,better,11.239633308039325,8.612023627536646,-23.37807300726831,better,40.0,40.0,0.0,same,150.0,68.05686468876578,-54.628756874156146,better,0.0,0.0,,same
ns_heavy,4,adaptive_dwell2,13837.345984184163,15780.68514933516,14.044161122893067,better,2078.0293473736156,134.69018222261894,-93.51836958448871,better,13549.508770029035,15473.866569282567,14.202417459665648,better,6774.7543850145175,7736.9332846412835,14.202417459665648,better,1942208.6356291953,1733951.602847785,-10.722691113663162,better,11.239633308039325,10.034442146109868,-10.722691113663162,better,40.0,40.0,0.0,same,150.0,158.9813658974648,5.987577264976532,worse,0.0,0.0,,same
ew_heavy,0,adaptive,11625.120853146405,12929.219468164834,11.217935980987821,better,1348.5055601991646,44.40694518073644,-96.706951273217,better,11368.138487512024,12645.778294458894,11.238777644645747,better,5684.069243756012,6322.889147229447,11.238777644645747,better,1593399.2238101743,1620933.2515202416,1.7280055932390452,worse,9.221060322975546,9.38040076111251,1.728005593239041,worse,40.0,40.0,0.0,same,98.22995340048337,99.68876147204097,1.4850949441155084,worse,0.0,0.0,,same
ew_heavy,0,adaptive_dwell2,11625.120853146405,12241.580701577404,5.302825288600339,better,1348.5055601991646,732.0457117681657,-45.71429785873128,better,11368.138487512024,11921.404885463035,4.866816133167076,better,5684.069243756012,5960.702442731517,4.866816133167076,better,1593399.2238101743,2016344.2406080274,26.54356864731595,worse,9.221060322975546,11.668658799814974,26.543568647315947,worse,40.0,40.0,0.0,same,98.22995340048337,161.42340388047072,64.33215968488527,worse,0.0,37.464923455267,,worse
ew_heavy,1,adaptive,11625.421114973908,12772.473657066615,9.86676121878517,better,1183.2769867695904,36.22444467688281,-96.9386335505622,better,11370.73186876037,12501.510784378574,9.944644976853906,better,5685.365934380185,6250.755392189287,9.944644976853906,better,1585755.3196087962,1613519.5288888603,1.7508507735552477,worse,9.176824766254608,9.337497273662386,1.7508507735552432,worse,40.0,40.0,0.0,same,97.92553280405569,99.19915927856044,1.3006071430351243,worse,0.0,0.0,,same
ew_heavy,1,adaptive_dwell2,11625.421114973908,11701.264898067258,0.6523960065038987,better,1183.2769867695904,1107.4332036762387,-6.409638989127077,better,11370.73186876037,11372.04241048984,0.011525570601753488,better,5685.365934380185,5686.02120524492,0.011525570601753488,better,1585755.3196087962,2036885.3670681329,28.44890645365326,worse,9.176824766254608,11.787531059422065,28.44890645365325,worse,40.0,40.0,0.0,same,97.92553280405569,172.45877416793815,76.11216322204741,worse,0.0,11.401180649735984,,worse
ew_heavy,2,adaptive,11593.00103970517,12823.78842346904,10.61664170949794,better,1310.553688616853,79.76630485298277,-93.91354161635549,better,11339.97238275432,12557.30446526705,10.73487695934809,better,5669.98619137716,6278.652232633525,10.73487695934809,better,1594290.397471707,1638599.5175713776,2.7792377204264516,worse,9.226217577961268,9.482636097056583,2.779237720426441,worse,40.0,40.0,0.0,same,99.40290958090864,87.85821083204905,-11.614045099417156,better,0.0,0.0,,same
ew_heavy,2,adaptive_dwell2,11593.00103970517,12106.012998604274,4.42518686181495,better,1310.553688616853,797.5417297177486,-39.14467322895659,better,11339.97238275432,11779.97238275432,3.8800799962189165,better,5669.98619137716,5889.98619137716,3.8800799962189165,better,1594290.397471707,2043299.001467556,28.163539384537827,worse,9.226217577961268,11.824646999233542,28.163539384537824,worse,40.0,40.0,0.0,same,99.40290958090864,162.41486848001298,63.390457245938045,worse,0.0,75.0,,worse
ew_heavy,3,adaptive,11602.60396751867,12909.569025949986,11.264411524259103,better,1337.8566750618554,30.891616630537385,-97.69096217805924,better,11345.626879225438,12621.201682690753,11.242876370286542,better,5672.813439612719,6310.6008413453765,11.242876370286542,better,1584818.9432344919,1662086.41275426,4.875476145058643,worse,9.171405921495902,9.61855562936493,4.875476145058646,worse,40.0,40.0,0.0,same,100.0,101.39025496600149,1.3902549660014927,worse,0.0,0.0,,same
ew_heavy,3,adaptive_dwell2,11602.60396751867,11810.159091258593,1.788866743370461,better,1337.8566750618554,1130.3015513219311,-15.514002927879252,better,11345.626879225438,11479.994187363098,1.1843092459147861,better,5672.813439612719,5739.997093681549,1.1843092459147861,better,1584818.9432344919,1995257.2031713924,25.898116733715216,worse,9.171405921495902,11.54662733316778,25.89811673371522,worse,40.0,40.0,0.0,same,100.0,173.18781560226387,73.18781560226387,worse,0.0,16.315547700108795,,worse
ew_heavy,4,adaptive,11639.998806349327,12958.536092093243,11.327641073508419,better,1364.7155953277033,46.17830958378596,-96.61626863927665,better,11384.395415169884,12695.43044287325,11.516070725691698,better,5692.197707584942,6347.715221436625,11.516070725691698,better,1592383.4314635145,1622796.8640572485,1.9099314896652675,worse,9.215181895043486,9.391185555886855,1.909931489665278,worse,40.0,40.0,0.0,same,99.04204464624566,96.54430268679623,-2.5219006416626,better,0.0,0.0,,same
ew_heavy,4,adaptive_dwell2,11639.998806349327,11969.862812575784,2.83388350561105,better,1364.7155953277033,1034.851589101246,-24.170897391060336,better,11384.395415169884,11659.395415169884,2.4155872136482386,better,5692.197707584942,5829.697707584942,2.4155872136482386,better,1592383.4314635145,2082342.0691032573,30.768885681599674,worse,9.215181895043486,12.050590677680887,30.768885681599684,worse,40.0,40.0,0.0,same,99.04204464624566,148.90605087270325,50.346301315325036,worse,0.0,115.0,,worse
time_varying,0,adaptive,13768.050254767695,14416.947567002459,4.713066122126179,better,655.406199989994,6.508887755229765,-99.00689255680993,better,13592.008335255921,14228.338724858782,4.681650966563211,better,6796.004167627961,7114.169362429391,4.681650966563211,better,1437987.9904897744,1342446.229688793,-6.644127867051254,better,8.321689759778787,7.768786051439774,-6.644127867051254,better,40.0,40.0,0.0,same,0.0,13.309745282763112,,worse,0.0,0.0,,same
time_varying,0,adaptive_dwell2,13768.050254767695,14267.845300903675,3.6301076542258204,better,655.406199989994,155.61115385401416,-76.25729603162286,better,13592.008335255921,14037.550629524876,3.2779724914770347,better,6796.004167627961,7018.775314762438,3.2779724914770347,better,1437987.9904897744,1566239.6253818416,8.91882517380309,worse,8.321689759778787,9.063886720959731,8.918825173803093,worse,40.0,40.0,0.0,same,0.0,51.522741544917515,,worse,0.0,0.0,,same
time_varying,1,adaptive,13670.63984589471,14308.965946168933,4.669321315387538,better,650.1653225762286,11.83922230200396,-98.1790443305878,better,13509.11607136895,14137.06629437955,4.648344271328534,better,6754.558035684475,7068.533147189775,4.648344271328534,better,1410355.553289432,1328276.9226247126,-5.819711949464376,better,8.161779822276806,7.686787746670791,-5.81971194946437,better,40.0,40.0,0.0,same,0.0,10.262299100549292,,worse,0.0,0.0,,same
time_varying,1,adaptive_dwell2,13670.63984589471,14157.328623941721,3.560102405837018,better,650.1653225762286,163.47654452921756,-74.85615752598821,better,13509.11607136895,13960.966207983536,3.3447794380287545,better,6754.558035684475,6980.483103991768,3.3447794380287545,better,1410355.553289432,1541877.8361283343,9.32546991658573,worse,8.161779822276806,8.922904144261194,9.325469916585735,worse,40.0,40.0,0.0,same,0.0,40.88313378097251,,worse,0.0,0.0,,same
time_varying,2,adaptive,13685.362702726363,14314.011786486153,4.593587305030304,better,648.0461103772221,19.39702661743098,-97.00684468175574,better,13518.039724100023,14135.667477002136,4.568915060968521,better,6759.019862050011,7067.833738501068,4.568915060968521,better,1410971.8304651026,1320416.0232552732,-6.417974140559501,better,8.165346241117492,7.641296430875424,-6.417974140559501,better,40.0,40.0,0.0,same,0.0,4.801332752240908,,worse,0.0,0.0,,same
time_varying,2,adaptive_dwell2,13685.362702726363,14123.953093026163,3.2048137840908293,better,648.0461103772221,209.4557200774227,-67.67888631327479,better,13518.039724100023,13929.808219507855,3.046066617734001,better,6759.019862050011,6964.9041097539275,3.046066617734001,better,1410971.8304651026,1609880.9733190245,14.097314954073534,worse,8.165346241117492,9.31644081781843,14.097314954073545,worse,40.0,40.0,0.0,same,0.0,25.743526204880347,,worse,0.0,0.0,,same
time_varying,3,adaptive,13710.564859021451,14375.67007893865,4.851041709485548,better,665.5377893556448,0.43256943844518503,-99.93500452635996,better,13539.236396186125,14194.693523550277,4.8411676122945035,better,6769.618198093062,7097.3467617751385,4.8411676122945035,better,1424415.2326240744,1332081.8743867227,-6.482193964414025,better,8.243143707315246,7.708807143441682,-6.482193964414037,better,40.0,40.0,0.0,same,0.0,7.7461021869925855,,worse,0.0,0.0,,same
time_varying,3,adaptive_dwell2,13710.564859021451,14154.743208153552,3.2396794275024647,better,665.5377893556448,221.35944022354315,-66.7397638775918,better,13539.236396186125,13944.372337324292,2.9923101221003146,better,6769.618198093062,6972.186168662146,2.9923101221003146,better,1424415.2326240744,1633419.2585308729,14.672970431646448,worse,8.243143707315246,9.452657746127736,14.672970431646432,worse,40.0,40.0,0.0,same,0.0,48.56159450629252,,worse,0.0,0.0,,same
time_varying,4,adaptive,13800.822133999021,14423.813914782744,4.514164263076408,better,639.876702166738,16.884921383014444,-97.36122266589187,better,13632.025012622367,14254.317249653732,4.564928808853875,better,6816.012506311184,7127.158624826866,4.564928808853875,better,1427974.8395305527,1335703.9894603353,-6.461657972948001,better,8.263743284320329,7.729768457525089,-6.461657972948006,better,40.0,40.0,0.0,same,0.0,9.141228304002327,,worse,0.0,0.0,,same
time_varying,4,adaptive_dwell2,13800.822133999021,14278.479352252087,3.461077996768995,better,639.876702166738,162.21948391367175,-74.64832156501912,better,13632.025012622367,14078.47498599654,3.2750084669063373,better,6816.012506311184,7039.23749299827,3.2750084669063373,better,1427974.8395305527,1552299.3302375553,8.706350228682902,worse,8.263743284320329,8.98321371665252,8.7063502286829,worse,40.0,40.0,0.0,same,0.0,19.591157667137914,,worse,0.0,0.0,,same
