scenario,seed,controller,cycles,vehicles_entered,vehicles_rejected,vehicles_exited,throughput_per_hour,total_waiting_time,average_queue_length,max_queue_length,final_queue_total,total_blocked,demand_generated,vehicles_served,in_transit_final,share_NS20/EW40,share_NS30/EW30,share_NS40/EW20,plan_switches,plan_switch_rate
low,0,fixed,120,9613.382540176844,0.0,9496.02126050233,4748.010630251165,687584.3342325444,3.9790760082901877,9.999543697186333,0.0,0.0,9613.382540176844,22919.477807751482,117.36127967451586,0.0,1.0,0.0,0,0.0
low,0,adaptive,120,9613.382540176844,0.0,9496.02126050233,4748.010630251165,687584.3342325444,3.9790760082901877,9.999543697186333,0.0,0.0,9613.382540176844,22919.477807751482,117.36127967451586,0.030555555555555555,0.9333333333333333,0.03611111111111111,87,0.12184873949579832
low,0,adaptive_dwell2,120,9613.382540176844,0.0,9496.02126050233,4748.010630251165,687584.3342325444,3.9790760082901877,9.999543697186333,0.0,0.0,9613.382540176844,22919.477807751482,117.36127967451586,0.04027777777777778,0.9027777777777778,0.05694444444444444,68,0.09523809523809523
low,1,fixed,120,9540.046786304092,0.0,9432.364269953585,4716.182134976792,681368.1028356531,3.943102446965585,9.99234157252339,0.0,0.0,9540.046786304092,22712.27009452177,107.68251635050682,0.0,1.0,0.0,0,0.0
low,1,adaptive,120,9540.046786304092,0.0,9432.364269953585,4716.182134976792,681368.1028356531,3.943102446965585,9.99234157252339,0.0,0.0,9540.046786304092,22712.27009452177,107.68251635050682,0.027777777777777776,0.9458333333333333,0.02638888888888889,75,0.10504201680672269
low,1,adaptive_dwell2,120,9540.046786304092,0.0,9432.364269953585,4716.182134976792,681368.1028356531,3.943102446965585,9.99234157252339,0.0,0.0,9540.046786304092,22712.27009452177,107.68251635050682,0.044444444444444446,0.9194444444444444,0.03611111111111111,54,0.07563025210084033
low,2,fixed,120,9552.042889605384,0.0,9440.494237187824,4720.247118593912,683582.8798911057,3.955919443814269,9.99773301492282,0.0,0.0,9552.042889605384,22786.095996370186,111.54865241755911,0.0,1.0,0.0,0,0.0
low,2,adaptive,120,9552.042889605384,0.0,9440.494237187824,4720.247118593912,683582.8798911057,3.955919443814269,9.99773301492282,0.0,0.0,9552.042889605384,22786.095996370186,111.54865241755911,0.02361111111111111,0.9444444444444444,0.03194444444444444,77,0.10784313725490197
low,2,adaptive_dwell2,120,9552.042889605384,0.0,9440.494237187824,4720.247118593912,683582.8798911057,3.955919443814269,9.99773301492282,0.0,0.0,9552.042889605384,22786.095996370186,111.54865241755911,0.03611111111111111,0.9166666666666666,0.04722222222222222,59,0.08263305322128851
low,3,fixed,120,9577.44809841183,0.0,9463.229123188281,4731.6145615941405,685437.0409325177,3.9666495424335517,9.998246068107475,0.0,0.0,9577.44809841183,22847.901364417256,114.21897522355029,0.0,1.0,0.0,0,0.0
low,3,adaptive,120,9577.44809841183,0.0,9463.229123188281,4731.6145615941405,685437.0409325177,3.9666495424335517,9.998246068107475,0.0,0.0,9577.44809841183,22847.901364417256,114.21897522355029,0.034722222222222224,0.9319444444444445,0.03333333333333333,92,0.12885154061624648
low,3,adaptive_dwell2,120,9577.44809841183,0.0,9463.229123188281,4731.6145615941405,685437.0409325177,3.9666495424335517,9.998246068107475,0.0,0.0,9577.44809841183,22847.901364417256,114.21897522355029,0.058333333333333334,0.8972222222222223,0.044444444444444446,69,0.09663865546218488
low,4,fixed,120,9640.02991107827,0.0,9527.498496827167,4763.749248413584,689567.3496595629,3.9905517920113596,9.998103228097689,0.0,0.0,9640.02991107827,22985.57832198543,112.53141425110252,0.0,1.0,0.0,0,0.0
low,4,adaptive,120,9640.02991107827,0.0,9527.498496827167,4763.749248413584,689567.3496595629,3.9905517920113596,9.998103228097689,0.0,0.0,9640.02991107827,22985.57832198543,112.53141425110252,0.022222222222222223,0.9472222222222222,0.030555555555555555,72,0.10084033613445378
low,4,adaptive_dwell2,120,9640.02991107827,0.0,9527.498496827167,4763.749248413584,689567.3496595629,3.9905517920113596,9.998103228097689,0.0,0.0,9640.02991107827,22985.57832198543,112.53141425110252,0.03333333333333333,0.9263888888888889,0.04027777777777778,51,0.07142857142857142
medium,0,fixed,120,14420.073810265269,0.0,14244.031890753495,7122.015945376747,1031376.5013488167,5.968614012435282,14.999315545779499,0.0,0.0,14420.073810265269,34379.216711627225,176.04191951177378,0.0,1.0,0.0,0,0.0
medium,0,adaptive,120,14420.073810265269,0.0,14232.196654750798,7116.098327375399,1097764.9493539368,6.352806419872319,20.03814266404643,13.896245508852036,0.0,14420.073810265269,34346.57908461688,173.98091000561834,0.4083333333333333,0.18472222222222223,0.40694444444444444,627,0.8781512605042017
medium,0,adaptive_dwell2,120,14420.073810265269,0.0,14180.288216703619,7090.144108351809,1310730.8300940671,7.585247859340666,25.98482734537526,80.66592693443397,0.0,14420.073810265269,34268.25440672874,159.1196666272147,0.48333333333333334,0.025,0.49166666666666664,352,0.49299719887955185
medium,1,fixed,120,14310.070179456137,0.0,14148.546404930377,7074.273202465189,1022052.1542534796,5.914653670448377,14.988512358785085,0.0,0.0,14310.070179456137,34068.405141782656,161.52377452576022,0.0,1.0,0.0,0,0.0
medium,1,adaptive,120,14310.070179456137,0.0,14137.500056076222,7068.750028038111,1089890.9205407759,6.30723912349986,19.859195273010943,8.252128781301124,0.0,14310.070179456137,34048.96933115275,164.31799459861463,0.3625,0.2722222222222222,0.36527777777777776,588,0.8235294117647058
medium,1,adaptive_dwell2,120,14310.070179456137,0.0,14116.395888968595,7058.197944484297,1245861.3275590343,7.209845645596263,27.18429008977263,29.14374824640327,0.0,14310.070179456137,34014.60859173856,164.5305422411402,0.425,0.14027777777777778,0.43472222222222223,338,0.4733893557422969
medium,2,fixed,120,14328.064334408075,0.0,14160.741355781736,7080.370677890868,1025374.3198366584,5.933879165721403,14.99659952238423,0.0,0.0,14328.064334408075,34179.143994555285,167.32297862633868,0.0,1.0,0.0,0,0.0
medium,2,adaptive,120,14328.064334408075,0.0,14149.720024924056,7074.860012462028,1092479.6696623892,6.322220310546234,19.72219741050985,4.801332752240908,0.0,14328.064334408075,34158.538392326314,173.54297673177712,0.3541666666666667,0.2875,0.35833333333333334,570,0.7983193277310925
medium,2,adaptive_dwell2,120,14328.064334408075,0.0,14125.456555428089,7062.728277714044,1276309.1506854563,7.38604832572602,27.735394018242506,18.731918678891493,0.0,14328.064334408075,34115.78067860479,183.87586030109426,0.4652777777777778,0.07222222222222222,0.4625,345,0.4831932773109244
medium,3,fixed,120,14366.172147617748,0.0,14194.843684782421,7097.421842391211,1028155.5613987766,5.949974313650327,14.997369102161212,0.0,0.0,14366.172147617748,34271.852046625885,171.32846283532544,0.0,1.0,0.0,0,0.0
medium,3,adaptive,120,14366.172147617748,0.0,14185.195592229375,7092.597796114687,1094247.012998864,6.332447991891574,19.80899349847025,7.7461021869925855,0.0,14366.172147617748,34251.46242776415,173.23045320138047,0.4083333333333333,0.1875,0.4041666666666667,630,0.8823529411764706
medium,3,adaptive_dwell2,120,14366.172147617748,0.0,14164.29956978898,7082.14978489449,1284751.002902654,7.434901637168137,27.920026274455836,16.122573650504002,0.0,14366.172147617748,34222.48925762406,185.75000417826308,0.44583333333333336,0.09305555555555556,0.46111111111111114,344,0.48179271708683474
medium,4,fixed,120,14460.044866617405,0.0,14291.247745240751,7145.623872620376,1034351.0244893443,5.985827688017039,14.997154842146532,0.0,0.0,14460.044866617405,34478.367482978145,168.79712137665376,0.0,1.0,0.0,0,0.0
medium,4,adaptive,120,14460.044866617405,0.0,14281.250176099693,7140.625088049846,1109830.4502892327,6.4226299206552815,19.510061842532007,6.731827192627545,0.0,14460.044866617405,34458.87936862119,172.06286332508412,0.43333333333333335,0.1111111111111111,0.45555555555555555,679,0.9509803921568627
medium,4,adaptive_dwell2,120,14460.044866617405,0.0,14273.231701214909,7136.615850607454,1257733.310895643,7.278549252868304,26.89265717959154,30.109706087436855,0.0,14460.044866617405,34431.879588957345,156.7034593150598,0.42777777777777776,0.1375,0.43472222222222223,336,0.47058823529411764
high,0,fixed,120,18226.967629376893,999.7974509767978,17776.28229187375,8888.141145936876,2794628.7338939304,16.172619987812098,40.0,240.6853375031427,0.0,19226.76508035369,42894.23165042066,210.0,0.0,1.0,0.0,0,0.0
high,0,adaptive,120,18209.681413160044,1017.0836671936445,17727.059196696307,8863.529598348154,3050678.8167474545,17.654391300621842,40.0,272.6222164637373,0.0,19226.76508035369,42808.91518989882,210.0,0.4847222222222222,0.020833333333333332,0.49444444444444446,707,0.9901960784313726
high,0,adaptive_dwell2,120,18184.71859267541,1042.0464876782812,17658.376251674657,8829.188125837329,3319759.859655064,19.21157326189273,40.0,316.34234100075236,0.0,19226.76508035369,42698.88472443354,210.0,0.4736111111111111,0.041666666666666664,0.4847222222222222,348,0.48739495798319327
high,1,fixed,120,18210.36410202482,869.7294705833597,17770.32189614605,8885.160948073026,2787723.0181773705,16.132656355193117,40.0,230.04220587877282,0.0,19080.093572608184,42878.74067235742,210.0,0.0,1.0,0.0,0,0.0
high,1,adaptive,120,18187.81295686687,892.2806157413139,17716.651939421037,8858.325969710519,3030420.709578994,17.537156884137698,40.0,261.16101744583005,0.0,19080.093572608184,42791.52334478,210.0,0.4875,0.019444444444444445,0.4930555555555556,712,0.9971988795518207
high,1,adaptive_dwell2,120,18189.455866394754,890.6377062134292,17659.148575135416,8829.574287567708,3399390.562043554,19.6723990859002,40.0,320.307291259338,0.0,19080.093572608184,42733.36361080859,210.0,0.475,0.043055555555555555,0.48194444444444445,346,0.484593837535014
high,2,fixed,120,18215.948877520175,888.1369016905896,17774.499536522686,8887.249768261343,2790471.4373184256,16.148561558555702,40.0,231.44934099749173,0.0,19104.085779210767,42892.8793670771,210.0,0.0,1.0,0.0,0,0.0
high,2,adaptive,120,18184.74044281438,919.345336396389,17710.890059989048,8855.445029994524,3012725.5029581217,17.434754068044686,40.0,263.85038282533094,0.0,19104.085779210767,42802.378285297345,210.0,0.4888888888888889,0.025,0.4861111111111111,707,0.9901960784313726
high,2,adaptive_dwell2,120,18198.465366514934,905.6204126958306,17663.72167381654,8831.86083690827,3367632.497878876,19.48861399235461,40.0,324.74369269839605,0.0,19104.085779210767,42758.16848616802,210.0,0.4736111111111111,0.05,0.47638888888888886,344,0.48179271708683474
high,3,fixed,120,18205.00334644835,949.8928503753137,17758.26485250264,8879.13242625132,2808656.5982814184,16.253799758573024,40.0,236.7384939457076,0.0,19154.89619682366,42852.964172769854,210.0,0.0,1.0,0.0,0,0.0
high,3,adaptive,120,18178.465439637188,976.4307571864761,17716.692623293882,8858.346311646941,2972757.2141286256,17.203456100281397,40.0,251.77281634330546,0.0,19154.89619682366,42776.997317432615,210.0,0.4888888888888889,0.015277777777777777,0.49583333333333335,712,0.9971988795518207
high,3,adaptive_dwell2,120,18153.67445896365,1001.2217378600135,17644.290925315625,8822.145462657812,3308269.046602414,19.145075501171377,40.0,309.3835336480236,0.0,19154.89619682366,42655.335860564606,200.0,0.4722222222222222,0.04861111111111111,0.4791666666666667,347,0.48599439775910364
high,4,fixed,120,18216.365098539554,1063.694723616986,17771.602340639773,8885.801170319886,2819886.5171648944,16.31878771507462,40.0,234.7627578997819,0.0,19280.05982215654,42881.40030632115,210.0,0.0,1.0,0.0,0,0.0
high,4,adaptive,120,18189.467453958983,1090.5923681975564,17716.39639257035,8858.198196285175,3080941.6426054714,17.82952339470759,40.0,263.07106138863503,0.0,19280.05982215654,42806.25949532819,210.0,0.49166666666666664,0.018055555555555554,0.49027777777777776,711,0.9957983193277311
high,4,adaptive_dwell2,120,18177.165579585162,1102.8942425713778,17656.008717643614,8828.004358821807,3419173.6286108852,19.786884424831513,40.0,311.1568619415474,0.0,19280.05982215654,42721.68507443337,210.0,0.4861111111111111,0.03194444444444444,0.48194444444444445,352,0.49299719887955185
ns_heavy,0,fixed,120,13830.291266103697,2036.2299410812686,13541.394968299906,6770.697484149953,1940289.960746093,11.22852986542878,40.0,149.6277502818025,0.0,15866.521207184966,30079.61398942603,139.26854752198773,0.0,1.0,0.0,0,0.0
ns_heavy,0,adaptive,120,15851.266037336289,15.255169848677298,15610.943486984193,7805.471743492097,1503702.6702376865,8.701983045356982,40.0,81.05400283010754,0.0,15866.521207184966,34254.70535335785,159.26854752198773,0.05138888888888889,0.2791666666666667,0.6694444444444444,438,0.6134453781512605
ns_heavy,0,adaptive_dwell2,120,15708.01479305965,158.50641412531456,15423.622769300606,7711.811384650303,1768231.039885115,10.232818517853675,40.0,125.12347623705794,0.0,15866.521207184966,33899.46043300055,159.26854752198773,0.05,0.3472222222222222,0.6027777777777777,273,0.38235294117647056
ns_heavy,1,fixed,120,13774.92940188359,2036.5128552851868,13491.37880068798,6745.68940034399,1936146.8837592443,11.20455372545859,40.0,149.552427342211,0.0,15811.442257168777,29921.650053927428,133.99817385339833,0.0,1.0,0.0,0,0.0
ns_heavy,1,adaptive,120,15801.122559830494,10.319697338282339,15585.84917367834,7792.92458683917,1502792.363021285,8.696715063780585,40.0,57.652451298455325,0.0,15811.442257168777,34152.039513804826,157.6209348536983,0.03333333333333333,0.2861111111111111,0.6805555555555556,435,0.6092436974789915
ns_heavy,1,adaptive_dwell2,120,15663.4109930221,148.03126414667685,15384.986004551341,7692.493002275671,1796607.7905269985,10.397035824809018,40.0,129.42681461736058,0.0,15811.442257168777,33768.86446165415,148.99817385339833,0.05,0.32916666666666666,0.6208333333333333,263,0.36834733893557425
ns_heavy,2,fixed,120,13816.580778427515,1935.9931620666123,13527.857908631893,6763.928954315947,1937137.5666309663,11.210286843929202,40.0,148.68712785239245,0.0,15752.573940494127,30040.92071138975,140.03574194322897,0.0,1.0,0.0,0,0.0
ns_heavy,2,adaptive,120,15746.325274985626,6.248665508501318,15526.186479164206,7763.093239582103,1444815.8383722056,8.361202768357671,40.0,60.10305387819213,0.0,15752.573940494127,34072.57785245437,160.03574194322897,0.04027777777777778,0.3138888888888889,0.6458333333333334,462,0.6470588235294118
ns_heavy,2,adaptive_dwell2,120,15572.764395875662,179.8095446184658,15305.712113620793,7652.856056810397,1812337.0777981796,10.48806179281354,40.0,117.0165403116388,0.0,15752.573940494127,33656.62912136755,150.03574194322897,0.07777777777777778,0.32083333333333336,0.6013888888888889,274,0.38375350140056025
ns_heavy,3,fixed,120,13827.495140577015,1964.3885120779557,13538.807997452584,6769.403998726292,1932932.320848272,11.185950930834908,40.0,150.0,0.0,15791.883652654971,30071.721245142457,138.68714312443092,0.0,1.0,0.0,0,0.0
ns_heavy,3,adaptive,120,15778.389948646247,13.493704008723427,15555.346980279173,7777.673490139587,1493158.99498144,8.640966406142592,40.0,74.35582524264287,0.0,15791.883652654971,34138.204440893765,148.68714312443092,0.05,0.30416666666666664,0.6458333333333334,483,0.6764705882352942
ns_heavy,3,adaptive_dwell2,120,15665.86440773547,126.01924491950096,15412.000026803264,7706.000013401632,1824011.194233491,10.55562033699937,40.0,95.17723780777587,0.0,15791.883652654971,33867.68177899245,158.68714312443092,0.07222222222222222,0.30833333333333335,0.6194444444444445,260,0.3641456582633053
ns_heavy,4,fixed,120,13837.345984184163,2078.0293473736156,13549.508770029035,6774.7543850145175,1942208.6356291953,11.239633308039325,40.0,150.0,0.0,15915.37533155778,30100.392189773193,137.83721415512838,0.0,1.0,0.0,0,0.0
ns_heavy,4,adaptive,120,15909.588006394808,5.787325162970859,15695.053755816125,7847.5268779080625,1488157.6828383324,8.612023627536646,40.0,68.05686468876578,0.0,15915.37533155778,34423.3211558818,146.477385889917,0.022222222222222223,0.31527777777777777,0.6625,464,0.6498599439775911
ns_heavy,4,adaptive_dwell2,120,15780.68514933516,134.69018222261894,15473.866569282567,7736.9332846412835,1733951.602847785,10.034442146109868,40.0,158.9813658974648,0.0,15915.37533155778,34004.10778828026,147.83721415512838,0.044444444444444446,0.34444444444444444,0.6111111111111112,269,0.37675070028011204
ew_heavy,0,fixed,120,11625.120853146405,1348.5055601991646,11368.138487512024,5684.069243756012,1593399.2238101743,9.221060322975546,40.0,98.22995340048337,0.0,12973.62641334557,30033.6781359777,158.75241223389918,0.0,1.0,0.0,0,0.0
ew_heavy,0,adaptive,120,12929.219468164834,44.40694518073644,12645.778294458894,6322.889147229447,1620933.2515202416,9.38040076111251,40.0,99.68876147204097,0.0,12973.62641334557,33956.59755681831,183.75241223389918,0.6361111111111111,0.2875,0.0763888888888889,498,0.6974789915966386
ew_heavy,0,adaptive_dwell2,120,12241.580701577404,732.0457117681657,11921.404885463035,5960.702442731517,2016344.2406080274,11.668658799814974,40.0,161.42340388047072,37.464923455267,12973.62641334557,31783.477329830737,158.75241223389918,0.5291666666666667,0.20833333333333334,0.2625,324,0.453781512605042
ew_heavy,1,fixed,120,11625.421114973908,1183.2769867695904,11370.73186876037,5685.365934380185,1585755.3196087962,9.176824766254608,40.0,97.92553280405569,0.0,12808.698101743497,30037.51944937972,156.7637134094818,0.0,1.0,0.0,0,0.0
ew_heavy,1,adaptive,120,12772.473657066615,36.22444467688281,12501.510784378574,6250.755392189287,1613519.5288888603,9.337497273662386,40.0,99.19915927856044,0.0,12808.698101743497,33524.47333509501,171.7637134094818,0.5972222222222222,0.3125,0.09027777777777778,551,0.7717086834733894
ew_heavy,1,adaptive_dwell2,120,11701.264898067258,1107.4332036762387,11372.04241048984,5686.02120524492,2036885.3670681329,11.787531059422065,40.0,172.45877416793815,11.401180649735984,12808.698101743497,30141.45107456813,156.7637134094818,0.4875,0.059722222222222225,0.4527777777777778,350,0.49019607843137253
ew_heavy,2,fixed,120,11593.00103970517,1310.553688616853,11339.97238275432,5669.98619137716,1594290.397471707,9.226217577961268,40.0,99.40290958090864,0.0,12903.554728322022,29972.897756357797,153.62574736994034,0.0,1.0,0.0,0,0.0
ew_heavy,2,adaptive,120,12823.78842346904,79.76630485298277,12557.30446526705,6278.652232633525,1638599.5175713776,9.482636097056583,40.0,87.85821083204905,0.0,12903.554728322022,33698.55271560216,178.62574736994034,0.6083333333333333,0.3277777777777778,0.06388888888888888,544,0.7619047619047619
ew_heavy,2,adaptive_dwell2,120,12106.012998604274,797.5417297177486,11779.97238275432,5889.98619137716,2043299.001467556,11.824646999233542,40.0,162.41486848001298,75.0,12903.554728322022,31410.215404520837,163.62574736994034,0.5083333333333333,0.21805555555555556,0.27361111111111114,337,0.47198879551820727
ew_heavy,3,fixed,120,11602.60396751867,1337.8566750618554,11345.626879225438,5672.813439612719,1584818.9432344919,9.171405921495902,40.0,100.0,0.0,12940.460642580525,29986.436024839724,156.97708829323182,0.0,1.0,0.0,0,0.0
ew_heavy,3,adaptive,120,12909.569025949986,30.891616630537385,12621.201682690753,6310.6008413453765,1662086.41275426,9.61855562936493,40.0,101.39025496600149,0.0,12940.460642580525,33898.16043523567,186.97708829323182,0.6375,0.28055555555555556,0.08194444444444444,493,0.6904761904761905
ew_heavy,3,adaptive_dwell2,120,11810.159091258593,1130.3015513219311,11479.994187363098,5739.997093681549,1995257.2031713924,11.54662733316778,40.0,173.18781560226387,16.315547700108795,12940.460642580525,30489.537949252706,156.97708829323182,0.4986111111111111,0.09305555555555556,0.4083333333333333,340,0.47619047619047616
ew_heavy,4,fixed,120,11639.998806349327,1364.7155953277033,11384.395415169884,5692.197707584942,1592383.4314635145,9.215181895043486,40.0,99.04204464624566,0.0,13004.71440167703,30063.632489451506,156.5613465331985,0.0,1.0,0.0,0,0.0
ew_heavy,4,adaptive,120,12958.536092093243,46.17830958378596,12695.43044287325,6347.715221436625,1622796.8640572485,9.391185555886855,40.0,96.54430268679623,0.0,13004.71440167703,34052.10621053103,166.5613465331985,0.6305555555555555,0.30833333333333335,0.06111111111111111,512,0.7170868347338936
ew_heavy,4,adaptive_dwell2,120,11969.862812575784,1034.851589101246,11659.395415169884,5829.697707584942,2082342.0691032573,12.050590677680887,40.0,148.90605087270325,115.0,13004.71440167703,30973.632489451506,161.5613465331985,0.5,0.17222222222222222,0.3277777777777778,342,0.4789915966386555
time_varying,0,fixed,120,13768.050254767695,655.406199989994,13592.008335255921,6796.004167627961,1437987.9904897744,8.321689759778787,40.0,0.0,0.0,14423.456454757688,32826.70182553062,176.04191951177378,0.0,1.0,0.0,0,0.0
time_varying,0,adaptive,120,14416.947567002459,6.508887755229765,14228.338724858782,7114.169362429391,1342446.229688793,7.768786051439774,40.0,13.309745282763112,0.0,14423.456454757688,34337.16488508579,175.29909686091315,0.38055555555555554,0.21388888888888888,0.40555555555555556,581,0.8137254901960784
time_varying,0,adaptive_dwell2,120,14267.845300903675,155.61115385401416,14037.550629524876,7018.775314762438,1566239.6253818416,9.063886720959731,40.0,51.522741544917515,0.0,14423.456454757688,33853.96296478586,178.77192983388153,0.37083333333333335,0.19583333333333333,0.43333333333333335,322,0.45098039215686275
time_varying,1,fixed,120,13670.63984589471,650.1653225762286,13509.11607136895,6754.558035684475,1410355.553289432,8.161779822276806,40.0,0.0,0.0,14320.805168470939,32558.906852634766,161.52377452576022,0.0,1.0,0.0,0,0.0
time_varying,1,adaptive,120,14308.965946168933,11.83922230200396,14137.06629437955,7068.533147189775,1328276.9226247126,7.686787746670791,40.0,10.262299100549292,0.0,14320.805168470939,34037.948125597344,161.6373526888348,0.35555555555555557,0.24722222222222223,0.3972222222222222,544,0.7619047619047619
time_varying,1,adaptive_dwell2,120,14157.328623941721,163.47654452921756,13960.966207983536,6980.483103991768,1541877.8361283343,8.922904144261194,40.0,40.88313378097251,0.0,14320.805168470939,33545.23325392552,155.47928217721207,0.3458333333333333,0.20555555555555555,0.4486111111111111,319,0.44677871148459386
time_varying,2,fixed,120,13685.362702726363,648.0461103772221,13518.039724100023,6759.019862050011,1410971.8304651026,8.165346241117492,40.0,0.0,0.0,14333.408813103584,32650.31675436745,167.32297862633868,0.0,1.0,0.0,0,0.0
time_varying,2,adaptive,120,14314.011786486153,19.39702661743098,14135.667477002136,7067.833738501068,1320416.0232552732,7.641296430875424,40.0,4.801332752240908,0.0,14333.408813103584,34098.687798089864,173.54297673177712,0.33055555555555555,0.2833333333333333,0.3861111111111111,516,0.7226890756302521
time_varying,2,adaptive_dwell2,120,14123.953093026163,209.4557200774227,13929.808219507855,6964.9041097539275,1609880.9733190245,9.31644081781843,40.0,25.743526204880347,0.0,14333.408813103584,33541.888777711036,168.40134731342576,0.35833333333333334,0.17083333333333334,0.4708333333333333,326,0.4565826330532213
time_varying,3,fixed,120,13710.564859021451,665.5377893556448,13539.236396186125,6769.618198093062,1424415.2326240744,8.243143707315246,40.0,0.0,0.0,14376.102648377095,32702.994152598778,171.32846283532544,0.0,1.0,0.0,0,0.0
time_varying,3,adaptive,120,14375.67007893865,0.43256943844518503,14194.693523550277,7097.3467617751385,1332081.8743867227,7.708807143441682,40.0,7.7461021869925855,0.0,14376.102648377095,34277.528694879176,173.23045320138047,0.37083333333333335,0.24305555555555555,0.3861111111111111,571,0.7997198879551821
time_varying,3,adaptive_dwell2,120,14154.743208153552,221.35944022354315,13944.372337324292,6972.186168662146,1633419.2585308729,9.452657746127736,40.0,48.56159450629252,0.0,14376.102648377095,33575.28174293735,161.80927632296874,0.3736111111111111,0.14166666666666666,0.4847222222222222,323,0.4523809523809524
time_varying,4,fixed,120,13800.822133999021,639.876702166738,13632.025012622367,6816.012506311184,1427974.8395305527,8.263743284320329,40.0,0.0,0.0,14440.698836165759,32889.53397526164,168.79712137665376,0.0,1.0,0.0,0,0.0
time_varying,4,adaptive,120,14423.813914782744,16.884921383014444,14254.317249653732,7127.158624826866,1335703.9894603353,7.729768457525089,40.0,9.141228304002327,0.0,14440.698836165759,34380.14797912466,160.35543682500992,0.36944444444444446,0.24583333333333332,0.38472222222222224,574,0.803921568627451
time_varying,4,adaptive_dwell2,120,14278.479352252087,162.21948391367175,14078.47498599654,7039.23749299827,1552299.3302375553,8.98321371665252,40.0,19.591157667137914,0.0,14440.698836165759,33928.552043409254,180.41320858841055,0.3736111111111111,0.19305555555555556,0.43333333333333335,336,0.47058823529411764
