scenario,base_controller,seed,A_completion_cycle,B_completion_cycle,A_emergency_travel_time_s,B_emergency_travel_time_s,diff_emergency_travel_time_s,A_emergency_delay_s,B_emergency_delay_s,diff_emergency_delay_s,A_signal_stops,B_signal_stops,diff_signal_stops,during_total_waiting_time_A,during_total_waiting_time_B,during_total_waiting_time_diff,during_total_waiting_time_pct,during_waiting_per_admitted_A,during_waiting_per_admitted_B,during_waiting_per_admitted_diff,during_waiting_per_admitted_pct,during_average_queue_length_A,during_average_queue_length_B,during_average_queue_length_diff,during_average_queue_length_pct,during_max_queue_length_A,during_max_queue_length_B,during_max_queue_length_diff,during_max_queue_length_pct,during_throughput_per_hour_A,during_throughput_per_hour_B,during_throughput_per_hour_diff,during_throughput_per_hour_pct,during_vehicles_entered_A,during_vehicles_entered_B,during_vehicles_entered_diff,during_vehicles_entered_pct,during_vehicles_rejected_A,during_vehicles_rejected_B,during_vehicles_rejected_diff,during_vehicles_rejected_pct,during_vehicles_exited_A,during_vehicles_exited_B,during_vehicles_exited_diff,during_vehicles_exited_pct,during_total_blocked_A,during_total_blocked_B,during_total_blocked_diff,during_total_blocked_pct,during_final_queue_total_A,during_final_queue_total_B,during_final_queue_total_diff,during_final_queue_total_pct,post_total_waiting_time_A,post_total_waiting_time_B,post_total_waiting_time_diff,post_total_waiting_time_pct,post_waiting_per_admitted_A,post_waiting_per_admitted_B,post_waiting_per_admitted_diff,post_waiting_per_admitted_pct,post_average_queue_length_A,post_average_queue_length_B,post_average_queue_length_diff,post_average_queue_length_pct,post_max_queue_length_A,post_max_queue_length_B,post_max_queue_length_diff,post_max_queue_length_pct,post_throughput_per_hour_A,post_throughput_per_hour_B,post_throughput_per_hour_diff,post_throughput_per_hour_pct,post_vehicles_entered_A,post_vehicles_entered_B,post_vehicles_entered_diff,post_vehicles_entered_pct,post_vehicles_rejected_A,post_vehicles_rejected_B,post_vehicles_rejected_diff,post_vehicles_rejected_pct,post_vehicles_exited_A,post_vehicles_exited_B,post_vehicles_exited_diff,post_vehicles_exited_pct,post_total_blocked_A,post_total_blocked_B,post_total_blocked_diff,post_total_blocked_pct,post_final_queue_total_A,post_final_queue_total_B,post_final_queue_total_diff,post_final_queue_total_pct,total_total_waiting_time_A,total_total_waiting_time_B,total_total_waiting_time_diff,total_total_waiting_time_pct,total_waiting_per_admitted_A,total_waiting_per_admitted_B,total_waiting_per_admitted_diff,total_waiting_per_admitted_pct,total_average_queue_length_A,total_average_queue_length_B,total_average_queue_length_diff,total_average_queue_length_pct,total_max_queue_length_A,total_max_queue_length_B,total_max_queue_length_diff,total_max_queue_length_pct,total_throughput_per_hour_A,total_throughput_per_hour_B,total_throughput_per_hour_diff,total_throughput_per_hour_pct,total_vehicles_entered_A,total_vehicles_entered_B,total_vehicles_entered_diff,total_vehicles_entered_pct,total_vehicles_rejected_A,total_vehicles_rejected_B,total_vehicles_rejected_diff,total_vehicles_rejected_pct,total_vehicles_exited_A,total_vehicles_exited_B,total_vehicles_exited_diff,total_vehicles_exited_pct,total_total_blocked_A,total_total_blocked_B,total_total_blocked_diff,total_total_blocked_pct,total_final_queue_total_A,total_final_queue_total_B,total_final_queue_total_diff,total_final_queue_total_pct
balanced_medium,fixed,0,43,42,207.65847191660305,142.0,-65.65847191660305,117.65847191660305,52.0,-65.65847191660305,3,3,0,35672.06934800325,36765.29382013618,1093.2244721329334,3.0646511181278773,72.38265137899371,74.60092711381066,2.2182757348169417,3.0646511181278875,6.193067595139453,6.38286351044031,0.1897959153008566,3.064651118127879,14.665035986465558,17.384754774427947,2.719718787962389,18.545599141198373,7391.531433677204,7355.760112060786,-35.77132161641839,-0.48395007093438763,492.82623209289756,492.82623209289756,0.0,0.0,0.0,0.0,0.0,,492.76876224514695,490.38400747071904,-2.384754774427904,-0.48395007093438996,0.0,0.0,0.0,,0.0,0.0,0.0,,395013.24993592047,395163.9430567287,150.6931208082242,0.03814887749529157,71.94989636854167,71.9773444463653,0.02744807782362102,0.03814887749528715,5.963364280433582,5.965639236967522,0.0022749565339408306,0.03814887749529573,14.995891197681933,14.995891197681933,0.0,0.0,7156.147616541276,7159.258166247052,3.110549705776066,0.04346681863557565,5490.115620355922,5490.115620355922,0.0,0.0,0.0,0.0,0.0,,5486.379839348312,5488.76459412274,2.3847547744280746,0.04346681863557122,0.0,0.0,0.0,,0.0,0.0,0.0,,518274.58210520237,519518.4996981435,1243.917592941143,0.24001130595454234,71.92973345445678,72.10237294709044,0.17263949263366385,0.24001130595454342,5.998548403995398,6.012945598358143,0.014397194362745225,0.24001130595455092,14.995891197681933,17.384754774427947,2.3888635767460134,15.93012075944699,7196.550528057851,7196.550528057851,0.0,0.0,7205.289901892303,7205.289901892303,0.0,0.0,0.0,0.0,0.0,,7196.550528057851,7196.550528057851,0.0,0.0,0.0,0.0,0.0,,0.0,0.0,0.0,
balanced_medium,fixed,1,43,42,207.61027321397296,142.0,-65.61027321397296,117.61027321397296,52.0,-65.61027321397296,3,3,0,34105.037632354135,35610.267163069126,1505.2295307149907,4.413510833622531,72.14558186665205,75.32973493831675,3.1841530716646957,4.413510833622524,5.921013477839259,6.1823380491439455,0.26132457130468634,4.413510833622539,14.872178256277362,20.496078049119966,5.623899792842604,37.81490307560579,7150.464281769324,7084.22096442923,-66.24331734009411,-0.9264198061793932,472.72524179500107,472.72524179500107,0.0,0.0,0.0,0.0,0.0,,476.69761878462157,472.2813976286153,-4.416221156006259,-0.9264198061793901,0.0,0.0,0.0,,0.0,3.6827748204528064,3.6827748204528064,,393196.3520648931,393347.3265809072,150.97451601410285,0.03839672347448077,71.76323345767337,71.79078818798045,0.027554730307087993,0.0383967234744795,5.93593526668015,5.938214471330121,0.0022792046499713337,0.03839672347448033,14.988512358785085,14.988512358785085,0.0,0.0,7136.6136046334805,7142.373893097836,5.760288464355654,0.08071459074953644,5479.077977956555,5479.077977956555,0.0,0.0,0.0,0.0,0.0,,5471.4037635523355,5475.8199847083415,4.416221156006031,0.08071459074953698,0.0,0.0,0.0,,0.0,0.0,0.0,,513624.5429217737,515280.74696850276,1656.204046729079,0.32245422644870053,71.85600795672849,72.08771069134227,0.23170273461377633,0.32245422644868765,5.944728506039048,5.963897534357671,0.01916902831862366,0.32245422644870153,14.988512358785085,20.496078049119966,5.50756569033488,36.74524568214923,7152.62587862233,7152.62587862233,0.0,0.0,7147.969356035993,7147.969356035993,0.0,0.0,0.0,0.0,0.0,,7152.62587862233,7152.62587862233,0.0,0.0,0.0,0.0,0.0,,0.0,0.0,0.0,
balanced_medium,fixed,2,43,42,209.14334248736486,140.825319354572,-68.31802313279286,119.14334248736486,50.825319354572,-68.31802313279286,3,3,0,35071.704662596094,36618.05810995671,1546.3534473606196,4.409119722685743,71.03709687381165,74.16920752249825,3.1321106486866057,4.409119722685741,6.088837615034044,6.357301755200818,0.268464140166774,4.409119722685739,14.770978374351081,16.07293449958121,1.3019561252301273,8.814284959558915,7263.853845079392,7251.2707203674645,-12.583124711927667,-0.17322932124318008,493.70971233377554,493.70971233377554,0.0,0.0,0.0,0.0,0.0,,484.2569230052928,483.41804802449764,-0.8388749807951399,-0.17322932124317222,0.0,0.0,0.0,,0.0,0.7770337179390836,0.7770337179390836,,392432.5636802207,392545.04947913595,112.48579891526606,0.0286637270516946,72.19772417066432,72.21841872925813,0.02069455859381719,0.028663727051698246,5.924404644930868,5.926102800107729,0.0016981551768608938,0.028663727051694485,14.97325629672579,15.471853346967787,0.4985970502419974,3.3299172896080456,7115.566458364904,7116.660643122462,1.0941847575577412,0.015377338739791288,5435.5254017781845,5435.5254017781845,0.0,0.0,0.0,0.0,0.0,,5455.26761807976,5456.106493060554,0.8388749807945715,0.015377338739796844,0.0,0.0,0.0,,0.0,0.0,0.0,,514351.10888329695,516009.9481295728,1658.8392462758347,0.32251106639535115,72.03794439094771,72.27027473361225,0.23233034266453956,0.32251106639535676,5.953137834297419,5.972337362610796,0.019199528313377456,0.32251106639534677,14.97325629672579,16.07293449958121,1.0996782028554186,7.344282239367571,7143.469411358988,7143.469411358988,0.0,0.0,7140.002581027705,7140.002581027705,0.0,0.0,0.0,0.0,0.0,,7143.469411358988,7143.469411358988,0.0,0.0,0.0,0.0,0.0,,0.0,0.0,0.0,
balanced_medium,fixed,3,43,42,204.17050978995167,140.47830151836342,-63.69220827158824,114.17050978995167,50.47830151836342,-63.69220827158824,4,3,-1,33649.884731947255,35158.01379518058,1508.1290632333257,4.481825347239616,72.18093561778778,75.41595908618051,3.2350234683927255,4.481825347239623,5.841993877074176,6.103821839441073,0.26182796236689665,4.481825347239613,14.971873887516715,22.334737402140124,7.36286351462341,49.177969103536434,7072.3124825482655,6962.291421516164,-110.0210610321019,-1.5556589348051484,466.18798224132195,466.18798224132195,0.0,0.0,0.0,0.0,0.0,,471.487498836551,464.1527614344109,-7.334737402140149,-1.5556589348051533,0.0,0.0,0.0,,0.0,5.623192315903214,5.623192315903214,,400024.29366470454,400513.4339714342,489.1403067296487,0.12227765025182198,72.1753387323964,72.26359304065967,0.08825430826327363,0.1222776502518305,6.039014095179718,6.04639845971368,0.007384364533962184,0.12227765025182359,14.971873887516715,15.0,0.028126112483285226,0.18785966736425883,7242.671063389345,7252.238112174745,9.567048785399493,0.13209282461769584,5542.39579183507,5542.39579183507,0.0,0.0,0.0,0.0,0.0,,5552.714481931832,5560.049219333971,7.334737402139581,0.13209282461769525,0.0,0.0,0.0,,0.0,0.0,0.0,,518867.1623206496,520864.43169061263,1997.2693699630327,0.38492884402824473,72.06180478558746,72.3391914577345,0.2773866721470455,0.3849288440282355,6.005406971303815,6.028523514937646,0.0231165436338312,0.38492884402824146,14.997369102161212,22.334737402140124,7.3373682999789125,48.92436966775428,7203.639257220267,7203.639257220267,0.0,0.0,7200.3076229423605,7200.3076229423605,0.0,0.0,0.0,0.0,0.0,,7203.639257220267,7203.639257220267,0.0,0.0,0.0,0.0,0.0,,0.0,0.0,0.0,
balanced_medium,fixed,4,43,42,207.87625853388727,142.0,-65.87625853388727,117.87625853388727,52.0,-65.87625853388727,4,3,-1,36058.87749050023,38182.207832448126,2123.330341947898,5.888509265179685,71.9006927299423,76.13457168307333,4.2338789531310255,5.88850926517968,6.260221786545179,6.628855526466689,0.36863373992150983,5.888509265179681,14.997154842146532,21.000854503037978,6.003699660891446,40.032257612085445,7557.529493522431,7395.682498160181,-161.8469953622498,-2.1415330962448653,501.5094586909853,501.5094586909853,0.0,0.0,0.0,0.0,0.0,,503.83529956816204,493.04549987734543,-10.789799690816608,-2.141533096244856,0.0,0.0,0.0,,0.0,5.739803419119951,5.739803419119951,,401359.57707374403,401774.0284375663,414.45136382227065,0.10326185981258426,72.00980332209076,72.08416198424854,0.07435866215777764,0.10326185981258793,6.059172359205073,6.065429173272438,0.006256814067365113,0.10326185981258287,14.994636134432824,15.065231060020789,0.07059492558796521,0.4708011915397871,7283.510094682445,7297.583746453076,14.073651770630931,0.19322622729535094,5573.679673564908,5573.679673564908,0.0,0.0,0.0,0.0,0.0,,5584.024405923208,5594.814205614025,10.789799690816835,0.1932262272953471,0.0,0.0,0.0,,0.0,0.0,0.0,,523752.6538869913,526290.4355927615,2537.781705770176,0.48453820461552183,71.9483326197158,72.29694977884218,0.3486171591263769,0.48453820461552477,6.061952012580918,6.091324486027332,0.029372473446414027,0.48453820461552105,14.997154842146532,21.000854503037978,6.003699660891446,40.032257612085445,7278.718285933929,7278.718285933929,0.0,0.0,7279.566250065799,7279.566250065799,0.0,0.0,0.0,0.0,0.0,,7278.718285933929,7278.718285933929,0.0,0.0,0.0,0.0,0.0,,0.0,0.0,0.0,
balanced_medium,adaptive,0,44,43,242.0,202.0,-40.0,152.0,112.0,-40.0,4,4,0,47585.634819614716,49880.45937598638,2294.8245563716628,4.822515376900552,78.2450952973132,82.01847704969661,3.7733817523834148,4.8225153769005455,6.609115947168711,6.927841579998108,0.3187256328293975,4.82251537690055,19.100836201100925,20.13502511177953,1.0341889106786049,5.414364584828997,7357.969166290882,7291.993204382356,-65.97596190852528,-0.8966599399570936,608.1612481753693,608.1612481753693,0.0,0.0,0.0,0.0,0.0,,613.1640971909068,607.6661003651964,-5.497996825710402,-0.8966599399570875,0.0,0.0,0.0,,3.1161301576027753,17.74440741375185,14.628277256149076,469.43729935217283,407653.15288100054,407990.97833368817,337.82545268762624,0.0828708058063866,75.84554289655625,75.90839670912285,0.06285381256660116,0.08287080580638183,6.290943717299391,6.296157073050743,0.005213355751352289,0.08287080580638712,19.721806114638845,19.721806114638845,0.0,0.0,7152.894679360096,7160.225341794377,7.330662434280384,0.10248525614997858,5374.780604273451,5374.780604273451,0.0,0.0,0.0,0.0,0.0,,5364.671009520072,5370.169006345783,5.497996825710288,0.10248525614997858,0.0,0.0,0.0,,11.47693722845225,11.47693722845225,0.0,0.0,548187.2029158686,550819.852924928,2632.650009059347,0.4802465280210828,76.08121399416558,76.44659138284885,0.36537738868327096,0.4802465280210836,6.344759293007739,6.375229779223703,0.0304704862159646,0.48024652802108175,19.721806114638845,20.13502511177953,0.4132189971406852,2.0952391212991714,7187.44758047995,7187.44758047995,0.0,0.0,7205.289901892303,7205.289901892303,0.0,0.0,0.0,0.0,0.0,,7187.44758047995,7187.44758047995,0.0,0.0,0.0,0.0,0.0,,11.47693722845225,11.47693722845225,0.0,0.0
balanced_medium,adaptive,1,44,42,242.0,142.0,-100.0,152.0,52.0,-100.0,4,3,-1,46352.14620048635,47208.550907925455,856.4047074391056,1.8476052947686803,77.02445178950907,78.44755963903859,1.423107849529515,1.8476052947686752,6.437798083400882,6.556743181656313,0.11894509825543143,1.847605294768682,18.15505037573719,18.15505037573719,0.0,0.0,7096.084454901791,7167.032206705076,70.94775180328452,0.9998154933778395,601.784824475695,601.784824475695,0.0,0.0,0.0,0.0,0.0,,591.3403712418159,597.2526838920896,5.912312650273748,0.9998154933778459,0.0,0.0,0.0,,20.347202852582605,8.118885296311534,-12.22831755627107,-60.0982731870635,409386.77285097213,409522.34228815284,135.56943718070397,0.033115246063422504,76.5206290154939,76.54596901008166,0.025339994587767478,0.033115246063432954,6.3176971118977185,6.319789232841865,0.0020921209441464583,0.03311524606341921,19.859195273010943,19.83116465253671,-0.028030620474233103,-0.1411468092683861,7144.013992660731,7136.130909127033,-7.883083533697572,-0.11034529806067164,5350.018395275861,5350.018395275861,0.0,0.0,0.0,0.0,0.0,,5358.010494495548,5352.098181845275,-5.912312650273634,-0.11034529806068012,0.0,0.0,0.0,,11.673604563894676,11.673604563894676,0.0,0.0,544881.5132598132,545873.487404433,991.9741446197731,0.1820531841290007,76.22885411500769,76.36763117114911,0.13877705614142144,0.1820531841289996,6.306498996062652,6.317980178292048,0.01148118222939587,0.18205318412900623,19.859195273010943,19.83116465253671,-0.028030620474233103,-0.1411468092683861,7140.644055287131,7140.644055287131,0.0,0.0,7147.969356035993,7147.969356035993,0.0,0.0,0.0,0.0,0.0,,7140.644055287131,7140.644055287131,0.0,0.0,0.0,0.0,0.0,,11.673604563894676,11.673604563894676,0.0,0.0
balanced_medium,adaptive,2,43,42,209.14334248736486,140.825319354572,-68.31802313279286,119.14334248736486,50.825319354572,-68.31802313279286,3,4,1,37368.17310170144,38466.68092858087,1098.5078268794314,2.93968833822763,75.68855173024923,77.91355925883676,2.2250075285875255,2.9396883382276324,6.487530052378722,6.6782432167675125,0.19071316438879027,2.9396883382276315,19.063842808171334,19.063842808171334,0.0,0.0,7217.774495656324,7228.932364910333,11.157869254008801,0.15458877609329078,493.70971233377554,493.70971233377554,0.0,0.0,0.0,0.0,0.0,,481.18496637708824,481.9288243273555,0.7438579502672837,0.15458877609329708,0.0,0.0,0.0,,11.675255939246808,15.129692053741001,3.454436114494193,29.587669276542172,418942.84229544114,418724.59503239114,-218.24726304999785,-0.05209475876331801,77.07494884641467,77.03479683774619,-0.04015200866848545,-0.05209475876331148,6.324620203735525,6.321325408097692,-0.003294795637832415,-0.05209475876332309,19.69432448072834,19.69432448072834,0.0,0.0,7121.577980496697,7120.6077309963475,-0.9702495003493823,-0.013624080267133604,5435.5254017781845,5435.5254017781845,0.0,0.0,0.0,0.0,0.0,,5459.876451714134,5459.132593763867,-0.7438579502677385,-0.013624080267131381,0.0,0.0,0.0,,6.709527051559615,6.709527051559615,0.0,0.0,546421.5111909786,547301.771754808,880.2605638294481,0.16109551798406233,76.52959575153665,76.6528815002237,0.12328574868705289,0.16109551798407012,6.324323046191882,6.33451124716213,0.010188200970247863,0.16109551798405633,19.69432448072834,19.69432448072834,0.0,0.0,7138.260570866075,7138.260570866075,0.0,0.0,7140.002581027705,7140.002581027705,0.0,0.0,0.0,0.0,0.0,,7138.260570866075,7138.260570866075,0.0,0.0,0.0,0.0,0.0,,6.709527051559615,6.709527051559615,0.0,0.0
balanced_medium,adaptive,3,45,42,302.0,140.47830151836342,-161.52169848163658,212.0,50.47830151836342,-161.52169848163658,4,4,0,53989.13041884873,54312.1489177426,323.01849889387086,0.5983028368634336,77.32372289861235,77.78635292628316,0.4626300276708122,0.598302836863426,6.24874194662601,6.286128346960949,0.03738640033493823,0.598302836863425,18.083620473897415,22.334737402140124,4.251116928242709,23.508107430030027,7081.106932802941,7125.800666675193,44.69373387225187,0.6311687465869208,698.2220771966687,698.2220771966687,0.0,0.0,0.0,0.0,0.0,,708.1106932802941,712.5800666675193,4.469373387225232,0.6311687465869272,0.0,0.0,0.0,,10.630551394799898,9.014524610637977,-1.616026784161921,-15.2017211915501,410526.1483697399,410561.0943269943,34.94595725444378,0.00851248023864481,77.30662651678848,77.31320722809389,0.006580711305403497,0.008512480238643424,6.4792637053304905,6.479815251373016,0.000551546042525608,0.008512480238639632,19.57323862701657,19.57323862701657,0.0,0.0,7243.226481319378,7237.1318812458885,-6.094600073489346,-0.0841420614032656,5310.361696879723,5310.361696879723,0.0,0.0,0.0,0.0,0.0,,5311.69941963421,5307.230046246985,-4.46937338722546,-0.08414206140326447,0.0,0.0,0.0,,7.913303986001697,7.913303986001697,0.0,0.0,553740.507987884,554098.4724440323,357.9644561483292,0.06464480221052593,76.9051180846078,76.95483324608338,0.04971516147557509,0.06464480221053759,6.409033657267176,6.413176764398522,0.0041431071313464685,0.06464480221052696,19.57323862701657,22.334737402140124,2.761498775123556,14.108542933267628,7195.377281517949,7195.377281517949,0.0,0.0,7200.3076229423605,7200.3076229423605,0.0,0.0,0.0,0.0,0.0,,7195.377281517949,7195.377281517949,0.0,0.0,0.0,0.0,0.0,,7.913303986001697,7.913303986001697,0.0,0.0
balanced_medium,adaptive,4,44,42,247.87625853388727,142.0,-105.87625853388727,157.87625853388727,52.0,-105.87625853388727,4,3,-1,48877.103041267,50296.48801045983,1419.3849691928262,2.9039875133238517,77.99581466323714,80.26080338197276,2.264988718735623,2.903987513323855,6.788486533509306,6.985623334786087,0.19713680127678135,2.9039875133238504,18.95396061677301,21.69096466997432,2.7370040532013107,14.440275088359325,7577.677388887695,7557.385812848003,-20.29157603969179,-0.2677809439268083,626.6631517640258,626.6631517640258,0.0,0.0,0.0,0.0,0.0,,631.4731157406412,629.7821510706669,-1.690964669974278,-0.2677809439268023,0.0,0.0,0.0,,7.995809383856026,7.995809383856026,0.0,0.0,420045.8445194366,420096.57345953584,50.72894009924494,0.012077000822917933,77.09348290223566,77.10279348280018,0.009310580564516613,0.012077000822914711,6.482188958633281,6.482971812647158,0.0007828540138765661,0.012077000822907587,19.617426400623483,19.617426400623483,0.0,0.0,7290.345507154757,7292.600126714722,2.254619559965249,0.03092610024795892,5448.525980491868,5448.525980491868,0.0,0.0,0.0,0.0,0.0,,5467.759130366067,5469.450095036042,1.6909646699741643,0.03092610024796308,0.0,0.0,0.0,,8.398807392238476,8.398807392238476,0.0,0.0,559850.4269709832,561320.5408802752,1470.1139092920348,0.26259047746840963,76.90711338274073,77.10906413897963,0.2019507562389009,0.26259047746839775,6.479750312164157,6.49676551944763,0.017015207283472833,0.26259047746841285,19.617426400623483,21.69096466997432,2.0735382693508377,10.569879182954072,7271.577793826186,7271.577793826186,0.0,0.0,7279.566250065799,7279.566250065799,0.0,0.0,0.0,0.0,0.0,,7271.577793826186,7271.577793826186,0.0,0.0,0.0,0.0,0.0,,8.398807392238476,8.398807392238476,0.0,0.0
balanced_medium,qubo_receding,0,43,42,207.65847191660305,142.0,-65.65847191660305,117.65847191660305,52.0,-65.65847191660305,3,3,0,35672.06934800325,36765.29382013618,1093.2244721329334,3.0646511181278773,72.38265137899371,74.60092711381066,2.2182757348169417,3.0646511181278875,6.193067595139453,6.38286351044031,0.1897959153008566,3.064651118127879,14.665035986465558,17.384754774427947,2.719718787962389,18.545599141198373,7391.531433677204,7355.760112060786,-35.77132161641839,-0.48395007093438763,492.82623209289756,492.82623209289756,0.0,0.0,0.0,0.0,0.0,,492.76876224514695,490.38400747071904,-2.384754774427904,-0.48395007093438996,0.0,0.0,0.0,,0.0,0.0,0.0,,395013.24993592047,395163.9430567287,150.6931208082242,0.03814887749529157,71.94989636854167,71.9773444463653,0.02744807782362102,0.03814887749528715,5.963364280433582,5.965639236967522,0.0022749565339408306,0.03814887749529573,14.995891197681933,14.995891197681933,0.0,0.0,7156.147616541276,7159.258166247052,3.110549705776066,0.04346681863557565,5490.115620355922,5490.115620355922,0.0,0.0,0.0,0.0,0.0,,5486.379839348312,5488.76459412274,2.3847547744280746,0.04346681863557122,0.0,0.0,0.0,,0.0,0.0,0.0,,518274.58210520237,519518.4996981435,1243.917592941143,0.24001130595454234,71.92973345445678,72.10237294709044,0.17263949263366385,0.24001130595454342,5.998548403995398,6.012945598358143,0.014397194362745225,0.24001130595455092,14.995891197681933,17.384754774427947,2.3888635767460134,15.93012075944699,7196.550528057851,7196.550528057851,0.0,0.0,7205.289901892303,7205.289901892303,0.0,0.0,0.0,0.0,0.0,,7196.550528057851,7196.550528057851,0.0,0.0,0.0,0.0,0.0,,0.0,0.0,0.0,
balanced_medium,qubo_receding,1,43,42,207.61027321397296,142.0,-65.61027321397296,117.61027321397296,52.0,-65.61027321397296,3,3,0,34105.037632354135,35319.1509392783,1214.1133069241623,3.5599236687907356,72.14558186665205,74.7139095115098,2.568327644857746,3.559923668790739,5.921013477839259,6.131797038069148,0.2107835602298893,3.559923668790736,14.872178256277362,20.496078049119966,5.623899792842604,37.81490307560579,7150.464281769324,7092.938173911172,-57.52610785815159,-0.8045087086837001,472.72524179500107,472.72524179500107,0.0,0.0,0.0,0.0,0.0,,476.69761878462157,472.8625449274115,-3.835073857210091,-0.804508708683697,0.0,0.0,0.0,,0.0,0.8772731724352099,0.8772731724352099,,393196.3520648931,393356.2103571164,159.85829222330358,0.040656097490172176,71.76323345767337,71.79240958783001,0.029176130156642444,0.0406560974901595,5.93593526668015,5.938348586309124,0.0024133196289746195,0.04065609749016588,14.988512358785085,15.0,0.011487641214914746,0.07664297122977382,7136.6136046334805,7141.615874882015,5.002270248534842,0.07009305148995448,5479.077977956555,5479.077977956555,0.0,0.0,0.0,0.0,0.0,,5471.4037635523355,5475.238837409545,3.8350738572098635,0.07009305148995115,0.0,0.0,0.0,,0.0,0.0,0.0,,513624.5429217737,514998.5145209211,1373.9715991474222,0.26750505171180683,71.85600795672849,72.04822640797117,0.192218451242681,0.26750505171179906,5.944728506039048,5.9606309551032535,0.015902449064205904,0.26750505171180056,14.988512358785085,20.496078049119966,5.50756569033488,36.74524568214923,7152.62587862233,7152.62587862233,0.0,0.0,7147.969356035993,7147.969356035993,0.0,0.0,0.0,0.0,0.0,,7152.62587862233,7152.62587862233,0.0,0.0,0.0,0.0,0.0,,0.0,0.0,0.0,
balanced_medium,qubo_receding,2,43,42,209.14334248736486,140.825319354572,-68.31802313279286,119.14334248736486,50.825319354572,-68.31802313279286,3,3,0,35071.704662596094,36604.38132872037,1532.6766661242727,4.370123097434924,71.03709687381165,74.14150545204132,3.104408578229666,4.370123097434925,6.088837615034044,6.354927314013953,0.26608969897990864,4.370123097434926,14.770978374351081,16.07293449958121,1.3019561252301273,8.814284959558915,7263.853845079392,7262.926226136551,-0.9276189428410362,-0.01277034151051118,493.70971233377554,493.70971233377554,0.0,0.0,0.0,0.0,0.0,,484.2569230052928,484.19508174243674,-0.06184126285603497,-0.012770341510504138,0.0,0.0,0.0,,0.0,0.32114101006068907,0.32114101006068907,,392432.5636802207,392503.06149708154,70.49781686085043,0.017964313715386933,72.19772417066432,72.2106939963297,0.01296982566537963,0.01796431371537551,5.924404644930868,5.925468923567053,0.0010642786361847456,0.01796431371539384,14.97325629672579,14.97325629672579,0.0,0.0,7115.566458364904,7115.647120881672,0.0806625167679158,0.0011336063999949114,5435.5254017781845,5435.5254017781845,0.0,0.0,0.0,0.0,0.0,,5455.26761807976,5455.329459342615,0.06184126285552338,0.0011336063999971343,0.0,0.0,0.0,,0.0,0.0,0.0,,514351.10888329695,515954.283366282,1603.1744829850504,0.3116887385478157,72.03794439094771,72.26247855109564,0.22453416014792538,0.31168873854782053,5.953137834297419,5.9716930945171525,0.01855526021973386,0.311688738547807,14.97325629672579,16.07293449958121,1.0996782028554186,7.344282239367571,7143.469411358988,7143.469411358988,0.0,0.0,7140.002581027705,7140.002581027705,0.0,0.0,0.0,0.0,0.0,,7143.469411358988,7143.469411358988,0.0,0.0,0.0,0.0,0.0,,0.0,0.0,0.0,
balanced_medium,qubo_receding,3,43,42,204.17050978995167,140.47830151836342,-63.69220827158824,114.17050978995167,50.47830151836342,-63.69220827158824,4,3,-1,33649.884731947255,35158.01379518058,1508.1290632333257,4.481825347239616,72.18093561778778,75.41595908618051,3.2350234683927255,4.481825347239623,5.841993877074176,6.103821839441073,0.26182796236689665,4.481825347239613,14.971873887516715,22.334737402140124,7.36286351462341,49.177969103536434,7072.3124825482655,6962.291421516164,-110.0210610321019,-1.5556589348051484,466.18798224132195,466.18798224132195,0.0,0.0,0.0,0.0,0.0,,471.487498836551,464.1527614344109,-7.334737402140149,-1.5556589348051533,0.0,0.0,0.0,,0.0,5.623192315903214,5.623192315903214,,400024.29366470454,400513.4339714342,489.1403067296487,0.12227765025182198,72.1753387323964,72.26359304065967,0.08825430826327363,0.1222776502518305,6.039014095179718,6.04639845971368,0.007384364533962184,0.12227765025182359,14.971873887516715,15.0,0.028126112483285226,0.18785966736425883,7242.671063389345,7252.238112174745,9.567048785399493,0.13209282461769584,5542.39579183507,5542.39579183507,0.0,0.0,0.0,0.0,0.0,,5552.714481931832,5560.049219333971,7.334737402139581,0.13209282461769525,0.0,0.0,0.0,,0.0,0.0,0.0,,518867.1623206496,520864.43169061263,1997.2693699630327,0.38492884402824473,72.06180478558746,72.3391914577345,0.2773866721470455,0.3849288440282355,6.005406971303815,6.028523514937646,0.0231165436338312,0.38492884402824146,14.997369102161212,22.334737402140124,7.3373682999789125,48.92436966775428,7203.639257220267,7203.639257220267,0.0,0.0,7200.3076229423605,7200.3076229423605,0.0,0.0,0.0,0.0,0.0,,7203.639257220267,7203.639257220267,0.0,0.0,0.0,0.0,0.0,,0.0,0.0,0.0,
balanced_medium,qubo_receding,4,43,42,207.87625853388727,142.0,-65.87625853388727,117.87625853388727,52.0,-65.87625853388727,4,3,-1,36058.87749050023,38182.207832448126,2123.330341947898,5.888509265179685,71.9006927299423,76.13457168307333,4.2338789531310255,5.88850926517968,6.260221786545179,6.628855526466689,0.36863373992150983,5.888509265179681,14.997154842146532,21.000854503037978,6.003699660891446,40.032257612085445,7557.529493522431,7395.682498160181,-161.8469953622498,-2.1415330962448653,501.5094586909853,501.5094586909853,0.0,0.0,0.0,0.0,0.0,,503.83529956816204,493.04549987734543,-10.789799690816608,-2.141533096244856,0.0,0.0,0.0,,0.0,5.739803419119951,5.739803419119951,,401359.57707374403,401774.0284375663,414.45136382227065,0.10326185981258426,72.00980332209076,72.08416198424854,0.07435866215777764,0.10326185981258793,6.059172359205073,6.065429173272438,0.006256814067365113,0.10326185981258287,14.994636134432824,15.065231060020789,0.07059492558796521,0.4708011915397871,7283.510094682445,7297.583746453076,14.073651770630931,0.19322622729535094,5573.679673564908,5573.679673564908,0.0,0.0,0.0,0.0,0.0,,5584.024405923208,5594.814205614025,10.789799690816835,0.1932262272953471,0.0,0.0,0.0,,0.0,0.0,0.0,,523752.6538869913,526290.4355927615,2537.781705770176,0.48453820461552183,71.9483326197158,72.29694977884218,0.3486171591263769,0.48453820461552477,6.061952012580918,6.091324486027332,0.029372473446414027,0.48453820461552105,14.997154842146532,21.000854503037978,6.003699660891446,40.032257612085445,7278.718285933929,7278.718285933929,0.0,0.0,7279.566250065799,7279.566250065799,0.0,0.0,0.0,0.0,0.0,,7278.718285933929,7278.718285933929,0.0,0.0,0.0,0.0,0.0,,0.0,0.0,0.0,
balanced_medium,qubo_exact_static,0,43,42,207.65847191660305,142.0,-65.65847191660305,117.65847191660305,52.0,-65.65847191660305,3,3,0,35672.06934800325,36765.29382013618,1093.2244721329334,3.0646511181278773,72.38265137899371,74.60092711381066,2.2182757348169417,3.0646511181278875,6.193067595139453,6.38286351044031,0.1897959153008566,3.064651118127879,14.665035986465558,17.384754774427947,2.719718787962389,18.545599141198373,7391.531433677204,7355.760112060786,-35.77132161641839,-0.48395007093438763,492.82623209289756,492.82623209289756,0.0,0.0,0.0,0.0,0.0,,492.76876224514695,490.38400747071904,-2.384754774427904,-0.48395007093438996,0.0,0.0,0.0,,0.0,0.0,0.0,,395013.24993592047,395163.9430567287,150.6931208082242,0.03814887749529157,71.94989636854167,71.9773444463653,0.02744807782362102,0.03814887749528715,5.963364280433582,5.965639236967522,0.0022749565339408306,0.03814887749529573,14.995891197681933,14.995891197681933,0.0,0.0,7156.147616541276,7159.258166247052,3.110549705776066,0.04346681863557565,5490.115620355922,5490.115620355922,0.0,0.0,0.0,0.0,0.0,,5486.379839348312,5488.76459412274,2.3847547744280746,0.04346681863557122,0.0,0.0,0.0,,0.0,0.0,0.0,,518274.58210520237,519518.4996981435,1243.917592941143,0.24001130595454234,71.92973345445678,72.10237294709044,0.17263949263366385,0.24001130595454342,5.998548403995398,6.012945598358143,0.014397194362745225,0.24001130595455092,14.995891197681933,17.384754774427947,2.3888635767460134,15.93012075944699,7196.550528057851,7196.550528057851,0.0,0.0,7205.289901892303,7205.289901892303,0.0,0.0,0.0,0.0,0.0,,7196.550528057851,7196.550528057851,0.0,0.0,0.0,0.0,0.0,,0.0,0.0,0.0,
balanced_medium,qubo_exact_static,1,43,42,207.61027321397296,142.0,-65.61027321397296,117.61027321397296,52.0,-65.61027321397296,3,3,0,34105.037632354135,35610.267163069126,1505.2295307149907,4.413510833622531,72.14558186665205,75.32973493831675,3.1841530716646957,4.413510833622524,5.921013477839259,6.1823380491439455,0.26132457130468634,4.413510833622539,14.872178256277362,20.496078049119966,5.623899792842604,37.81490307560579,7150.464281769324,7084.22096442923,-66.24331734009411,-0.9264198061793932,472.72524179500107,472.72524179500107,0.0,0.0,0.0,0.0,0.0,,476.69761878462157,472.2813976286153,-4.416221156006259,-0.9264198061793901,0.0,0.0,0.0,,0.0,3.6827748204528064,3.6827748204528064,,393196.3520648931,393347.3265809072,150.97451601410285,0.03839672347448077,71.76323345767337,71.79078818798045,0.027554730307087993,0.0383967234744795,5.93593526668015,5.938214471330121,0.0022792046499713337,0.03839672347448033,14.988512358785085,14.988512358785085,0.0,0.0,7136.6136046334805,7142.373893097836,5.760288464355654,0.08071459074953644,5479.077977956555,5479.077977956555,0.0,0.0,0.0,0.0,0.0,,5471.4037635523355,5475.8199847083415,4.416221156006031,0.08071459074953698,0.0,0.0,0.0,,0.0,0.0,0.0,,513624.5429217737,515280.74696850276,1656.204046729079,0.32245422644870053,71.85600795672849,72.08771069134227,0.23170273461377633,0.32245422644868765,5.944728506039048,5.963897534357671,0.01916902831862366,0.32245422644870153,14.988512358785085,20.496078049119966,5.50756569033488,36.74524568214923,7152.62587862233,7152.62587862233,0.0,0.0,7147.969356035993,7147.969356035993,0.0,0.0,0.0,0.0,0.0,,7152.62587862233,7152.62587862233,0.0,0.0,0.0,0.0,0.0,,0.0,0.0,0.0,
balanced_medium,qubo_exact_static,2,43,42,209.14334248736486,140.825319354572,-68.31802313279286,119.14334248736486,50.825319354572,-68.31802313279286,3,3,0,35071.704662596094,36618.05810995671,1546.3534473606196,4.409119722685743,71.03709687381165,74.16920752249825,3.1321106486866057,4.409119722685741,6.088837615034044,6.357301755200818,0.268464140166774,4.409119722685739,14.770978374351081,16.07293449958121,1.3019561252301273,8.814284959558915,7263.853845079392,7251.2707203674645,-12.583124711927667,-0.17322932124318008,493.70971233377554,493.70971233377554,0.0,0.0,0.0,0.0,0.0,,484.2569230052928,483.41804802449764,-0.8388749807951399,-0.17322932124317222,0.0,0.0,0.0,,0.0,0.7770337179390836,0.7770337179390836,,392432.5636802207,392545.04947913595,112.48579891526606,0.0286637270516946,72.19772417066432,72.21841872925813,0.02069455859381719,0.028663727051698246,5.924404644930868,5.926102800107729,0.0016981551768608938,0.028663727051694485,14.97325629672579,15.471853346967787,0.4985970502419974,3.3299172896080456,7115.566458364904,7116.660643122462,1.0941847575577412,0.015377338739791288,5435.5254017781845,5435.5254017781845,0.0,0.0,0.0,0.0,0.0,,5455.26761807976,5456.106493060554,0.8388749807945715,0.015377338739796844,0.0,0.0,0.0,,0.0,0.0,0.0,,514351.10888329695,516009.9481295728,1658.8392462758347,0.32251106639535115,72.03794439094771,72.27027473361225,0.23233034266453956,0.32251106639535676,5.953137834297419,5.972337362610796,0.019199528313377456,0.32251106639534677,14.97325629672579,16.07293449958121,1.0996782028554186,7.344282239367571,7143.469411358988,7143.469411358988,0.0,0.0,7140.002581027705,7140.002581027705,0.0,0.0,0.0,0.0,0.0,,7143.469411358988,7143.469411358988,0.0,0.0,0.0,0.0,0.0,,0.0,0.0,0.0,
balanced_medium,qubo_exact_static,3,43,42,204.17050978995167,140.47830151836342,-63.69220827158824,114.17050978995167,50.47830151836342,-63.69220827158824,4,3,-1,33649.884731947255,35158.01379518058,1508.1290632333257,4.481825347239616,72.18093561778778,75.41595908618051,3.2350234683927255,4.481825347239623,5.841993877074176,6.103821839441073,0.26182796236689665,4.481825347239613,14.971873887516715,22.334737402140124,7.36286351462341,49.177969103536434,7072.3124825482655,6962.291421516164,-110.0210610321019,-1.5556589348051484,466.18798224132195,466.18798224132195,0.0,0.0,0.0,0.0,0.0,,471.487498836551,464.1527614344109,-7.334737402140149,-1.5556589348051533,0.0,0.0,0.0,,0.0,5.623192315903214,5.623192315903214,,400024.29366470454,400513.4339714342,489.1403067296487,0.12227765025182198,72.1753387323964,72.26359304065967,0.08825430826327363,0.1222776502518305,6.039014095179718,6.04639845971368,0.007384364533962184,0.12227765025182359,14.971873887516715,15.0,0.028126112483285226,0.18785966736425883,7242.671063389345,7252.238112174745,9.567048785399493,0.13209282461769584,5542.39579183507,5542.39579183507,0.0,0.0,0.0,0.0,0.0,,5552.714481931832,5560.049219333971,7.334737402139581,0.13209282461769525,0.0,0.0,0.0,,0.0,0.0,0.0,,518867.1623206496,520864.43169061263,1997.2693699630327,0.38492884402824473,72.06180478558746,72.3391914577345,0.2773866721470455,0.3849288440282355,6.005406971303815,6.028523514937646,0.0231165436338312,0.38492884402824146,14.997369102161212,22.334737402140124,7.3373682999789125,48.92436966775428,7203.639257220267,7203.639257220267,0.0,0.0,7200.3076229423605,7200.3076229423605,0.0,0.0,0.0,0.0,0.0,,7203.639257220267,7203.639257220267,0.0,0.0,0.0,0.0,0.0,,0.0,0.0,0.0,
balanced_medium,qubo_exact_static,4,43,42,207.87625853388727,142.0,-65.87625853388727,117.87625853388727,52.0,-65.87625853388727,4,3,-1,36058.87749050023,38182.207832448126,2123.330341947898,5.888509265179685,71.9006927299423,76.13457168307333,4.2338789531310255,5.88850926517968,6.260221786545179,6.628855526466689,0.36863373992150983,5.888509265179681,14.997154842146532,21.000854503037978,6.003699660891446,40.032257612085445,7557.529493522431,7395.682498160181,-161.8469953622498,-2.1415330962448653,501.5094586909853,501.5094586909853,0.0,0.0,0.0,0.0,0.0,,503.83529956816204,493.04549987734543,-10.789799690816608,-2.141533096244856,0.0,0.0,0.0,,0.0,5.739803419119951,5.739803419119951,,401359.57707374403,401774.0284375663,414.45136382227065,0.10326185981258426,72.00980332209076,72.08416198424854,0.07435866215777764,0.10326185981258793,6.059172359205073,6.065429173272438,0.006256814067365113,0.10326185981258287,14.994636134432824,15.065231060020789,0.07059492558796521,0.4708011915397871,7283.510094682445,7297.583746453076,14.073651770630931,0.19322622729535094,5573.679673564908,5573.679673564908,0.0,0.0,0.0,0.0,0.0,,5584.024405923208,5594.814205614025,10.789799690816835,0.1932262272953471,0.0,0.0,0.0,,0.0,0.0,0.0,,523752.6538869913,526290.4355927615,2537.781705770176,0.48453820461552183,71.9483326197158,72.29694977884218,0.3486171591263769,0.48453820461552477,6.061952012580918,6.091324486027332,0.029372473446414027,0.48453820461552105,14.997154842146532,21.000854503037978,6.003699660891446,40.032257612085445,7278.718285933929,7278.718285933929,0.0,0.0,7279.566250065799,7279.566250065799,0.0,0.0,0.0,0.0,0.0,,7278.718285933929,7278.718285933929,0.0,0.0,0.0,0.0,0.0,,0.0,0.0,0.0,
balanced_medium,qaoa_p1_static,0,43,42,207.65847191660305,142.0,-65.65847191660305,117.65847191660305,52.0,-65.65847191660305,3,3,0,46333.5552395156,47185.98990766115,852.43466814555,1.8397782422242241,94.01600852850248,95.74569459761753,1.729686069115047,1.8397782422242108,8.044020006860347,8.192012136746728,0.1479921298863811,1.8397782422242352,38.370940067306265,38.370940067306265,0.0,0.0,7154.614904937521,7118.843583321102,-35.77132161641839,-0.49997549961399035,492.82623209289756,492.82623209289756,0.0,0.0,0.0,0.0,0.0,,476.9743269958347,474.5895722214068,-2.384754774427904,-0.4999754996139928,1.2023341259973588,1.2023341259973588,0.0,0.0,57.539088520152205,57.539088520152205,0.0,0.0,612881.0214697683,613031.7145905765,150.6931208082242,0.024587663107407457,114.16478059634794,114.19285104798828,0.02807045164034605,0.024587663107411964,9.252430879676453,9.254705836210393,0.0022749565339399425,0.02458766310740054,40.0,40.0,0.0,0.0,6950.070541316873,6953.181091022649,3.110549705776066,0.044755656612180096,5368.389605518796,5368.389605518796,0.0,0.0,121.72601483712671,121.72601483712671,0.0,0.0,5328.387415009603,5330.772169784031,2.3847547744280746,0.044755656612175544,229.19482146478518,229.19482146478518,0.0,0.0,90.0,90.0,0.0,0.0,757523.5564279467,758526.6842169005,1003.1277889538324,0.13242199274752808,106.94102128623126,107.08263471768305,0.14161343145178762,0.13242199274752994,8.767633754953087,8.7792440302882,0.01161027533511394,0.13242199274752967,40.0,40.0,0.0,0.0,6986.538662312993,6986.538662312993,0.0,0.0,7083.563887055177,7083.563887055177,0.0,0.0,121.72601483712671,121.72601483712671,0.0,0.0,6986.538662312993,6986.538662312993,0.0,0.0,230.39715559078255,230.39715559078255,0.0,0.0,90.0,90.0,0.0,0.0
balanced_medium,qaoa_p1_static,1,43,42,207.61027321397296,142.0,-65.61027321397296,117.61027321397296,52.0,-65.61027321397296,3,3,0,34105.037632354135,35610.267163069126,1505.2295307149907,4.413510833622531,72.14558186665205,75.32973493831675,3.1841530716646957,4.413510833622524,5.921013477839259,6.1823380491439455,0.26132457130468634,4.413510833622539,14.872178256277362,20.496078049119966,5.623899792842604,37.81490307560579,7150.464281769324,7084.22096442923,-66.24331734009411,-0.9264198061793932,472.72524179500107,472.72524179500107,0.0,0.0,0.0,0.0,0.0,,476.69761878462157,472.2813976286153,-4.416221156006259,-0.9264198061793901,0.0,0.0,0.0,,0.0,3.6827748204528064,3.6827748204528064,,393196.3520648931,393347.3265809072,150.97451601410285,0.03839672347448077,71.76323345767337,71.79078818798045,0.027554730307087993,0.0383967234744795,5.93593526668015,5.938214471330121,0.0022792046499713337,0.03839672347448033,14.988512358785085,14.988512358785085,0.0,0.0,7136.6136046334805,7142.373893097836,5.760288464355654,0.08071459074953644,5479.077977956555,5479.077977956555,0.0,0.0,0.0,0.0,0.0,,5471.4037635523355,5475.8199847083415,4.416221156006031,0.08071459074953698,0.0,0.0,0.0,,0.0,0.0,0.0,,513624.5429217737,515280.74696850276,1656.204046729079,0.32245422644870053,71.85600795672849,72.08771069134227,0.23170273461377633,0.32245422644868765,5.944728506039048,5.963897534357671,0.01916902831862366,0.32245422644870153,14.988512358785085,20.496078049119966,5.50756569033488,36.74524568214923,7152.62587862233,7152.62587862233,0.0,0.0,7147.969356035993,7147.969356035993,0.0,0.0,0.0,0.0,0.0,,7152.62587862233,7152.62587862233,0.0,0.0,0.0,0.0,0.0,,0.0,0.0,0.0,
balanced_medium,qaoa_p1_static,2,43,42,209.14334248736486,140.825319354572,-68.31802313279286,119.14334248736486,50.825319354572,-68.31802313279286,3,3,0,46224.967473726254,46909.54552475529,684.5780510290351,1.4809703250048611,93.62782687668818,95.01442720867885,1.3866003319906781,1.4809703250048618,8.025167964188586,8.144018320270016,0.11885035608142935,1.4809703250048567,38.71132376029472,38.71132376029472,0.0,0.0,6991.101721977208,6979.446216208122,-11.65550576908663,-0.16671915575833227,493.70971233377554,493.70971233377554,0.0,0.0,0.0,0.0,0.0,,466.0734481318139,465.2964144138748,-0.7770337179391049,-0.16671915575833143,0.0,0.0,0.0,,57.39040305051546,58.105595505598494,0.7151924550830344,1.246188242402683,606355.0476038003,606465.6781648298,110.63056102953851,0.018245178541306688,114.46332340873694,114.48420744645718,0.020884037720236392,0.018245178541305855,9.153910742810995,9.155580890169533,0.001670147358538543,0.018245178541315684,40.0,40.0,0.0,0.0,6890.813653288474,6891.8271755292635,1.0135222407898254,0.01470831010364279,5297.3741242735705,5297.3741242735705,0.0,0.0,138.15127750461423,138.15127750461423,0.0,0.0,5282.95713418783,5283.734167905769,0.7770337179390481,0.014708310103646233,204.81036174634522,204.81036174634522,0.0,0.0,89.63886139284452,89.63886139284452,0.0,0.0,747619.2239344015,748414.4325464602,795.208612058661,0.10636545805681892,106.77450741609228,106.88807860999331,0.11357119390103776,0.1063654580568181,8.653000277018537,8.662204080398844,0.009203803380307463,0.10636545805680604,40.0,40.0,0.0,0.0,6917.591793143595,6917.591793143594,-9.094947017729282e-13,-1.31475624606005e-14,7001.85130352309,7001.85130352309,0.0,0.0,138.15127750461423,138.15127750461423,0.0,0.0,6917.591793143595,6917.591793143594,-9.094947017729282e-13,-1.31475624606005e-14,204.81036174634522,204.81036174634522,0.0,0.0,89.63886139284452,89.63886139284452,0.0,0.0
balanced_medium,qaoa_p1_static,3,46,43,377.81632501280455,215.6458152228529,-162.17050978995167,287.81632501280455,125.64581522285289,-162.17050978995167,4,3,-1,80924.17795847592,75067.59184753249,-5856.586110943434,-7.237127714721531,98.52725296330753,91.39670983254622,-7.1305431307613105,-7.237127714721521,8.02819225778531,7.447181730906001,-0.5810105268793091,-7.237127714721534,40.0,38.29335636878784,-1.7066436312121596,-4.266609078030399,6904.571009905165,7225.51090373094,320.93989382577547,4.648223522726629,821.3380108000457,821.3380108000457,0.0,0.0,0.0,0.0,0.0,,805.5332844889359,842.9762721019431,37.442987613007176,4.648223522726634,17.880036393918935,0.0,-17.880036393918935,-100.0,65.7179662006354,23.047594843297695,-42.67037135733771,-64.92953727001543,591813.3918956621,571185.1950674467,-20628.196828215383,-3.485591423022779,117.77566023859185,112.77277409482089,-5.002886143770965,-4.247809890121641,9.557709817436402,9.224567103802434,-0.3331427136339684,-3.485591423022769,40.0,40.0,0.0,0.0,6983.833848990864,6987.401773251784,3.5679242609203357,0.05108833254152927,5024.921029495881,5064.921029495881,40.0,0.7960324105633347,162.3247337804651,122.32473378046512,-39.99999999999997,-24.641962483731948,5005.080925110119,5007.637937497112,2.5570123869929375,0.05108833254152987,215.0,201.37900128709802,-13.62099871290198,-6.33534823855906,87.49304750001352,87.49304750001352,0.0,0.0,768810.3996084755,742325.6166693167,-26484.782939158846,-3.4449043551760603,109.2373215047739,104.87813100057035,-4.3591905042035535,-3.990568831379711,8.898268513986984,8.591731674413387,-0.3065368395735977,-3.4449043551760594,40.0,40.0,0.0,0.0,6952.207420975861,6992.207420975861,40.0,0.5753568266578749,7037.982889161895,7077.982889161895,40.0,0.5683446611045019,162.3247337804651,122.32473378046512,-39.99999999999997,-24.641962483731948,6952.207420975861,6992.207420975861,40.0,0.5753568266578749,232.88003639391894,201.37900128709802,-31.501035106820922,-13.526721995841928,87.49304750001352,87.49304750001352,0.0,0.0
balanced_medium,qaoa_p1_static,4,46,42,385.92087317121695,152.0,-233.92087317121695,295.92087317121695,62.0,-233.92087317121695,4,3,-1,108552.67419464268,98179.44066097541,-10373.23353366727,-9.555944715896471,127.36061477271876,115.19010483521188,-12.170509937506878,-9.555944715896471,10.769114503436773,9.740023875096767,-1.0290906283400059,-9.555944715896462,40.0,40.0,0.0,0.0,6778.271228558365,7121.128371415508,342.8571428571431,5.05817975256891,852.3253000023612,852.3253000023612,0.0,0.0,19.79597934953955,19.79597934953955,0.0,0.0,790.7983099984759,830.7983099984759,40.0,5.058179752568906,53.86560776575331,16.838685729252603,-37.02692203650071,-68.73944910734247,148.98016602005737,102.52365439055664,-46.456511629500724,-31.183017760395188,870349.9129695513,835162.398306865,-35187.51466268627,-4.042915859281218,178.52163268723896,169.910110277717,-8.611522409521967,-4.823797698853072,14.056038646149084,13.487764830537225,-0.5682738156118585,-4.042915859281219,40.0,40.0,0.0,0.0,6732.045768079298,6732.045768079298,0.0,0.0,4875.319029231382,4915.319029231382,40.0,0.8204591281138416,327.74882367261085,287.74882367261085,-40.0,-12.204467906788311,4824.63280045683,4824.63280045683,0.0,0.0,859.9210021772882,766.8262556946047,-93.09474648268349,-10.825964972011501,208.6831052893404,208.6831052893404,0.0,0.0,1084287.0490103026,1038726.3008139492,-45560.74819635344,-4.201908363467,156.4171515182958,148.98495489488218,-7.432196623413631,-4.751522803779163,12.549618622804429,12.022295148309597,-0.5273234744948319,-4.201908363467003,40.0,40.0,0.0,0.0,6730.764367778997,6770.764367778997,40.0,0.5942861436582887,6932.021447043649,6972.021447043649,40.0,0.5770322597178216,347.5448030221504,307.5448030221504,-40.0,-11.509307476955897,6730.764367778997,6770.764367778997,40.0,0.5942861436582887,913.7866099430415,783.6649414238573,-130.12166851918425,-14.239830952140462,208.6831052893404,208.6831052893404,0.0,0.0
ns_heavy,fixed,0,44,42,242.0,142.0,-100.0,152.0,52.0,-100.0,4,3,-1,82840.83628101606,88076.5319705921,5235.695689576038,6.320186908561977,145.61091970972785,158.93997529334342,13.32905558361557,9.153884619496084,11.505671705696676,12.232851662582236,0.7271799568855606,6.3201869085619755,40.0,40.0,0.0,0.0,6919.174085152152,6439.174085152152,-480.0,-6.937244157941212,568.9191198445654,554.149651829478,-14.769468015087455,-2.596057594113312,98.52407957080315,113.29354758589054,14.769468015087384,14.990719100779298,576.597840429346,536.597840429346,-40.0,-6.937244157941212,0.0,0.0,0.0,,146.18232816641162,171.41286015132425,25.23053198491263,17.259632064547908,741858.0723328568,809371.9042519515,67513.83191909466,9.100639925206956,144.64096239894383,157.81130873172992,13.170346332786096,9.105543902881461,11.448427042173716,12.490307164381967,1.0418801222082514,9.100639925206961,40.0,40.0,0.0,0.0,6825.597554713295,6825.597554713295,0.0,0.0,5128.962501553943,5128.73196956903,-0.2305319849128864,-0.004494709891972132,782.9187454155242,783.1492774004367,0.23053198491254534,0.029445199295897995,5119.198166034971,5119.198166034971,0.0,0.0,0.0,0.0,0.0,,150.0,175.0,25.0,16.666666666666664,990031.7559522195,1062781.2835608902,72749.52760867076,7.348201425993629,144.70909327512834,155.6839446859188,10.97485141079045,7.584078624502539,11.458700879076614,12.300709300473267,0.8420084213966526,7.348201425993631,40.0,40.0,0.0,0.0,6837.875579699958,6797.875579699958,-40.0,-0.584977008337949,6841.531057553657,6826.531057553657,-15.0,-0.21924916913793252,1085.9191988688624,1100.9191988688624,15.0,1.3813182431643727,6837.875579699958,6797.875579699958,-40.0,-0.584977008337949,0.0,0.0,0.0,,150.0,175.0,25.0,16.666666666666664
ns_heavy,fixed,1,44,42,242.0,142.0,-100.0,152.0,52.0,-100.0,4,3,-1,82255.54895361242,87205.54895361242,4950.0,6.017831092211816,144.28504919358824,157.10147205223842,12.816422858650185,8.88271025326699,11.424381799112837,12.111881799112837,0.6875,6.017831092211816,40.0,40.0,0.0,0.0,6805.706318907758,6325.706318907758,-480.0,-7.052904981610119,570.0905909055732,555.0905909055732,-15.0,-2.631160773268142,95.95508372788828,110.95508372788828,15.0,15.632314013228687,567.1421932423132,527.1421932423132,-40.0,-7.052904981610119,0.0,0.0,0.0,,150.0,175.0,25.0,16.666666666666664,740302.4382895534,807802.4382895534,67500.0,9.117895134312501,145.0624617479884,158.28910488942216,13.226643141433755,9.11789513431249,11.424420343974589,12.466087010641257,1.0416666666666679,9.117895134312512,40.0,40.0,0.0,0.0,6807.1860767892895,6807.1860767892895,0.0,0.0,5103.3356898054935,5103.3356898054935,0.0,0.0,813.2176831443769,813.2176831443769,0.0,0.0,5105.389557591967,5105.389557591967,0.0,0.0,0.0,0.0,0.0,,149.09857982353242,174.09857982353242,25.0,16.76742999805168,987635.8332371982,1060085.8332371982,72450.0,7.335699815844962,145.02509183790232,156.00732048772878,10.982228649826453,7.5726403690897355,11.430970292097202,12.269511958763868,0.8385416666666661,7.335699815844957,40.0,40.0,0.0,0.0,6813.11875286158,6773.11875286158,-40.0,-0.5871026390549788,6810.103139538778,6795.103139538778,-15.0,-0.22026098126049662,1092.7793240969834,1107.7793240969834,15.0,1.372646761265842,6813.11875286158,6773.11875286158,-40.0,-0.5871026390549788,0.0,0.0,0.0,,149.09857982353242,174.09857982353242,25.0,16.76742999805168
ns_heavy,fixed,2,44,42,242.0,142.0,-100.0,152.0,52.0,-100.0,4,3,-1,82661.49902552314,87456.00642137902,4794.507395855879,5.800169912688728,143.89698589381388,157.59802689950854,13.701041005694663,9.521423204656346,11.480763753544881,12.146667558524863,0.6659038049799815,5.8001699126887125,40.0,40.0,0.0,0.0,6806.224213993488,6326.224213993488,-480.0,-7.052368316241004,574.4491346505455,554.9308461656365,-19.51828848490902,-3.3977400795951374,99.112378772991,118.63066725789996,19.518288484908965,19.693088518856,567.185351166124,527.185351166124,-40.0,-7.052368316241004,0.0,0.0,0.0,,148.54075185687938,169.02246337197042,20.481711515091035,13.788614409886241,739820.904536453,807006.6712350436,67185.7666985906,9.081355539782557,144.6828994393905,157.68273663613394,12.999837196743442,8.985054382456054,11.416989267537854,12.453806654861783,1.0368173873239286,9.081355539782553,40.0,40.0,0.0,0.0,6830.537433199407,6830.537433199407,0.0,0.0,5113.39562175676,5117.913910241669,4.518288484909135,0.08836180141596066,718.1722965122239,713.6540080273148,-4.5182884849090215,-0.6291371174928239,5122.903074899556,5122.903074899556,0.0,0.0,0.0,0.0,0.0,,143.483136669596,168.483136669596,25.0,17.423650318969845,987691.1125156115,1059671.386610058,71980.27409444645,7.28773127370919,144.67867422158398,155.56427700787702,10.885602786293049,7.523985718600865,11.431610098560318,12.264715122801595,0.8331050242412772,7.287731273709181,40.0,40.0,0.0,0.0,6829.775466193026,6789.775466193026,-40.0,-0.5856707910530525,6826.7912864815435,6811.7912864815435,-15.0,-0.21972255149652953,1019.309723317353,1034.309723317353,15.0,1.4715841178461793,6829.775466193026,6789.775466193026,-40.0,-0.5856707910530525,0.0,0.0,0.0,,143.483136669596,168.483136669596,25.0,17.423650318969845
ns_heavy,fixed,3,44,42,242.0,142.0,-100.0,152.0,52.0,-100.0,4,3,-1,81978.18869498113,87082.22493195723,5104.036236976099,6.226090522647249,145.35763469589912,159.0628502656204,13.705215569721275,9.428617628784194,11.385859540969602,12.094753462771838,0.7088939218022361,6.226090522647251,40.0,40.0,0.0,0.0,6803.750504864236,6323.750504864236,-480.0,-7.054932417889684,563.9758026228665,547.4705425342114,-16.505260088655064,-2.9265901146635214,78.96404558663384,95.46930567528892,16.505260088655078,20.902247302598823,566.9792087386863,526.9792087386863,-40.0,-7.054932417889684,0.0,0.0,0.0,,148.32218339304012,171.81692330438503,23.494739911344908,15.840341190964006,743980.748435514,811360.6719738577,67379.92353834363,9.056675684153664,144.68761661085586,157.74532652665198,13.057709915796124,9.024759838926263,11.481184389436946,12.520998024287927,1.0398136348509812,9.056675684153657,40.0,40.0,0.0,0.0,6860.013157453829,6860.013157453829,0.0,0.0,5141.979430323227,5143.484690411881,1.5052600886547225,0.02927394224445782,808.4930778091074,806.9878177204523,-1.5052600886550636,-0.18618094946886724,5145.009868090372,5145.009868090372,0.0,0.0,0.0,0.0,0.0,,145.66496942156934,170.66496942156934,25.0,17.162671367916495,990241.4217470357,1062725.3815223554,72483.95977531967,7.319827082918798,144.78641426575962,155.7260676410567,10.93965337529707,7.555718145776455,11.461127566516616,12.300062286138372,0.838934719621756,7.3198270829188035,40.0,40.0,0.0,0.0,6841.591471877061,6801.591471877061,-40.0,-0.5846592881849694,6839.325545623495,6824.325545623495,-15.0,-0.21931987152736934,1074.963001346754,1089.963001346754,15.0,1.3953968630741185,6841.591471877061,6801.591471877061,-40.0,-0.5846592881849694,0.0,0.0,0.0,,145.66496942156934,170.66496942156934,25.0,17.162671367916495
ns_heavy,fixed,4,44,42,242.0,142.0,-100.0,152.0,52.0,-100.0,4,3,-1,82915.93727279235,88165.93727279235,5250.0,6.331713989709323,144.86985793933448,158.18837921363806,13.318521274303578,9.193438485927711,11.516102398998937,12.245269065665603,0.7291666666666661,6.331713989709319,40.0,40.0,0.0,0.0,6884.254343497828,6404.254343497828,-480.0,-6.972432685514585,572.3477502650284,557.3477502650284,-15.0,-2.6207843034333895,122.9769504250112,137.97695042501118,14.999999999999986,12.19740768343957,573.6878619581523,533.6878619581523,-40.0,-6.972432685514585,0.0,0.0,0.0,,150.0,175.0,25.0,16.666666666666664,743922.1436665765,811422.1436665765,67500.0,9.073530150253637,144.88700202078633,158.03336783294097,13.146365812154642,9.073530150253635,11.480279994854575,12.521946661521241,1.041666666666666,9.073530150253632,40.0,40.0,0.0,0.0,6853.280865021563,6853.280865021563,0.0,0.0,5134.498839032152,5134.498839032152,0.0,0.0,868.5764014859674,868.5764014859674,0.0,0.0,5139.960648766172,5139.960648766172,0.0,0.0,0.0,0.0,0.0,,149.6419739223109,174.6419739223109,25.0,16.706542519266126,991876.5738407576,1064626.5738407576,72750.0,7.334581934755903,144.7773318769116,155.73712189057633,10.95979001366473,7.570100838011467,11.480052937971731,12.32206682686062,0.8420138888888893,7.334581934755907,40.0,40.0,0.0,0.0,6851.4501856335655,6811.4501856335655,-40.0,-0.5838180081039461,6851.04885538326,6836.04885538326,-15.0,-0.2189445779271249,1166.2575247042569,1181.2575247042569,15.0,1.286165335036423,6851.4501856335655,6811.4501856335655,-40.0,-0.5838180081039461,0.0,0.0,0.0,,149.6419739223109,174.6419739223109,25.0,16.706542519266126
ns_heavy,adaptive,0,44,42,242.0,142.0,-100.0,152.0,52.0,-100.0,4,3,-1,63910.15667224223,76513.35319399928,12603.196521757054,19.720177790192988,95.75370118119842,115.18799562787325,19.434294446674826,20.296128720808987,8.876410648922532,10.626854610277679,1.7504439613551472,19.720177790193,34.423117773854884,40.0,5.576882226145116,16.20097941965292,8179.174085152152,7639.174085152152,-540.0,-6.602133594151942,667.4431994153686,664.247630813749,-3.195568601619584,-0.47877761050208745,0.0,3.1955686016196125,3.1955686016196125,,681.597840429346,636.597840429346,-45.0,-6.602133594151942,0.0,0.0,0.0,,72.45329873442395,93.53769246775731,21.084393733333357,29.100667742703834,554968.2119790609,570726.9201307768,15758.708151715924,2.8395695125526403,93.95375316708076,96.60992257400726,2.6561694069264945,2.8271030346206065,8.564324258936125,8.807514199549026,0.24318994061290056,2.839569512552646,40.0,40.0,0.0,0.0,7858.880792102675,7912.8375632833895,53.956771180714895,0.6865706785492359,5906.823232406101,5907.5393595681235,0.7161271620225307,0.012123727659458357,5.05801456336593,4.341887401343882,-0.7161271620220475,-14.158266115103673,5894.160594077006,5934.628172462542,40.4675783855364,0.6865706785492397,0.0,0.0,0.0,,68.44923571308935,70.50221588795556,2.0529801748662067,2.9992740656322936,759176.9200134319,787538.8246869049,28361.904673472978,3.7358755154162453,96.15990220731832,99.78365394434351,3.623751737025188,3.7684644574746664,8.786769907562869,9.115032693135474,0.3282627855726048,3.735875515416256,40.0,40.0,0.0,0.0,7952.8380077419915,7948.305586127528,-4.532421614463601,-0.0569912477791116,7894.94272130878,7892.463279869183,-2.4794414395973945,-0.03140543924283679,32.507535113738825,34.98697655333639,2.479441439597565,7.62728220064174,7952.8380077419915,7948.305586127528,-4.532421614463601,-0.0569912477791116,0.0,0.0,0.0,,68.44923571308935,70.50221588795556,2.0529801748662067,2.9992740656322936
ns_heavy,adaptive,1,44,42,252.0,152.0,-100.0,162.0,62.0,-100.0,4,3,-1,63155.43656556992,71428.31360149817,8272.87703592825,13.099231809345651,94.82147992376895,107.77645309716823,12.954973173399281,13.662487849603632,8.77158841188471,9.920599111319191,1.1490106994344806,13.099231809345667,37.90159510554966,40.0,2.09840489445034,5.536455361856487,7838.662738696208,7585.706318907758,-252.95641978845015,-3.2270353786202564,666.0456746334615,662.7450760241702,-3.3005986092913417,-0.49555139159303574,0.0,3.3005986092913417,3.3005986092913417,,653.2218948913506,632.1421932423132,-21.079701649037474,-3.2270353786202506,0.0,0.0,0.0,,78.50403757448942,85.20343896519807,6.699401390708658,8.533830357899564,576042.1512919557,576190.0626497547,147.91135779896285,0.025677176134979898,97.40749776114947,97.45014234153545,0.04264458038598207,0.04377956663105113,8.889539371789441,8.891821954471522,0.002282582682081369,0.025677176134964244,40.0,40.0,0.0,0.0,7904.615193252994,7924.848418105594,20.23322485259996,0.25596723379868114,5913.735231187793,5912.6651722105225,-1.0700589772704916,-0.018094468816040765,2.8181417620773033,3.888200739347397,1.0700589772700937,37.970374367588015,5928.461394939745,5943.636313579195,15.17491863944997,0.25596723379868114,0.0,0.0,0.0,,66.82769830185697,68.36182372488238,1.534125423025415,2.2956430671842933,776555.069247084,784975.8576408111,8420.788393727154,1.0843774932654302,98.39795534563925,99.52007581571131,1.122120470072062,1.1403900275472456,8.987905894063472,9.085368722694573,0.09746282863110167,1.084377493265434,40.0,40.0,0.0,0.0,7962.2702918583955,7956.3655088488085,-5.904783009586936,-0.07415953984411597,7891.983797013918,7887.613139427356,-4.37065758656172,-0.0553809751638801,10.89866662184339,15.269324208404825,4.370657586561435,40.10268171522607,7962.2702918583955,7956.3655088488085,-5.904783009586936,-0.07415953984411597,0.0,0.0,0.0,,66.82769830185697,68.36182372488238,1.534125423025415,2.2956430671842933
ns_heavy,adaptive,2,44,42,252.0,152.0,-100.0,162.0,62.0,-100.0,4,3,-1,65005.29813104618,78078.48026109833,13073.182130052155,20.110948654827375,96.50981660255691,118.84513703738524,22.335320434828333,23.14305551611274,9.028513629311968,10.84423336959699,1.8157197402850223,20.110948654827386,36.965159226284214,40.0,3.0348407737157856,8.210003249648794,8306.224213993488,7586.224213993488,-720.0,-8.668198467205071,673.5615134235364,656.9766522002251,-16.58486122331135,-2.4622637862746717,0.0,16.58486122331132,16.58486122331132,,692.185351166124,632.185351166124,-60.0,-8.668198467205073,0.0,0.0,0.0,,67.10759745824978,104.11443398298394,37.006836524734155,55.1455243912696,560240.4585555341,581332.3923229594,21091.933767425246,3.764800175590049,96.07029642927202,99.74045204129402,3.6701556120220005,3.820281344425754,8.645686088819971,8.97117889387283,0.3254928050528587,3.764800175590049,39.293913794499225,40.0,0.7060862055007746,1.796935294339705,7823.171714895791,7863.270389041725,40.09867414593373,0.5125628786797998,5831.567918268985,5828.451550252441,-3.1163680165436745,-0.053439624818237955,0.0,3.1163680165435466,3.1163680165435466,,5867.378786171844,5897.452791781294,30.07400560945007,0.5125628786797959,0.0,0.0,0.0,,44.3587228053877,53.4309593304305,9.072236525042797,20.45197866684499,765782.7009108914,799947.8168083688,34165.11589747737,4.461463527034272,97.83707070745089,102.45993233247634,4.62286162502545,4.725061361299926,8.863225704987169,9.258655287133898,0.3954295821467291,4.461463527034275,40.0,40.0,0.0,0.0,7919.251177465314,7889.325183074765,-29.92599439054902,-0.37788919330788706,7827.1221263431835,7807.420897103329,-19.70122923985491,-0.2517046357760012,18.978883455713216,38.680112695568084,19.701229239854868,103.80604994928827,7919.251177465314,7889.325183074765,-29.92599439054902,-0.37788919330788706,0.0,0.0,0.0,,44.3587228053877,53.4309593304305,9.072236525042797,20.45197866684499
ns_heavy,adaptive,3,44,42,252.0,142.0,-110.0,162.0,52.0,-110.0,4,3,-1,58352.008459982346,70008.77107144798,11656.76261146563,19.976626202095183,90.7581146548697,110.29096875792125,19.532854103051548,21.521881737330137,8.104445619441993,9.723440426589997,1.6189948071480043,19.97662620209518,33.78960445237847,40.0,6.2103955476215305,18.37960416605107,7827.88765928087,7287.88765928087,-540.0,-6.89841274561174,642.9398482095003,634.7643135233577,-8.175534686142555,-1.2715862469732282,0.0,8.175534686142626,8.175534686142626,,652.3239716067392,607.3239716067392,-45.0,-6.89841274561174,0.0,0.0,0.0,,53.321477713721706,77.75790485995594,24.436427146234237,45.82848824526442,579360.8045134785,600380.9931906764,21020.188677197904,3.628168925726642,97.44110511976554,101.06141923157017,3.620314111804632,3.71538695846571,8.9407531560722,9.265138783806735,0.32438562773453583,3.628168925726645,40.0,40.0,0.0,0.0,7911.487563883752,7954.7318929505045,43.24432906675247,0.5466017448370205,5945.753630373774,5940.753630373774,-5.0,-0.08409362901378205,4.71887775855933,9.718877758559344,5.000000000000014,105.95739614002018,5933.615672912814,5966.048919712878,32.4332468000639,0.5466017448370127,0.0,0.0,0.0,,65.20475361255954,68.80750630123583,3.60275268867629,5.525291468906554,771640.3820766321,804317.3333652955,32676.951288663433,4.2347383635785745,97.97484627909019,102.29495308494097,4.320106805850784,4.409404015337335,8.93102294070176,9.309228395431662,0.3782054547299012,4.234738363578579,40.0,40.0,0.0,0.0,7940.389237542483,7927.822484342547,-12.566753199936102,-0.15826369242102115,7875.90296267008,7862.7274279839385,-13.175534686141873,-0.16728919526549266,38.38558430016775,51.56111898631039,13.17553468614264,34.32417384378609,7940.389237542483,7927.822484342547,-12.566753199936102,-0.15826369242102115,0.0,0.0,0.0,,65.20475361255954,68.80750630123583,3.60275268867629,5.525291468906554
ns_heavy,adaptive,4,44,42,252.0,142.0,-110.0,162.0,52.0,-110.0,4,3,-1,65950.82740966437,75618.39057712354,9667.563167459171,14.658744320836975,94.8489638642419,111.53547998126326,16.68651611702137,17.592723670555767,9.159837140231163,10.502554246822715,1.342717106591552,14.658744320836977,38.96936601314716,40.0,1.0306339868528411,2.644728647895207,8257.233449023302,7657.2334490233025,-600.0,-7.266356264530348,695.3247006900395,677.9761076011562,-17.348593088883376,-2.4950347760789526,0.0,17.34859308888346,17.34859308888346,,688.1027874186085,638.1027874186085,-50.0,-7.266356264530348,0.0,0.0,0.0,,71.57323314988466,99.22464006100122,27.651406911116567,38.63372617695017,575990.336472932,600679.6488064862,24689.312333554146,4.286410859727052,95.99432094773134,100.12623013261499,4.1319091848836536,4.304326697756909,8.888739760384754,9.269747666766762,0.381007906382008,4.286410859727048,40.0,40.0,0.0,0.0,8012.240583145063,8052.698002623169,40.457419478105294,0.5049451406041585,6000.254294069722,5999.223660082869,-1.0306339868529903,-0.017176505133650835,2.8209464483974216,3.851580435250284,1.0306339868528624,36.53504260736198,6009.1804373587975,6039.523501967376,30.34306460857897,0.5049451406041585,0.0,0.0,0.0,,62.750873517140064,69.0285818328247,6.2777083156846345,10.004176776869746,778196.4782191924,812553.3537202056,34356.875501013245,4.414935875787405,97.24061710092076,101.7674472872356,4.5268301863148395,4.655287390470474,9.006903683092505,9.404552705094972,0.3976490220024669,4.414935875787392,40.0,40.0,0.0,0.0,8060.084899686647,8040.427964295226,-19.65693539142103,-0.24388000419431358,8002.792469031171,7984.413241955434,-18.379227075736708,-0.22966017358140642,14.513911056346089,32.89313813208241,18.379227075736324,126.63180175477345,8060.084899686647,8040.427964295226,-19.65693539142103,-0.24388000419431358,0.0,0.0,0.0,,62.750873517140064,69.0285818328247,6.2777083156846345,10.004176776869746
ew_heavy,fixed,0,47,45,434.46810761577035,302.0,-132.46810761577035,344.46810761577035,212.0,-132.46810761577035,4,4,0,108179.66664548623,112105.97685282002,3926.310207333794,3.6294345592694786,141.38151332133324,144.27290080021615,2.891387478882905,2.0450958622230417,9.390596062976234,9.731421601807293,0.3408255388310586,3.6294345592694794,40.0,40.0,0.0,0.0,5742.683736600676,5667.683736600676,-75.0,-1.3060095843689192,765.1613291167315,777.0411229761041,11.879793859372626,1.552586808469024,107.30165223573371,95.42185837636113,-11.879793859372583,-11.071398819911519,765.6911648800901,755.6911648800901,-10.0,-1.306009584368919,0.0,0.0,0.0,,100.0,121.8797938593726,21.879793859372597,21.879793859372597,567503.1297672299,630158.017922446,62654.88815521612,11.040448037866325,140.86278774277292,156.29362403618555,15.430836293412625,10.954515767209298,9.383318944563987,10.419279396865841,1.035960452301854,11.040448037866327,40.0,40.0,0.0,0.0,5754.410184931889,5754.410184931889,0.0,0.0,4028.7654309634813,4031.885637104109,3.120206140627488,0.07744819583306663,485.33084619685775,482.2106400562303,-3.120206140627431,-0.6429029115041716,4028.0871294523217,4028.0871294523217,0.0,0.0,0.0,0.0,0.0,,100.0,125.0,25.0,25.0,811150.4937067322,877731.692069282,66581.19836254988,8.20824235195769,140.73010099456255,151.88629732394685,11.1561963293843,7.927370371044748,9.388315899383475,10.158931621172247,0.7706157217887721,8.208242351957692,40.0,40.0,0.0,0.0,5760.399684328968,5750.399684328968,-10.0,-0.1735990651343997,5763.873456880934,5778.873456880934,15.0,0.26024166061614246,719.2560904811526,704.2560904811526,-15.0,-2.085488075598445,5760.399684328968,5750.399684328968,-10.0,-0.1735990651343997,0.0,0.0,0.0,,100.0,125.0,25.0,25.0
ew_heavy,fixed,1,47,45,432.3998993047535,302.0,-130.3998993047535,342.3998993047535,212.0,-130.3998993047535,4,4,0,108076.92532882316,112909.71617068711,4832.790841863956,4.471621326347164,140.7846463458589,144.26120988761716,3.476563541758253,2.4694195226498956,9.381677545904788,9.80119063981659,0.41951309391180125,4.471621326347159,40.0,40.0,0.0,0.0,5761.360341080775,5686.360341080775,-75.0,-1.3017758924957423,767.6755110306258,782.6755110306258,15.0,1.9539505669344697,85.75606219069172,70.75606219069172,-15.0,-17.491474791187596,768.18137881077,758.18137881077,-10.0,-1.3017758924957423,0.0,0.0,0.0,,98.19879045284316,123.19879045284316,25.0,25.458562050217363,567310.4730071722,630310.4730071722,63000.0,11.10503031365746,140.57393743067232,156.18471579545036,15.610778364778042,11.105030313657467,9.380133482261446,10.421800148928112,1.041666666666666,11.105030313657453,40.0,40.0,0.0,0.0,5761.910802176326,5761.910802176326,0.0,0.0,4035.6732078231507,4035.6732078231507,0.0,0.0,431.902610875312,431.902610875312,0.0,0.0,4033.337561523428,4033.337561523428,0.0,0.0,0.0,0.0,0.0,,100.0,125.0,25.0,25.0,810794.5922759551,878627.3831178191,67832.79084186396,8.366211551985408,140.6543118610032,152.02615325676763,11.37184139576442,8.084957542575909,9.384196669860591,10.169298415715499,0.7851017458549077,8.366211551985419,40.0,40.0,0.0,0.0,5763.194186449585,5753.194186449585,-10.0,-0.17351488907855975,5764.448892808882,5779.448892808882,15.0,0.26021568200062306,628.607355627341,613.607355627341,-15.0,-2.386227247536774,5763.194186449585,5753.194186449585,-10.0,-0.17351488907855975,0.0,0.0,0.0,,100.0,125.0,25.0,25.0
ew_heavy,fixed,2,47,45,432.6498587723099,302.0,-130.64985877230993,342.6498587723099,212.0,-130.64985877230993,4,4,0,108541.80961985604,113201.95412127723,4660.144501421193,4.2934096250489375,140.86978212580124,144.11237914935015,3.2425970235489103,2.301840021767881,9.422032085056948,9.826558517471982,0.40452643241503417,4.293409625048938,40.0,40.0,0.0,0.0,5790.71507460753,5715.71507460753,-75.0,-1.2951768310770009,770.5116596469547,785.5116596469547,15.0,1.9467583406684512,124.681612178142,109.681612178142,-15.0,-12.03064328248208,772.095343281004,762.095343281004,-10.0,-1.2951768310770009,0.0,0.0,0.0,,100.0,125.0,25.0,25.0,566238.0285007441,629238.0285007441,63000.0,11.126063038685013,141.53015087051983,157.27688467511987,15.74673380460004,11.126063038685013,9.362401264893256,10.404067931559924,1.0416666666666679,11.126063038685025,40.0,40.0,0.0,0.0,5725.11214456549,5725.11214456549,0.0,0.0,4000.829682000214,4000.829682000214,0.0,0.0,457.3178427060892,457.3178427060892,0.0,0.0,4007.578501195843,4007.578501195843,0.0,0.0,0.0,0.0,0.0,,100.0,125.0,25.0,25.0,810356.6080947616,878016.7525961829,67660.14450142125,8.349428365926178,141.21522031519075,152.60697759916025,11.391757283969497,8.06694721613097,9.379127408504186,10.16223093282619,0.783103524322005,8.349428365926174,40.0,40.0,0.0,0.0,5741.959239486468,5731.959239486468,-10.0,-0.17415658284774505,5738.450899882145,5753.450899882145,15.0,0.2613945864781742,695.453252374368,680.453252374368,-15.0,-2.1568667554272043,5741.959239486468,5731.959239486468,-10.0,-0.17415658284774505,0.0,0.0,0.0,,100.0,125.0,25.0,25.0
ew_heavy,fixed,3,47,45,434.6703713573379,302.0,-132.6703713573379,344.6703713573379,212.0,-132.6703713573379,4,4,0,107608.4698299183,110573.39613943617,2964.926309517876,2.7552908374258287,141.34978611082312,142.5453796595016,1.195593548678488,0.8458403663526604,9.341013006069296,9.598385081548278,0.25737207547898144,2.7552908374258194,40.0,40.0,0.0,0.0,5736.0139106099305,5661.0139106099305,-75.0,-1.3075282098126046,761.2920598659381,775.7066304327999,14.414570566861812,1.893435033251258,78.98399437807936,64.5694238112175,-14.414570566861855,-18.24998935589711,764.8018547479908,754.8018547479908,-10.0,-1.3075282098126046,0.0,0.0,0.0,,97.33764317669815,121.75221374356002,24.41457056686187,25.082352284348836,568889.3496511778,631889.3496511778,63000.0,11.074209780624177,141.0492248463937,156.64657462786525,15.597349781471536,11.058089683553707,9.40623924687794,10.447905913544606,1.041666666666666,11.07420978062417,40.0,40.0,0.0,0.0,5764.728655438776,5764.728655438776,0.0,0.0,4033.268174785881,4033.853604219019,0.5854294331379606,0.014515013824218121,550.2109627810512,549.6255333479131,-0.5854294331380743,-0.10640090306071161,4035.310058807143,4035.310058807143,0.0,0.0,0.0,0.0,0.0,,100.0,125.0,25.0,25.0,812016.532188622,877981.45849814,65964.92630951793,8.12359400266435,141.04690466841683,152.10866446287775,11.061759794460926,7.842610811251551,9.398339492923867,10.161822436321065,0.7634829433971984,8.12359400266435,40.0,40.0,0.0,0.0,5760.228156733073,5750.228156733073,-10.0,-0.17360423455295085,5757.067367749534,5772.067367749534,15.0,0.2605493221084813,729.2593311649376,714.2593311649376,-15.0,-2.056881463009683,5760.228156733073,5750.228156733073,-10.0,-0.17360423455295085,0.0,0.0,0.0,,100.0,125.0,25.0,25.0
ew_heavy,fixed,4,47,45,431.70285704585103,302.0,-129.70285704585103,341.70285704585103,212.0,-129.70285704585103,4,4,0,108819.44479372451,113632.12513241962,4812.680338695107,4.422629014343812,140.18685290576565,143.61167716845247,3.424824262686826,2.443042404974318,9.446132360566365,9.863899751078092,0.4177673905117274,4.422629014343805,40.0,40.0,0.0,0.0,5846.753026115655,5771.753026115655,-75.0,-1.282763264755634,776.2457216075286,791.2457216075286,15.0,1.932377800284229,97.55126196373888,82.5512619637389,-14.999999999999986,-15.37653096233208,779.567070148754,769.567070148754,-10.0,-1.282763264755634,0.0,0.0,0.0,,96.9735705678913,121.9735705678913,25.0,25.780220170914998,569121.9164407687,632121.9164407687,63000.0,11.069684399784789,140.5059656596191,156.05953262100894,15.553566961389834,11.069684399784792,9.410084597234933,10.451751263901599,1.041666666666666,11.069684399784782,40.0,40.0,0.0,0.0,5786.7346741037245,5786.7346741037245,0.0,0.0,4050.5178108913015,4050.5178108913015,0.0,0.0,527.6635288410588,527.6635288410588,0.0,0.0,4050.714271872607,4050.714271872607,0.0,0.0,0.0,0.0,0.0,,96.3608449587241,121.3608449587241,25.0,25.944147761166565,813237.2385245677,881049.9188632627,67812.68033869506,8.338609833180488,140.52397622409293,151.84814151550884,11.324165291415909,8.058528939828257,9.412468038478792,10.197337023880356,0.7848689854015642,8.338609833180499,40.0,40.0,0.0,0.0,5787.908957333399,5777.908957333399,-10.0,-0.17277396852156418,5787.177821012566,5802.177821012566,15.0,0.25919369447292173,754.6482990315149,739.6482990315149,-15.0,-1.987680886480549,5787.908957333399,5777.908957333399,-10.0,-0.17277396852156418,0.0,0.0,0.0,,96.3608449587241,121.3608449587241,25.0,25.944147761166565
ew_heavy,adaptive,0,46,44,362.0,272.0,-90.0,272.0,182.0,-90.0,4,3,-1,95065.75308944372,93798.63826007438,-1267.1148293693404,-1.3328825451760329,125.18614746950574,123.15746961961051,-2.0286778498952316,-1.6205290209041698,9.431126298555926,9.305420462308966,-0.12570583624695963,-1.332882545176046,40.0,39.78863259776236,-0.2113674022376415,-0.5284185055941037,6779.017079269777,6779.017079269777,0.0,0.0,759.3951488330681,761.6155037106959,2.2203548776277557,0.29238465389720825,2.2203548776277273,0.0,-2.2203548776277273,-100.0,790.8853259148074,790.8853259148074,0.0,0.0,0.0,0.0,0.0,,83.82450726003879,71.04486213766654,-12.779645122372244,-15.245714576916598,627105.3811504878,594306.3486404845,-32799.03251000331,-5.230226608776692,135.93786960384568,128.5563904152863,-7.381479188559382,-5.430038892084093,10.127670884213304,9.59797074677785,-0.5297001374354533,-5.230226608776686,40.0,40.0,0.0,0.0,6352.873909419914,6386.9453043874955,34.07139496758191,0.5363146735379327,4613.176467882111,4622.923424659387,9.746956777275955,0.21128514907539925,11.767286919997062,2.020330142721278,-9.746956777275784,-82.83096047154272,4552.892968417605,4577.310801477705,24.417833060100747,0.536314673537941,0.0,0.0,0.0,,132.4011138642911,124.95059245909431,-7.450521405196781,-5.627234686887483,858564.9044630086,824498.7571236361,-34066.14733937255,-3.9678010552596827,132.98147330247565,127.46875768005364,-5.512715622422007,-4.145476422781804,9.937093801655193,9.542809688930973,-0.39428411272422004,-3.9678010552596907,40.0,40.0,0.0,0.0,6400.399684328968,6424.817517389069,24.417833060100747,0.381504816330244,6456.274570745225,6468.241882400129,11.967311654903824,0.18535939764907614,26.854976616861478,14.887664961957967,-11.967311654903511,-44.56273347633293,6400.399684328968,6424.817517389069,24.417833060100747,0.381504816330244,0.0,0.0,0.0,,132.4011138642911,124.95059245909431,-7.450521405196781,-5.627234686887483
ew_heavy,adaptive,1,46,44,371.53185242149993,272.0,-99.53185242149993,281.53185242149993,182.0,-99.53185242149993,4,3,-1,96894.60456800954,97443.9524292196,549.3478612100589,0.5669540256232494,129.854745455895,131.1043796734291,1.2496342175340942,0.9623323453808863,9.612559976985073,9.66705877274004,0.05449879575496652,0.566954025623253,38.33839454472168,40.0,1.6616054552783197,4.334050695159025,6437.181371331698,6437.181371331698,0.0,0.0,746.1768472752478,743.254746118665,-2.922101156582812,-0.39160973263284793,0.0,2.9221011565828547,2.9221011565828547,,751.0044933220314,751.0044933220314,0.0,0.0,0.0,0.0,0.0,,80.21519747175434,92.29309631517148,12.077898843417145,15.056871046998369,591048.3227203755,585240.2523382027,-5808.070382172824,-0.9826726781729853,129.66840174317673,128.36555324901818,-1.3028484941585532,-1.0047540315480985,9.545354049101672,9.451554462826271,-0.09379958627540042,-0.9826726781729803,40.0,40.0,0.0,0.0,6356.531786528605,6356.531786528605,0.0,0.0,4558.152292884854,4559.1690101073045,1.0167172224500973,0.022305468468817154,16.67825175967775,15.66153453722788,-1.01671722244987,-6.096065925254473,4555.514447012167,4555.514447012167,0.0,0.0,0.0,0.0,0.0,,82.3552671519214,80.44988321778838,-1.9053839341330132,-2.3136151457297043,823584.31922089,818325.5966999272,-5258.722520962823,-0.638516591226211,129.42927646258448,128.6413691763002,-0.7879072862842804,-0.6087550729004108,9.53222591690845,9.471361072915824,-0.060864843992625595,-0.6385165912262144,40.0,40.0,0.0,0.0,6353.194186449585,6353.194186449585,0.0,0.0,6363.199592319226,6361.294208385094,-1.90538393413226,-0.029943802744018522,29.856656116996973,31.762040051129958,1.9053839341329848,6.3817727164974665,6353.194186449585,6353.194186449585,0.0,0.0,0.0,0.0,0.0,,82.3552671519214,80.44988321778838,-1.9053839341330132,-2.3136151457297043
ew_heavy,adaptive,2,46,45,362.0,302.0,-60.0,272.0,212.0,-60.0,4,4,0,97482.28942671361,98010.00375399555,527.7143272819376,0.5413437973045031,125.88845750355837,127.59232087207644,1.7038633685180713,1.3534706853246732,9.670862046300954,9.723214658134479,0.05235261183352513,0.5413437973044987,40.0,40.0,0.0,0.0,6445.704401346323,6274.275829917752,-171.42857142857065,-2.6595785464931363,774.354467119896,768.1497059079284,-6.204761211967593,-0.8012817741008639,7.681066499477865,13.88582771144543,6.204761211967565,80.77994393603213,751.9988468237377,731.9988468237377,-20.0,-2.6595785464931483,0.0,0.0,0.0,,84.16318460124397,112.9584233892764,28.795238788032435,34.21358034924789,605318.4654423649,606845.5853591106,1527.1199167456944,0.25228371575112607,133.2921661773236,133.67921816959688,0.38705199227328535,0.29037864967876315,9.77581501037411,9.800477799727238,0.024662789353127934,0.252283715751124,40.0,40.0,0.0,0.0,6344.89665103893,6356.991716637004,12.095065598074143,0.19062667626104934,4541.290630966916,4539.565638311966,-1.724992654950256,-0.037984634658429176,30.014631945109784,31.739624600060424,1.7249926549506398,5.747172439446451,4547.175933244566,4555.844063589853,8.668130345286954,0.19062667626106003,0.0,0.0,0.0,,102.0191708098664,100.42128659766055,-1.597884212205841,-1.5662587722692092,834654.2193667559,836709.0536107835,2054.8342440276174,0.24618988275008066,130.72169294823271,131.20646715178714,0.4847742035544229,0.37084449613607673,9.660349761189305,9.684132564939624,0.023782803750318493,0.2461898827500687,40.0,40.0,0.0,0.0,6371.460175077925,6360.128305423213,-11.331869654712136,-0.17785357427229848,6384.971006283468,6377.0412524165495,-7.9297538669188725,-0.12419404659966629,48.933145973044574,56.86289983996278,7.929753866918205,16.20528112230186,6371.460175077925,6360.128305423213,-11.331869654712136,-0.17785357427229848,0.0,0.0,0.0,,102.0191708098664,100.42128659766055,-1.597884212205841,-1.5662587722692092
ew_heavy,adaptive,3,46,44,362.0,242.0,-120.0,272.0,152.0,-120.0,4,4,0,96637.84774944857,102022.17805203541,5384.330302586837,5.571657924901956,131.23443730294608,139.42876723166742,8.194329928721345,6.244039367353915,9.587088070381803,10.12124782262256,0.5341597522407575,5.571657924901953,36.559367669697664,40.0,3.4406323303023356,9.411082711789113,6420.178878631389,6120.178878631389,-300.0,-4.672767000285699,736.3756780269987,731.7154133803735,-4.660264646625137,-0.6328650966734227,0.0,4.660264646625194,4.660264646625194,,749.020869173662,714.020869173662,-35.0,-4.672767000285699,0.0,0.0,0.0,,79.53357975245035,114.87331510582516,35.339735353374806,44.43372907817094,625137.5084088445,630630.1655293276,5492.6571204831125,0.8786318284537927,133.62655085456134,135.09624176007523,1.469690905513886,1.0998494656301443,10.095889993682889,10.184595696533068,0.08870570285017898,0.8786318284537878,40.0,40.0,0.0,0.0,6510.824713090426,6538.731689834612,27.906976744186068,0.428624298363882,4678.243241414215,4668.006728486926,-10.236512927289368,-0.21881104506645768,9.13627236973582,19.37278529702526,10.23651292728944,112.04255426095,4666.091044381472,4686.091044381472,20.0,0.4286242983638816,0.0,0.0,0.0,,96.03225560138144,96.13547802746679,0.10322242608535248,0.10748724523749248,855339.7635398878,866216.7509629577,10876.987423069892,1.2716569352574774,132.34203607965134,134.33460014835802,1.9925640687066846,1.5056169058087037,9.899765781711665,10.025656839849049,0.125891058137384,1.2716569352574874,40.0,40.0,0.0,0.0,6445.228156733073,6430.228156733073,-15.0,-0.23273031823287899,6463.099623350916,6448.202845777001,-14.896777573914733,-0.23048967897838493,23.227075563556255,38.12385313747089,14.896777573914633,64.13539893626546,6445.228156733073,6430.228156733073,-15.0,-0.23273031823287899,0.0,0.0,0.0,,96.03225560138144,96.13547802746679,0.10322242608535248,0.10748724523749248
ew_heavy,adaptive,4,46,44,373.9604365856085,242.0,-131.96043658560848,283.9604365856085,152.0,-131.96043658560848,4,4,0,99543.70370565513,102365.90784339723,2822.2041377420974,2.835140780060976,128.42045491975534,132.74251647535544,4.322061555600101,3.365555400267643,9.875367431116581,10.155348000337026,0.2799805692204451,2.835140780060965,40.0,40.0,0.0,0.0,6536.410357862743,6364.981786434171,-171.42857142857156,-2.6226714977029806,775.1390054478151,771.161422590645,-3.9775828571700913,-0.5131444591505434,4.866303761331324,8.843886618501415,3.9775828571700913,81.73724971253961,762.58120841732,742.58120841732,-20.0,-2.622671497702979,0.0,0.0,0.0,,97.90804737716584,118.93046451999574,21.022417142829894,21.471592689257076,618101.9358509339,627426.3284908294,9324.392639895552,1.5085525702259397,133.2114141612788,135.04533279327373,1.8339186319949192,1.376697817932176,9.982266405861335,10.132854142293757,0.1505877364324224,1.5085525702259468,40.0,40.0,0.0,0.0,6492.1397213079645,6513.069953866104,20.930232558139323,0.32239343970746415,4640.007312756241,4646.042299375784,6.034986619542906,0.1300641618161163,31.96570133824028,25.930714718697885,-6.034986619542394,-18.879568934477888,4652.700133604041,4667.700133604041,15.0,0.3223934397074674,0.0,0.0,0.0,,91.6009775026534,103.65838126502568,12.057403762372289,13.1629640764729,854034.8487716444,866181.445549282,12146.596777637606,1.4222600863545578,131.64480150434125,133.47480310136282,1.8300015970215782,1.3901054778537763,9.884662601523662,10.02524821237595,0.1405856108522876,1.4222600863545627,40.0,40.0,0.0,0.0,6472.908957333399,6467.908957333399,-5.0,-0.07724502280130659,6487.4179535564945,6489.475357318867,2.0574037623728145,0.031713753870982166,54.4081664875856,52.3507627252133,-2.057403762372303,-3.7814245455996836,6472.908957333399,6467.908957333399,-5.0,-0.07724502280130659,0.0,0.0,0.0,,91.6009775026534,103.65838126502568,12.057403762372289,13.1629640764729
