scenario,base_controller,seed,mode,completed,entry_cycle,completion_cycle,emergency_travel_time_s,free_flow_time_s,emergency_delay_s,signal_stops,priority_intersections,wait_I1_s,wait_I2_s,wait_I3_s,wait_I6_s,pre_total_waiting_time,pre_waiting_per_admitted,pre_average_queue_length,pre_max_queue_length,pre_throughput_per_hour,pre_vehicles_entered,pre_vehicles_rejected,pre_vehicles_exited,pre_total_blocked,pre_final_queue_total,during_total_waiting_time,during_waiting_per_admitted,during_average_queue_length,during_max_queue_length,during_throughput_per_hour,during_vehicles_entered,during_vehicles_rejected,during_vehicles_exited,during_total_blocked,during_final_queue_total,post_total_waiting_time,post_waiting_per_admitted,post_average_queue_length,post_max_queue_length,post_throughput_per_hour,post_vehicles_entered,post_vehicles_rejected,post_vehicles_exited,post_total_blocked,post_final_queue_total,total_total_waiting_time,total_waiting_per_admitted,total_average_queue_length,total_max_queue_length,total_throughput_per_hour,total_vehicles_entered,total_vehicles_rejected,total_vehicles_exited,total_total_blocked,total_final_queue_total
balanced_medium,fixed,0,A_no_override,True,40,43,207.65847191660305,90.0,117.65847191660305,3,0,57.65847191660305,30.0,30.0,0.0,87589.26282127862,71.65656529754902,6.082587695922126,14.954987800428032,7304.4115587863525,1222.348049443483,0.0,1217.401926464392,0.0,0.0,35672.06934800325,72.38265137899371,6.193067595139453,14.665035986465558,7391.531433677204,492.82623209289756,0.0,492.76876224514695,0.0,0.0,395013.24993592047,71.94989636854167,5.963364280433582,14.995891197681933,7156.147616541276,5490.115620355922,0.0,5486.379839348312,0.0,0.0,518274.58210520237,71.92973345445678,5.998548403995398,14.995891197681933,7196.550528057851,7205.289901892303,0.0,7196.550528057851,0.0,0.0
balanced_medium,fixed,0,B_corridor,True,40,42,142.0,90.0,52.0,3,4,27.658471916603048,4.341528083396952,0.0,20.0,87589.26282127862,71.65656529754902,6.082587695922126,14.954987800428032,7304.4115587863525,1222.348049443483,0.0,1217.401926464392,0.0,0.0,36765.29382013618,74.60092711381066,6.38286351044031,17.384754774427947,7355.760112060786,492.82623209289756,0.0,490.38400747071904,0.0,0.0,395163.9430567287,71.9773444463653,5.965639236967522,14.995891197681933,7159.258166247052,5490.115620355922,0.0,5488.76459412274,0.0,0.0,519518.4996981435,72.10237294709044,6.012945598358143,17.384754774427947,7196.550528057851,7205.289901892303,0.0,7196.550528057851,0.0,0.0
balanced_medium,fixed,1,A_no_override,True,40,43,207.61027321397296,90.0,117.61027321397296,3,0,57.61027321397296,30.0,30.0,0.0,86323.15322452641,72.16652487142439,5.99466341836989,14.908214517748865,7227.14697771224,1196.1661362844366,0.0,1204.5244962853733,0.0,0.0,34105.037632354135,72.14558186665205,5.921013477839259,14.872178256277362,7150.464281769324,472.72524179500107,0.0,476.69761878462157,0.0,0.0,393196.3520648931,71.76323345767337,5.93593526668015,14.988512358785085,7136.6136046334805,5479.077977956555,0.0,5471.4037635523355,0.0,0.0,513624.5429217737,71.85600795672849,5.944728506039048,14.988512358785085,7152.62587862233,7147.969356035993,0.0,7152.62587862233,0.0,0.0
balanced_medium,fixed,1,B_corridor,True,40,42,142.0,90.0,52.0,3,4,27.61027321397296,4.38972678602704,0.0,20.0,86323.15322452641,72.16652487142439,5.99466341836989,14.908214517748865,7227.14697771224,1196.1661362844366,0.0,1204.5244962853733,0.0,0.0,35610.267163069126,75.32973493831675,6.1823380491439455,20.496078049119966,7084.22096442923,472.72524179500107,0.0,472.2813976286153,0.0,3.6827748204528064,393347.3265809072,71.79078818798045,5.938214471330121,14.988512358785085,7142.373893097836,5479.077977956555,0.0,5475.8199847083415,0.0,0.0,515280.74696850276,72.08771069134227,5.963897534357671,20.496078049119966,7152.62587862233,7147.969356035993,0.0,7152.62587862233,0.0,0.0
balanced_medium,fixed,2,A_no_override,True,40,43,209.14334248736486,90.0,119.14334248736486,3,0,59.14334248736486,30.0,30.0,0.0,86846.84054048013,71.72875297162547,6.031030593088898,14.970825495610992,7223.669221643613,1210.7674669157443,0.0,1203.9448702739355,0.0,0.0,35071.704662596094,71.03709687381165,6.088837615034044,14.770978374351081,7263.853845079392,493.70971233377554,0.0,484.2569230052928,0.0,0.0,392432.5636802207,72.19772417066432,5.924404644930868,14.97325629672579,7115.566458364904,5435.5254017781845,0.0,5455.26761807976,0.0,0.0,514351.10888329695,72.03794439094771,5.953137834297419,14.97325629672579,7143.469411358988,7140.002581027705,0.0,7143.469411358988,0.0,0.0
balanced_medium,fixed,2,B_corridor,True,40,42,140.825319354572,90.0,50.825319354572,3,4,29.143342487364862,2.856657512635138,0.0,18.825319354572002,86846.84054048013,71.72875297162547,6.031030593088898,14.970825495610992,7223.669221643613,1210.7674669157443,0.0,1203.9448702739355,0.0,0.0,36618.05810995671,74.16920752249825,6.357301755200818,16.07293449958121,7251.2707203674645,493.70971233377554,0.0,483.41804802449764,0.0,0.7770337179390836,392545.04947913595,72.21841872925813,5.926102800107729,15.471853346967787,7116.660643122462,5435.5254017781845,0.0,5456.106493060554,0.0,0.0,516009.9481295728,72.27027473361225,5.972337362610796,16.07293449958121,7143.469411358988,7140.002581027705,0.0,7143.469411358988,0.0,0.0
balanced_medium,fixed,3,A_no_override,True,40,43,204.17050978995167,90.0,114.17050978995167,4,0,51.580846621118326,30.0,30.0,2.58966316883334,85192.98392399782,71.48718556322133,5.916179439166515,14.997369102161212,7076.6236587113035,1191.7238488659684,0.0,1179.437276451884,0.0,0.0,33649.884731947255,72.18093561778778,5.841993877074176,14.971873887516715,7072.3124825482655,466.18798224132195,0.0,471.487498836551,0.0,0.0,400024.29366470454,72.1753387323964,6.039014095179718,14.971873887516715,7242.671063389345,5542.39579183507,0.0,5552.714481931832,0.0,0.0,518867.1623206496,72.06180478558746,6.005406971303815,14.997369102161212,7203.639257220267,7200.3076229423605,0.0,7203.639257220267,0.0,0.0
balanced_medium,fixed,3,B_corridor,True,40,42,140.47830151836342,90.0,50.47830151836342,3,4,21.580846621118326,10.419153378881674,0.0,18.478301518363423,85192.98392399782,71.48718556322133,5.916179439166515,14.997369102161212,7076.6236587113035,1191.7238488659684,0.0,1179.437276451884,0.0,0.0,35158.01379518058,75.41595908618051,6.103821839441073,22.334737402140124,6962.291421516164,466.18798224132195,0.0,464.1527614344109,0.0,5.623192315903214,400513.4339714342,72.26359304065967,6.04639845971368,15.0,7252.238112174745,5542.39579183507,0.0,5560.049219333971,0.0,0.0,520864.43169061263,72.3391914577345,6.028523514937646,22.334737402140124,7203.639257220267,7200.3076229423605,0.0,7203.639257220267,0.0,0.0
balanced_medium,fixed,4,A_no_override,True,40,43,207.87625853388727,90.0,117.87625853388727,4,0,56.03368212188889,30.0,30.0,1.8425764119983796,86334.19932274708,71.68369279527758,5.995430508524103,14.919017347597345,7145.151482655356,1204.3771178099053,0.0,1190.8585804425593,0.0,0.0,36058.87749050023,71.9006927299423,6.260221786545179,14.997154842146532,7557.529493522431,501.5094586909853,0.0,503.83529956816204,0.0,0.0,401359.57707374403,72.00980332209076,6.059172359205073,14.994636134432824,7283.510094682445,5573.679673564908,0.0,5584.024405923208,0.0,0.0,523752.6538869913,71.9483326197158,6.061952012580918,14.997154842146532,7278.718285933929,7279.566250065799,0.0,7278.718285933929,0.0,0.0
balanced_medium,fixed,4,B_corridor,True,40,42,142.0,90.0,52.0,3,4,26.033682121888887,5.966317878111113,0.0,20.0,86334.19932274708,71.68369279527758,5.995430508524103,14.919017347597345,7145.151482655356,1204.3771178099053,0.0,1190.8585804425593,0.0,0.0,38182.207832448126,76.13457168307333,6.628855526466689,21.000854503037978,7395.682498160181,501.5094586909853,0.0,493.04549987734543,0.0,5.739803419119951,401774.0284375663,72.08416198424854,6.065429173272438,15.065231060020789,7297.583746453076,5573.679673564908,0.0,5594.814205614025,0.0,0.0,526290.4355927615,72.29694977884218,6.091324486027332,21.000854503037978,7278.718285933929,7279.566250065799,0.0,7278.718285933929,0.0,0.0
balanced_medium,adaptive,0,A_no_override,True,40,44,242.0,90.0,152.0,4,0,54.655688793478475,30.0,30.0,37.344311206521525,92948.41521525341,76.0408749844788,6.45475105661482,19.377406104497368,7257.674842613828,1222.348049443483,0.0,1209.6124737689713,0.0,13.76540987135016,47585.634819614716,78.2450952973132,6.609115947168711,19.100836201100925,7357.969166290882,608.1612481753693,0.0,613.1640971909068,0.0,3.1161301576027753,407653.15288100054,75.84554289655625,6.290943717299391,19.721806114638845,7152.894679360096,5374.780604273451,0.0,5364.671009520072,0.0,11.47693722845225,548187.2029158686,76.08121399416558,6.344759293007739,19.721806114638845,7187.44758047995,7205.289901892303,0.0,7187.44758047995,0.0,11.47693722845225
balanced_medium,adaptive,0,B_corridor,True,40,43,202.0,90.0,112.0,4,4,34.655688793478475,30.0,30.0,17.344311206521525,92948.41521525341,76.0408749844788,6.45475105661482,19.377406104497368,7257.674842613828,1222.348049443483,0.0,1209.6124737689713,0.0,13.76540987135016,49880.45937598638,82.01847704969661,6.927841579998108,20.13502511177953,7291.993204382356,608.1612481753693,0.0,607.6661003651964,0.0,17.74440741375185,407990.97833368817,75.90839670912285,6.296157073050743,19.721806114638845,7160.225341794377,5374.780604273451,0.0,5370.169006345783,0.0,11.47693722845225,550819.852924928,76.44659138284885,6.375229779223703,20.13502511177953,7187.44758047995,7205.289901892303,0.0,7187.44758047995,0.0,11.47693722845225
balanced_medium,adaptive,1,A_no_override,True,40,44,242.0,90.0,152.0,4,0,87.61027321397296,24.38972678602704,30.0,10.0,89142.59420835474,74.5235895786616,6.190457931135746,18.10110721411944,7147.759137298601,1196.1661362844366,0.0,1191.2931895497668,0.0,15.336794787628808,46352.14620048635,77.02445178950907,6.437798083400882,18.15505037573719,7096.084454901791,601.784824475695,0.0,591.3403712418159,0.0,20.347202852582605,409386.77285097213,76.5206290154939,6.3176971118977185,19.859195273010943,7144.013992660731,5350.018395275861,0.0,5358.010494495548,0.0,11.673604563894676,544881.5132598132,76.22885411500769,6.306498996062652,19.859195273010943,7140.644055287131,7147.969356035993,0.0,7140.644055287131,0.0,11.673604563894676
balanced_medium,adaptive,1,B_corridor,True,40,42,142.0,90.0,52.0,3,4,27.61027321397296,4.38972678602704,0.0,20.0,89142.59420835474,74.5235895786616,6.190457931135746,18.10110721411944,7147.759137298601,1196.1661362844366,0.0,1191.2931895497668,0.0,15.336794787628808,47208.550907925455,78.44755963903859,6.556743181656313,18.15505037573719,7167.032206705076,601.784824475695,0.0,597.2526838920896,0.0,8.118885296311534,409522.34228815284,76.54596901008166,6.319789232841865,19.83116465253671,7136.130909127033,5350.018395275861,0.0,5352.098181845275,0.0,11.673604563894676,545873.487404433,76.36763117114911,6.317980178292048,19.83116465253671,7140.644055287131,7147.969356035993,0.0,7140.644055287131,0.0,11.673604563894676
balanced_medium,adaptive,2,A_no_override,True,40,43,209.14334248736486,90.0,119.14334248736486,3,0,59.14334248736486,30.0,30.0,0.0,90110.49579383607,74.42427902640924,6.257673319016394,18.772243319410883,7183.194916649116,1210.7674669157443,0.0,1197.1991527748526,0.0,15.116946024350511,37368.17310170144,75.68855173024923,6.487530052378722,19.063842808171334,7217.774495656324,493.70971233377554,0.0,481.18496637708824,0.0,11.675255939246808,418942.84229544114,77.07494884641467,6.324620203735525,19.69432448072834,7121.577980496697,5435.5254017781845,0.0,5459.876451714134,0.0,6.709527051559615,546421.5111909786,76.52959575153665,6.324323046191882,19.69432448072834,7138.260570866075,7140.002581027705,0.0,7138.260570866075,0.0,6.709527051559615
balanced_medium,adaptive,2,B_corridor,True,40,42,140.825319354572,90.0,50.825319354572,4,4,29.143342487364862,2.856657512635138,2.071497306542824,16.75382204802918,90110.49579383607,74.42427902640924,6.257673319016394,18.772243319410883,7183.194916649116,1210.7674669157443,0.0,1197.1991527748526,0.0,15.116946024350511,38466.68092858087,77.91355925883676,6.6782432167675125,19.063842808171334,7228.932364910333,493.70971233377554,0.0,481.9288243273555,0.0,15.129692053741001,418724.59503239114,77.03479683774619,6.321325408097692,19.69432448072834,7120.6077309963475,5435.5254017781845,0.0,5459.132593763867,0.0,6.709527051559615,547301.771754808,76.6528815002237,6.33451124716213,19.69432448072834,7138.260570866075,7140.002581027705,0.0,7138.260570866075,0.0,6.709527051559615
balanced_medium,adaptive,3,A_no_override,True,40,45,302.0,90.0,212.0,4,0,51.580846621118326,60.419153378881674,40.0,60.0,89225.22919929541,74.87072553276599,6.196196472173293,17.70134626480115,7053.403011620669,1191.7238488659684,0.0,1175.5671686034448,0.0,10.952963236749776,53989.13041884873,77.32372289861235,6.24874194662601,18.083620473897415,7081.106932802941,698.2220771966687,0.0,708.1106932802941,0.0,10.630551394799898,410526.1483697399,77.30662651678848,6.4792637053304905,19.57323862701657,7243.226481319378,5310.361696879723,0.0,5311.69941963421,0.0,7.913303986001697,553740.507987884,76.9051180846078,6.409033657267176,19.57323862701657,7195.377281517949,7200.3076229423605,0.0,7195.377281517949,0.0,7.913303986001697
balanced_medium,adaptive,3,B_corridor,True,40,42,140.47830151836342,90.0,50.47830151836342,4,4,21.580846621118326,10.419153378881674,6.167240947794653,12.31106057056877,89225.22919929541,74.87072553276599,6.196196472173293,17.70134626480115,7053.403011620669,1191.7238488659684,0.0,1175.5671686034448,0.0,10.952963236749776,54312.1489177426,77.78635292628316,6.286128346960949,22.334737402140124,7125.800666675193,698.2220771966687,0.0,712.5800666675193,0.0,9.014524610637977,410561.0943269943,77.31320722809389,6.479815251373016,19.57323862701657,7237.1318812458885,5310.361696879723,0.0,5307.230046246985,0.0,7.913303986001697,554098.4724440323,76.95483324608338,6.413176764398522,22.334737402140124,7195.377281517949,7200.3076229423605,0.0,7195.377281517949,0.0,7.913303986001697
balanced_medium,adaptive,4,A_no_override,True,40,44,247.87625853388727,90.0,157.87625853388727,4,0,49.809749281111635,30.0,40.0,38.06650925277563,90927.47941027957,75.49751491096599,6.314408292380525,18.639407152204747,7034.073286316865,1204.3771178099053,0.0,1172.3455477194775,0.0,20.179804853825974,48877.103041267,77.99581466323714,6.788486533509306,18.95396061677301,7577.677388887695,626.6631517640258,0.0,631.4731157406412,0.0,7.995809383856026,420045.8445194366,77.09348290223566,6.482188958633281,19.617426400623483,7290.345507154757,5448.525980491868,0.0,5467.759130366067,0.0,8.398807392238476,559850.4269709832,76.90711338274073,6.479750312164157,19.617426400623483,7271.577793826186,7279.566250065799,0.0,7271.577793826186,0.0,8.398807392238476
balanced_medium,adaptive,4,B_corridor,True,40,42,142.0,90.0,52.0,3,4,29.809749281111635,2.1902507188883646,0.0,20.0,90927.47941027957,75.49751491096599,6.314408292380525,18.639407152204747,7034.073286316865,1204.3771178099053,0.0,1172.3455477194775,0.0,20.179804853825974,50296.48801045983,80.26080338197276,6.985623334786087,21.69096466997432,7557.385812848003,626.6631517640258,0.0,629.7821510706669,0.0,7.995809383856026,420096.57345953584,77.10279348280018,6.482971812647158,19.617426400623483,7292.600126714722,5448.525980491868,0.0,5469.450095036042,0.0,8.398807392238476,561320.5408802752,77.10906413897963,6.49676551944763,21.69096466997432,7271.577793826186,7279.566250065799,0.0,7271.577793826186,0.0,8.398807392238476
balanced_medium,qubo_receding,0,A_no_override,True,40,43,207.65847191660305,90.0,117.65847191660305,3,0,57.65847191660305,30.0,30.0,0.0,87589.26282127862,71.65656529754902,6.082587695922126,14.954987800428032,7304.4115587863525,1222.348049443483,0.0,1217.401926464392,0.0,0.0,35672.06934800325,72.38265137899371,6.193067595139453,14.665035986465558,7391.531433677204,492.82623209289756,0.0,492.76876224514695,0.0,0.0,395013.24993592047,71.94989636854167,5.963364280433582,14.995891197681933,7156.147616541276,5490.115620355922,0.0,5486.379839348312,0.0,0.0,518274.58210520237,71.92973345445678,5.998548403995398,14.995891197681933,7196.550528057851,7205.289901892303,0.0,7196.550528057851,0.0,0.0
balanced_medium,qubo_receding,0,B_corridor,True,40,42,142.0,90.0,52.0,3,4,27.658471916603048,4.341528083396952,0.0,20.0,87589.26282127862,71.65656529754902,6.082587695922126,14.954987800428032,7304.4115587863525,1222.348049443483,0.0,1217.401926464392,0.0,0.0,36765.29382013618,74.60092711381066,6.38286351044031,17.384754774427947,7355.760112060786,492.82623209289756,0.0,490.38400747071904,0.0,0.0,395163.9430567287,71.9773444463653,5.965639236967522,14.995891197681933,7159.258166247052,5490.115620355922,0.0,5488.76459412274,0.0,0.0,519518.4996981435,72.10237294709044,6.012945598358143,17.384754774427947,7196.550528057851,7205.289901892303,0.0,7196.550528057851,0.0,0.0
balanced_medium,qubo_receding,1,A_no_override,True,40,43,207.61027321397296,90.0,117.61027321397296,3,0,57.61027321397296,30.0,30.0,0.0,86323.15322452641,72.16652487142439,5.99466341836989,14.908214517748865,7227.14697771224,1196.1661362844366,0.0,1204.5244962853733,0.0,0.0,34105.037632354135,72.14558186665205,5.921013477839259,14.872178256277362,7150.464281769324,472.72524179500107,0.0,476.69761878462157,0.0,0.0,393196.3520648931,71.76323345767337,5.93593526668015,14.988512358785085,7136.6136046334805,5479.077977956555,0.0,5471.4037635523355,0.0,0.0,513624.5429217737,71.85600795672849,5.944728506039048,14.988512358785085,7152.62587862233,7147.969356035993,0.0,7152.62587862233,0.0,0.0
balanced_medium,qubo_receding,1,B_corridor,True,40,42,142.0,90.0,52.0,3,4,27.61027321397296,4.38972678602704,0.0,20.0,86323.15322452641,72.16652487142439,5.99466341836989,14.908214517748865,7227.14697771224,1196.1661362844366,0.0,1204.5244962853733,0.0,0.0,35319.1509392783,74.7139095115098,6.131797038069148,20.496078049119966,7092.938173911172,472.72524179500107,0.0,472.8625449274115,0.0,0.8772731724352099,393356.2103571164,71.79240958783001,5.938348586309124,15.0,7141.615874882015,5479.077977956555,0.0,5475.238837409545,0.0,0.0,514998.5145209211,72.04822640797117,5.9606309551032535,20.496078049119966,7152.62587862233,7147.969356035993,0.0,7152.62587862233,0.0,0.0
balanced_medium,qubo_receding,2,A_no_override,True,40,43,209.14334248736486,90.0,119.14334248736486,3,0,59.14334248736486,30.0,30.0,0.0,86846.84054048013,71.72875297162547,6.031030593088898,14.970825495610992,7223.669221643613,1210.7674669157443,0.0,1203.9448702739355,0.0,0.0,35071.704662596094,71.03709687381165,6.088837615034044,14.770978374351081,7263.853845079392,493.70971233377554,0.0,484.2569230052928,0.0,0.0,392432.5636802207,72.19772417066432,5.924404644930868,14.97325629672579,7115.566458364904,5435.5254017781845,0.0,5455.26761807976,0.0,0.0,514351.10888329695,72.03794439094771,5.953137834297419,14.97325629672579,7143.469411358988,7140.002581027705,0.0,7143.469411358988,0.0,0.0
balanced_medium,qubo_receding,2,B_corridor,True,40,42,140.825319354572,90.0,50.825319354572,3,4,29.143342487364862,2.856657512635138,0.0,18.825319354572002,86846.84054048013,71.72875297162547,6.031030593088898,14.970825495610992,7223.669221643613,1210.7674669157443,0.0,1203.9448702739355,0.0,0.0,36604.38132872037,74.14150545204132,6.354927314013953,16.07293449958121,7262.926226136551,493.70971233377554,0.0,484.19508174243674,0.0,0.32114101006068907,392503.06149708154,72.2106939963297,5.925468923567053,14.97325629672579,7115.647120881672,5435.5254017781845,0.0,5455.329459342615,0.0,0.0,515954.283366282,72.26247855109564,5.9716930945171525,16.07293449958121,7143.469411358988,7140.002581027705,0.0,7143.469411358988,0.0,0.0
balanced_medium,qubo_receding,3,A_no_override,True,40,43,204.17050978995167,90.0,114.17050978995167,4,0,51.580846621118326,30.0,30.0,2.58966316883334,85192.98392399782,71.48718556322133,5.916179439166515,14.997369102161212,7076.6236587113035,1191.7238488659684,0.0,1179.437276451884,0.0,0.0,33649.884731947255,72.18093561778778,5.841993877074176,14.971873887516715,7072.3124825482655,466.18798224132195,0.0,471.487498836551,0.0,0.0,400024.29366470454,72.1753387323964,6.039014095179718,14.971873887516715,7242.671063389345,5542.39579183507,0.0,5552.714481931832,0.0,0.0,518867.1623206496,72.06180478558746,6.005406971303815,14.997369102161212,7203.639257220267,7200.3076229423605,0.0,7203.639257220267,0.0,0.0
balanced_medium,qubo_receding,3,B_corridor,True,40,42,140.47830151836342,90.0,50.47830151836342,3,4,21.580846621118326,10.419153378881674,0.0,18.478301518363423,85192.98392399782,71.48718556322133,5.916179439166515,14.997369102161212,7076.6236587113035,1191.7238488659684,0.0,1179.437276451884,0.0,0.0,35158.01379518058,75.41595908618051,6.103821839441073,22.334737402140124,6962.291421516164,466.18798224132195,0.0,464.1527614344109,0.0,5.623192315903214,400513.4339714342,72.26359304065967,6.04639845971368,15.0,7252.238112174745,5542.39579183507,0.0,5560.049219333971,0.0,0.0,520864.43169061263,72.3391914577345,6.028523514937646,22.334737402140124,7203.639257220267,7200.3076229423605,0.0,7203.639257220267,0.0,0.0
balanced_medium,qubo_receding,4,A_no_override,True,40,43,207.87625853388727,90.0,117.87625853388727,4,0,56.03368212188889,30.0,30.0,1.8425764119983796,86334.19932274708,71.68369279527758,5.995430508524103,14.919017347597345,7145.151482655356,1204.3771178099053,0.0,1190.8585804425593,0.0,0.0,36058.87749050023,71.9006927299423,6.260221786545179,14.997154842146532,7557.529493522431,501.5094586909853,0.0,503.83529956816204,0.0,0.0,401359.57707374403,72.00980332209076,6.059172359205073,14.994636134432824,7283.510094682445,5573.679673564908,0.0,5584.024405923208,0.0,0.0,523752.6538869913,71.9483326197158,6.061952012580918,14.997154842146532,7278.718285933929,7279.566250065799,0.0,7278.718285933929,0.0,0.0
balanced_medium,qubo_receding,4,B_corridor,True,40,42,142.0,90.0,52.0,3,4,26.033682121888887,5.966317878111113,0.0,20.0,86334.19932274708,71.68369279527758,5.995430508524103,14.919017347597345,7145.151482655356,1204.3771178099053,0.0,1190.8585804425593,0.0,0.0,38182.207832448126,76.13457168307333,6.628855526466689,21.000854503037978,7395.682498160181,501.5094586909853,0.0,493.04549987734543,0.0,5.739803419119951,401774.0284375663,72.08416198424854,6.065429173272438,15.065231060020789,7297.583746453076,5573.679673564908,0.0,5594.814205614025,0.0,0.0,526290.4355927615,72.29694977884218,6.091324486027332,21.000854503037978,7278.718285933929,7279.566250065799,0.0,7278.718285933929,0.0,0.0
balanced_medium,qubo_exact_static,0,A_no_override,True,40,43,207.65847191660305,90.0,117.65847191660305,3,0,57.65847191660305,30.0,30.0,0.0,87589.26282127862,71.65656529754902,6.082587695922126,14.954987800428032,7304.4115587863525,1222.348049443483,0.0,1217.401926464392,0.0,0.0,35672.06934800325,72.38265137899371,6.193067595139453,14.665035986465558,7391.531433677204,492.82623209289756,0.0,492.76876224514695,0.0,0.0,395013.24993592047,71.94989636854167,5.963364280433582,14.995891197681933,7156.147616541276,5490.115620355922,0.0,5486.379839348312,0.0,0.0,518274.58210520237,71.92973345445678,5.998548403995398,14.995891197681933,7196.550528057851,7205.289901892303,0.0,7196.550528057851,0.0,0.0
balanced_medium,qubo_exact_static,0,B_corridor,True,40,42,142.0,90.0,52.0,3,4,27.658471916603048,4.341528083396952,0.0,20.0,87589.26282127862,71.65656529754902,6.082587695922126,14.954987800428032,7304.4115587863525,1222.348049443483,0.0,1217.401926464392,0.0,0.0,36765.29382013618,74.60092711381066,6.38286351044031,17.384754774427947,7355.760112060786,492.82623209289756,0.0,490.38400747071904,0.0,0.0,395163.9430567287,71.9773444463653,5.965639236967522,14.995891197681933,7159.258166247052,5490.115620355922,0.0,5488.76459412274,0.0,0.0,519518.4996981435,72.10237294709044,6.012945598358143,17.384754774427947,7196.550528057851,7205.289901892303,0.0,7196.550528057851,0.0,0.0
balanced_medium,qubo_exact_static,1,A_no_override,True,40,43,207.61027321397296,90.0,117.61027321397296,3,0,57.61027321397296,30.0,30.0,0.0,86323.15322452641,72.16652487142439,5.99466341836989,14.908214517748865,7227.14697771224,1196.1661362844366,0.0,1204.5244962853733,0.0,0.0,34105.037632354135,72.14558186665205,5.921013477839259,14.872178256277362,7150.464281769324,472.72524179500107,0.0,476.69761878462157,0.0,0.0,393196.3520648931,71.76323345767337,5.93593526668015,14.988512358785085,7136.6136046334805,5479.077977956555,0.0,5471.4037635523355,0.0,0.0,513624.5429217737,71.85600795672849,5.944728506039048,14.988512358785085,7152.62587862233,7147.969356035993,0.0,7152.62587862233,0.0,0.0
balanced_medium,qubo_exact_static,1,B_corridor,True,40,42,142.0,90.0,52.0,3,4,27.61027321397296,4.38972678602704,0.0,20.0,86323.15322452641,72.16652487142439,5.99466341836989,14.908214517748865,7227.14697771224,1196.1661362844366,0.0,1204.5244962853733,0.0,0.0,35610.267163069126,75.32973493831675,6.1823380491439455,20.496078049119966,7084.22096442923,472.72524179500107,0.0,472.2813976286153,0.0,3.6827748204528064,393347.3265809072,71.79078818798045,5.938214471330121,14.988512358785085,7142.373893097836,5479.077977956555,0.0,5475.8199847083415,0.0,0.0,515280.74696850276,72.08771069134227,5.963897534357671,20.496078049119966,7152.62587862233,7147.969356035993,0.0,7152.62587862233,0.0,0.0
balanced_medium,qubo_exact_static,2,A_no_override,True,40,43,209.14334248736486,90.0,119.14334248736486,3,0,59.14334248736486,30.0,30.0,0.0,86846.84054048013,71.72875297162547,6.031030593088898,14.970825495610992,7223.669221643613,1210.7674669157443,0.0,1203.9448702739355,0.0,0.0,35071.704662596094,71.03709687381165,6.088837615034044,14.770978374351081,7263.853845079392,493.70971233377554,0.0,484.2569230052928,0.0,0.0,392432.5636802207,72.19772417066432,5.924404644930868,14.97325629672579,7115.566458364904,5435.5254017781845,0.0,5455.26761807976,0.0,0.0,514351.10888329695,72.03794439094771,5.953137834297419,14.97325629672579,7143.469411358988,7140.002581027705,0.0,7143.469411358988,0.0,0.0
balanced_medium,qubo_exact_static,2,B_corridor,True,40,42,140.825319354572,90.0,50.825319354572,3,4,29.143342487364862,2.856657512635138,0.0,18.825319354572002,86846.84054048013,71.72875297162547,6.031030593088898,14.970825495610992,7223.669221643613,1210.7674669157443,0.0,1203.9448702739355,0.0,0.0,36618.05810995671,74.16920752249825,6.357301755200818,16.07293449958121,7251.2707203674645,493.70971233377554,0.0,483.41804802449764,0.0,0.7770337179390836,392545.04947913595,72.21841872925813,5.926102800107729,15.471853346967787,7116.660643122462,5435.5254017781845,0.0,5456.106493060554,0.0,0.0,516009.9481295728,72.27027473361225,5.972337362610796,16.07293449958121,7143.469411358988,7140.002581027705,0.0,7143.469411358988,0.0,0.0
balanced_medium,qubo_exact_static,3,A_no_override,True,40,43,204.17050978995167,90.0,114.17050978995167,4,0,51.580846621118326,30.0,30.0,2.58966316883334,85192.98392399782,71.48718556322133,5.916179439166515,14.997369102161212,7076.6236587113035,1191.7238488659684,0.0,1179.437276451884,0.0,0.0,33649.884731947255,72.18093561778778,5.841993877074176,14.971873887516715,7072.3124825482655,466.18798224132195,0.0,471.487498836551,0.0,0.0,400024.29366470454,72.1753387323964,6.039014095179718,14.971873887516715,7242.671063389345,5542.39579183507,0.0,5552.714481931832,0.0,0.0,518867.1623206496,72.06180478558746,6.005406971303815,14.997369102161212,7203.639257220267,7200.3076229423605,0.0,7203.639257220267,0.0,0.0
balanced_medium,qubo_exact_static,3,B_corridor,True,40,42,140.47830151836342,90.0,50.47830151836342,3,4,21.580846621118326,10.419153378881674,0.0,18.478301518363423,85192.98392399782,71.48718556322133,5.916179439166515,14.997369102161212,7076.6236587113035,1191.7238488659684,0.0,1179.437276451884,0.0,0.0,35158.01379518058,75.41595908618051,6.103821839441073,22.334737402140124,6962.291421516164,466.18798224132195,0.0,464.1527614344109,0.0,5.623192315903214,400513.4339714342,72.26359304065967,6.04639845971368,15.0,7252.238112174745,5542.39579183507,0.0,5560.049219333971,0.0,0.0,520864.43169061263,72.3391914577345,6.028523514937646,22.334737402140124,7203.639257220267,7200.3076229423605,0.0,7203.639257220267,0.0,0.0
balanced_medium,qubo_exact_static,4,A_no_override,True,40,43,207.87625853388727,90.0,117.87625853388727,4,0,56.03368212188889,30.0,30.0,1.8425764119983796,86334.19932274708,71.68369279527758,5.995430508524103,14.919017347597345,7145.151482655356,1204.3771178099053,0.0,1190.8585804425593,0.0,0.0,36058.87749050023,71.9006927299423,6.260221786545179,14.997154842146532,7557.529493522431,501.5094586909853,0.0,503.83529956816204,0.0,0.0,401359.57707374403,72.00980332209076,6.059172359205073,14.994636134432824,7283.510094682445,5573.679673564908,0.0,5584.024405923208,0.0,0.0,523752.6538869913,71.9483326197158,6.061952012580918,14.997154842146532,7278.718285933929,7279.566250065799,0.0,7278.718285933929,0.0,0.0
balanced_medium,qubo_exact_static,4,B_corridor,True,40,42,142.0,90.0,52.0,3,4,26.033682121888887,5.966317878111113,0.0,20.0,86334.19932274708,71.68369279527758,5.995430508524103,14.919017347597345,7145.151482655356,1204.3771178099053,0.0,1190.8585804425593,0.0,0.0,38182.207832448126,76.13457168307333,6.628855526466689,21.000854503037978,7395.682498160181,501.5094586909853,0.0,493.04549987734543,0.0,5.739803419119951,401774.0284375663,72.08416198424854,6.065429173272438,15.065231060020789,7297.583746453076,5573.679673564908,0.0,5594.814205614025,0.0,0.0,526290.4355927615,72.29694977884218,6.091324486027332,21.000854503037978,7278.718285933929,7279.566250065799,0.0,7278.718285933929,0.0,0.0
balanced_medium,qaoa_p1_static,0,A_no_override,True,40,43,207.65847191660305,90.0,117.65847191660305,3,0,47.65847191660305,40.0,30.0,0.0,98308.9797186628,80.42633991474149,6.827012480462694,29.390863923127135,7087.061521845333,1222.348049443483,0.0,1181.1769203075555,0.0,37.15151972981017,46333.5552395156,94.01600852850248,8.044020006860347,38.370940067306265,7154.614904937521,492.82623209289756,0.0,476.9743269958347,1.2023341259973588,57.539088520152205,612881.0214697683,114.16478059634794,9.252430879676453,40.0,6950.070541316873,5368.389605518796,121.72601483712671,5328.387415009603,229.19482146478518,90.0,757523.5564279467,106.94102128623126,8.767633754953087,40.0,6986.538662312993,7083.563887055177,121.72601483712671,6986.538662312993,230.39715559078255,90.0
balanced_medium,qaoa_p1_static,0,B_corridor,True,40,42,142.0,90.0,52.0,3,4,27.658471916603048,4.341528083396952,0.0,20.0,98308.9797186628,80.42633991474149,6.827012480462694,29.390863923127135,7087.061521845333,1222.348049443483,0.0,1181.1769203075555,0.0,37.15151972981017,47185.98990766115,95.74569459761753,8.192012136746728,38.370940067306265,7118.843583321102,492.82623209289756,0.0,474.5895722214068,1.2023341259973588,57.539088520152205,613031.7145905765,114.19285104798828,9.254705836210393,40.0,6953.181091022649,5368.389605518796,121.72601483712671,5330.772169784031,229.19482146478518,90.0,758526.6842169005,107.08263471768305,8.7792440302882,40.0,6986.538662312993,7083.563887055177,121.72601483712671,6986.538662312993,230.39715559078255,90.0
balanced_medium,qaoa_p1_static,1,A_no_override,True,40,43,207.61027321397296,90.0,117.61027321397296,3,0,57.61027321397296,30.0,30.0,0.0,86323.15322452641,72.16652487142439,5.99466341836989,14.908214517748865,7227.14697771224,1196.1661362844366,0.0,1204.5244962853733,0.0,0.0,34105.037632354135,72.14558186665205,5.921013477839259,14.872178256277362,7150.464281769324,472.72524179500107,0.0,476.69761878462157,0.0,0.0,393196.3520648931,71.76323345767337,5.93593526668015,14.988512358785085,7136.6136046334805,5479.077977956555,0.0,5471.4037635523355,0.0,0.0,513624.5429217737,71.85600795672849,5.944728506039048,14.988512358785085,7152.62587862233,7147.969356035993,0.0,7152.62587862233,0.0,0.0
balanced_medium,qaoa_p1_static,1,B_corridor,True,40,42,142.0,90.0,52.0,3,4,27.61027321397296,4.38972678602704,0.0,20.0,86323.15322452641,72.16652487142439,5.99466341836989,14.908214517748865,7227.14697771224,1196.1661362844366,0.0,1204.5244962853733,0.0,0.0,35610.267163069126,75.32973493831675,6.1823380491439455,20.496078049119966,7084.22096442923,472.72524179500107,0.0,472.2813976286153,0.0,3.6827748204528064,393347.3265809072,71.79078818798045,5.938214471330121,14.988512358785085,7142.373893097836,5479.077977956555,0.0,5475.8199847083415,0.0,0.0,515280.74696850276,72.08771069134227,5.963897534357671,20.496078049119966,7152.62587862233,7147.969356035993,0.0,7152.62587862233,0.0,0.0
balanced_medium,qaoa_p1_static,2,A_no_override,True,40,43,209.14334248736486,90.0,119.14334248736486,3,0,59.14334248736486,30.0,30.0,0.0,95039.20885687499,78.4950136618501,6.599945059505208,30.206997775157465,7011.3672649437085,1210.7674669157443,0.0,1168.5612108239513,0.0,37.52109176590642,46224.967473726254,93.62782687668818,8.025167964188586,38.71132376029472,6991.101721977208,493.70971233377554,0.0,466.0734481318139,0.0,57.39040305051546,606355.0476038003,114.46332340873694,9.153910742810995,40.0,6890.813653288474,5297.3741242735705,138.15127750461423,5282.95713418783,204.81036174634522,89.63886139284452,747619.2239344015,106.77450741609228,8.653000277018537,40.0,6917.591793143595,7001.85130352309,138.15127750461423,6917.591793143595,204.81036174634522,89.63886139284452
balanced_medium,qaoa_p1_static,2,B_corridor,True,40,42,140.825319354572,90.0,50.825319354572,3,4,29.143342487364862,2.856657512635138,0.0,18.825319354572002,95039.20885687499,78.4950136618501,6.599945059505208,30.206997775157465,7011.3672649437085,1210.7674669157443,0.0,1168.5612108239513,0.0,37.52109176590642,46909.54552475529,95.01442720867885,8.144018320270016,38.71132376029472,6979.446216208122,493.70971233377554,0.0,465.2964144138748,0.0,58.105595505598494,606465.6781648298,114.48420744645718,9.155580890169533,40.0,6891.8271755292635,5297.3741242735705,138.15127750461423,5283.734167905769,204.81036174634522,89.63886139284452,748414.4325464602,106.88807860999331,8.662204080398844,40.0,6917.591793143594,7001.85130352309,138.15127750461423,6917.591793143594,204.81036174634522,89.63886139284452
balanced_medium,qaoa_p1_static,3,A_no_override,True,40,46,377.81632501280455,90.0,287.81632501280455,4,0,51.580846621118326,30.0,30.0,176.23547839168623,96072.82975433748,80.61668804040411,6.671724288495659,34.40655728285459,6849.559268260834,1191.7238488659684,0.0,1141.5932113768056,0.0,41.46783200899755,80924.17795847592,98.52725296330753,8.02819225778531,40.0,6904.571009905165,821.3380108000457,0.0,805.5332844889359,17.880036393918935,65.7179662006354,591813.3918956621,117.77566023859185,9.557709817436402,40.0,6983.833848990864,5024.921029495881,162.3247337804651,5005.080925110119,215.0,87.49304750001352,768810.3996084755,109.2373215047739,8.898268513986984,40.0,6952.207420975861,7037.982889161895,162.3247337804651,6952.207420975861,232.88003639391894,87.49304750001352
balanced_medium,qaoa_p1_static,3,B_corridor,True,40,43,215.6458152228529,90.0,125.64581522285289,3,4,21.580846621118326,10.419153378881674,0.0,93.64581522285289,96072.82975433748,80.61668804040411,6.671724288495659,34.40655728285459,6849.559268260834,1191.7238488659684,0.0,1141.5932113768056,0.0,41.46783200899755,75067.59184753249,91.39670983254622,7.447181730906001,38.29335636878784,7225.51090373094,821.3380108000457,0.0,842.9762721019431,0.0,23.047594843297695,571185.1950674467,112.77277409482089,9.224567103802434,40.0,6987.401773251784,5064.921029495881,122.32473378046512,5007.637937497112,201.37900128709802,87.49304750001352,742325.6166693167,104.87813100057035,8.591731674413387,40.0,6992.207420975861,7077.982889161895,122.32473378046512,6992.207420975861,201.37900128709802,87.49304750001352
balanced_medium,qaoa_p1_static,4,A_no_override,True,40,46,385.92087317121695,90.0,295.92087317121695,4,0,46.03368212188889,212.27272378967564,33.693594088435475,3.920873171216954,105384.46184610875,87.50121559744069,7.318365405979774,35.93689362154421,6691.999543942152,1204.3771178099053,0.0,1115.333257323692,0.0,84.24817544599563,108552.67419464268,127.36061477271876,10.769114503436773,40.0,6778.271228558365,852.3253000023612,19.79597934953955,790.7983099984759,53.86560776575331,148.98016602005737,870349.9129695513,178.52163268723896,14.056038646149084,40.0,6732.045768079298,4875.319029231382,327.74882367261085,4824.63280045683,859.9210021772882,208.6831052893404,1084287.0490103026,156.4171515182958,12.549618622804429,40.0,6730.764367778997,6932.021447043649,347.5448030221504,6730.764367778997,913.7866099430415,208.6831052893404
balanced_medium,qaoa_p1_static,4,B_corridor,True,40,42,152.0,90.0,62.0,3,4,26.033682121888887,28.239041667787205,7.727276210323907,0.0,105384.46184610875,87.50121559744069,7.318365405979774,35.93689362154421,6691.999543942152,1204.3771178099053,0.0,1115.333257323692,0.0,84.24817544599563,98179.44066097541,115.19010483521188,9.740023875096767,40.0,7121.128371415508,852.3253000023612,19.79597934953955,830.7983099984759,16.838685729252603,102.52365439055664,835162.398306865,169.910110277717,13.487764830537225,40.0,6732.045768079298,4915.319029231382,287.74882367261085,4824.63280045683,766.8262556946047,208.6831052893404,1038726.3008139492,148.98495489488218,12.022295148309597,40.0,6770.764367778997,6972.021447043649,307.5448030221504,6770.764367778997,783.6649414238573,208.6831052893404
ns_heavy,fixed,0,A_no_override,True,40,44,242.0,90.0,152.0,4,0,44.829235958301524,30.0,30.0,47.170764041698476,165332.84733834662,144.56602006833626,11.481447731829626,40.0,6852.477439413842,1143.6494361551484,204.47637388253503,1142.0795732356403,0.0,149.66254474568893,82840.83628101606,145.61091970972785,11.505671705696676,40.0,6919.174085152152,568.9191198445654,98.52407957080315,576.597840429346,0.0,146.18232816641162,741858.0723328568,144.64096239894383,11.448427042173716,40.0,6825.597554713295,5128.962501553943,782.9187454155242,5119.198166034971,0.0,150.0,990031.7559522195,144.70909327512834,11.458700879076614,40.0,6837.875579699958,6841.531057553657,1085.9191988688624,6837.875579699958,0.0,150.0
ns_heavy,fixed,0,B_corridor,True,40,42,142.0,90.0,52.0,3,4,14.829235958301524,17.170764041698476,0.0,20.0,165332.84733834662,144.56602006833626,11.481447731829626,40.0,6852.477439413842,1143.6494361551484,204.47637388253503,1142.0795732356403,0.0,149.66254474568893,88076.5319705921,158.93997529334342,12.232851662582236,40.0,6439.174085152152,554.149651829478,113.29354758589054,536.597840429346,0.0,171.41286015132425,809371.9042519515,157.81130873172992,12.490307164381967,40.0,6825.597554713295,5128.73196956903,783.1492774004367,5119.198166034971,0.0,175.0,1062781.2835608902,155.6839446859188,12.300709300473267,40.0,6797.875579699958,6826.531057553657,1100.9191988688624,6797.875579699958,0.0,175.0
ns_heavy,fixed,1,A_no_override,True,40,44,242.0,90.0,152.0,4,0,44.80513660698671,30.0,30.0,47.19486339301329,165077.8459940323,145.22847431263972,11.463739305141132,40.0,6843.5220121638,1136.6768588277116,183.60655722471813,1140.5870020273,0.0,148.22519013446725,82255.54895361242,144.28504919358824,11.424381799112837,40.0,6805.706318907758,570.0905909055732,95.95508372788828,567.1421932423132,0.0,150.0,740302.4382895534,145.0624617479884,11.424420343974589,40.0,6807.1860767892895,5103.3356898054935,813.2176831443769,5105.389557591967,0.0,149.09857982353242,987635.8332371982,145.02509183790232,11.430970292097202,40.0,6813.11875286158,6810.103139538778,1092.7793240969834,6813.11875286158,0.0,149.09857982353242
ns_heavy,fixed,1,B_corridor,True,40,42,142.0,90.0,52.0,3,4,14.805136606986707,17.194863393013293,0.0,20.0,165077.8459940323,145.22847431263972,11.463739305141132,40.0,6843.5220121638,1136.6768588277116,183.60655722471813,1140.5870020273,0.0,148.22519013446725,87205.54895361242,157.10147205223842,12.111881799112837,40.0,6325.706318907758,555.0905909055732,110.95508372788828,527.1421932423132,0.0,175.0,807802.4382895534,158.28910488942216,12.466087010641257,40.0,6807.1860767892895,5103.3356898054935,813.2176831443769,5105.389557591967,0.0,174.09857982353242,1060085.8332371982,156.00732048772878,12.269511958763868,40.0,6773.11875286158,6795.103139538778,1107.7793240969834,6773.11875286158,0.0,174.09857982353242
ns_heavy,fixed,2,A_no_override,True,40,44,242.0,90.0,152.0,4,0,45.57167124368243,30.0,30.0,46.42832875631757,165208.70895363536,145.05396398447863,11.472827010669123,40.0,6838.122240764081,1138.9465300742377,202.0250480321381,1139.6870401273468,0.0,150.0,82661.49902552314,143.89698589381388,11.480763753544881,40.0,6806.224213993488,574.4491346505455,99.112378772991,567.185351166124,0.0,148.54075185687938,739820.904536453,144.6828994393905,11.416989267537854,40.0,6830.537433199407,5113.39562175676,718.1722965122239,5122.903074899556,0.0,143.483136669596,987691.1125156115,144.67867422158398,11.431610098560318,40.0,6829.775466193026,6826.7912864815435,1019.309723317353,6829.775466193026,0.0,143.483136669596
ns_heavy,fixed,2,B_corridor,True,40,42,142.0,90.0,52.0,3,4,15.571671243682431,16.42832875631757,0.0,20.0,165208.70895363536,145.05396398447863,11.472827010669123,40.0,6838.122240764081,1138.9465300742377,202.0250480321381,1139.6870401273468,0.0,150.0,87456.00642137902,157.59802689950854,12.146667558524863,40.0,6326.224213993488,554.9308461656365,118.63066725789996,527.185351166124,0.0,169.02246337197042,807006.6712350436,157.68273663613394,12.453806654861783,40.0,6830.537433199407,5117.913910241669,713.6540080273148,5122.903074899556,0.0,168.483136669596,1059671.386610058,155.56427700787702,12.264715122801595,40.0,6789.775466193026,6811.7912864815435,1034.309723317353,6789.775466193026,0.0,168.483136669596
ns_heavy,fixed,3,A_no_override,True,40,44,242.0,90.0,152.0,4,0,41.79042331055916,30.0,30.0,50.20957668944084,164282.48461654046,144.95040392265966,11.408505876148643,40.0,6777.614370288015,1133.3703126774017,187.5058779510129,1129.6023950480026,0.0,149.44138886185365,81978.18869498113,145.35763469589912,11.385859540969602,40.0,6803.750504864236,563.9758026228665,78.96404558663384,566.9792087386863,0.0,148.32218339304012,743980.748435514,144.68761661085586,11.481184389436946,40.0,6860.013157453829,5141.979430323227,808.4930778091074,5145.009868090372,0.0,145.66496942156934,990241.4217470357,144.78641426575962,11.461127566516616,40.0,6841.591471877061,6839.325545623495,1074.963001346754,6841.591471877061,0.0,145.66496942156934
ns_heavy,fixed,3,B_corridor,True,40,42,142.0,90.0,52.0,3,4,11.790423310559163,20.209576689440837,0.0,20.0,164282.48461654046,144.95040392265966,11.408505876148643,40.0,6777.614370288015,1133.3703126774017,187.5058779510129,1129.6023950480026,0.0,149.44138886185365,87082.22493195723,159.0628502656204,12.094753462771838,40.0,6323.750504864236,547.4705425342114,95.46930567528892,526.9792087386863,0.0,171.81692330438503,811360.6719738577,157.74532652665198,12.520998024287927,40.0,6860.013157453829,5143.484690411881,806.9878177204523,5145.009868090372,0.0,170.66496942156934,1062725.3815223554,155.7260676410567,12.300062286138372,40.0,6801.591471877061,6824.325545623495,1089.963001346754,6801.591471877061,0.0,170.66496942156934
ns_heavy,fixed,4,A_no_override,True,40,44,242.0,90.0,152.0,4,0,44.016841060944444,30.0,30.0,47.983158939055556,165038.49290138876,144.23891456353113,11.46100645148533,40.0,6826.81004945545,1144.2022660860798,174.70417279327833,1137.8016749092417,0.0,149.9872632129712,82915.93727279235,144.86985793933448,11.516102398998937,40.0,6884.254343497828,572.3477502650284,122.9769504250112,573.6878619581523,0.0,150.0,743922.1436665765,144.88700202078633,11.480279994854575,40.0,6853.280865021563,5134.498839032152,868.5764014859674,5139.960648766172,0.0,149.6419739223109,991876.5738407576,144.7773318769116,11.480052937971731,40.0,6851.4501856335655,6851.04885538326,1166.2575247042569,6851.4501856335655,0.0,149.6419739223109
ns_heavy,fixed,4,B_corridor,True,40,42,142.0,90.0,52.0,3,4,14.016841060944444,17.983158939055556,0.0,20.0,165038.49290138876,144.23891456353113,11.46100645148533,40.0,6826.81004945545,1144.2022660860798,174.70417279327833,1137.8016749092417,0.0,149.9872632129712,88165.93727279235,158.18837921363806,12.245269065665603,40.0,6404.254343497828,557.3477502650284,137.97695042501118,533.6878619581523,0.0,175.0,811422.1436665765,158.03336783294097,12.521946661521241,40.0,6853.280865021563,5134.498839032152,868.5764014859674,5139.960648766172,0.0,174.6419739223109,1064626.5738407576,155.73712189057633,12.32206682686062,40.0,6811.4501856335655,6836.04885538326,1181.2575247042569,6811.4501856335655,0.0,174.6419739223109
ns_heavy,adaptive,0,A_no_override,True,40,44,242.0,90.0,152.0,4,0,54.829235958301524,20.0,40.0,37.170764041698476,140298.55136212884,106.23235419528359,9.742954955703391,40.0,8262.477439413842,1320.6762894873104,27.449520550372895,1377.0795732356403,0.0,66.68939807785107,63910.15667224223,95.75370118119842,8.876410648922532,34.423117773854884,8179.174085152152,667.4431994153686,0.0,681.597840429346,0.0,72.45329873442395,554968.2119790609,93.95375316708076,8.564324258936125,40.0,7858.880792102675,5906.823232406101,5.05801456336593,5894.160594077006,0.0,68.44923571308935,759176.9200134319,96.15990220731832,8.786769907562869,40.0,7952.8380077419915,7894.94272130878,32.507535113738825,7952.8380077419915,0.0,68.44923571308935
ns_heavy,adaptive,0,B_corridor,True,40,42,142.0,90.0,52.0,3,4,14.829235958301524,17.170764041698476,0.0,20.0,140298.55136212884,106.23235419528359,9.742954955703391,40.0,8262.477439413842,1320.6762894873104,27.449520550372895,1377.0795732356403,0.0,66.68939807785107,76513.35319399928,115.18799562787325,10.626854610277679,40.0,7639.174085152152,664.247630813749,3.1955686016196125,636.597840429346,0.0,93.53769246775731,570726.9201307768,96.60992257400726,8.807514199549026,40.0,7912.8375632833895,5907.5393595681235,4.341887401343882,5934.628172462542,0.0,70.50221588795556,787538.8246869049,99.78365394434351,9.115032693135474,40.0,7948.305586127528,7892.463279869183,34.98697655333639,7948.305586127528,0.0,70.50221588795556
ns_heavy,adaptive,1,A_no_override,True,40,44,252.0,90.0,162.0,4,0,54.80513660698671,30.0,30.0,47.19486339301329,137357.48138955826,104.67701474481115,9.538713985385991,40.0,8283.522012163801,1312.2028911926636,8.080524859766086,1380.5870020273,0.0,58.75122249941936,63155.43656556992,94.82147992376895,8.77158841188471,37.90159510554966,7838.662738696208,666.0456746334615,0.0,653.2218948913506,0.0,78.50403757448942,576042.1512919557,97.40749776114947,8.889539371789441,40.0,7904.615193252994,5913.735231187793,2.8181417620773033,5928.461394939745,0.0,66.82769830185697,776555.069247084,98.39795534563925,8.987905894063472,40.0,7962.2702918583955,7891.983797013918,10.89866662184339,7962.2702918583955,0.0,66.82769830185697
ns_heavy,adaptive,1,B_corridor,True,40,42,152.0,90.0,62.0,3,4,14.805136606986707,17.194863393013293,0.0,30.0,137357.48138955826,104.67701474481115,9.538713985385991,40.0,8283.522012163801,1312.2028911926636,8.080524859766086,1380.5870020273,0.0,58.75122249941936,71428.31360149817,107.77645309716823,9.920599111319191,40.0,7585.706318907758,662.7450760241702,3.3005986092913417,632.1421932423132,0.0,85.20343896519807,576190.0626497547,97.45014234153545,8.891821954471522,40.0,7924.848418105594,5912.6651722105225,3.888200739347397,5943.636313579195,0.0,68.36182372488238,784975.8576408111,99.52007581571131,9.085368722694573,40.0,7956.3655088488085,7887.613139427356,15.269324208404825,7956.3655088488085,0.0,68.36182372488238
ns_heavy,adaptive,2,A_no_override,True,40,44,252.0,90.0,162.0,4,0,55.57167124368243,30.0,20.0,56.42832875631757,140536.9442243111,106.30689926879519,9.75951001557716,40.0,8158.122240764081,1321.9926946506625,18.978883455713216,1359.6870401273468,0.0,83.04616457642486,65005.29813104618,96.50981660255691,9.028513629311968,36.965159226284214,8306.224213993488,673.5615134235364,0.0,692.185351166124,0.0,67.10759745824978,560240.4585555341,96.07029642927202,8.645686088819971,39.293913794499225,7823.171714895791,5831.567918268985,0.0,5867.378786171844,0.0,44.3587228053877,765782.7009108914,97.83707070745089,8.863225704987169,40.0,7919.251177465314,7827.1221263431835,18.978883455713216,7919.251177465314,0.0,44.3587228053877
ns_heavy,adaptive,2,B_corridor,True,40,42,152.0,90.0,62.0,3,4,15.571671243682431,16.42832875631757,0.0,30.0,140536.9442243111,106.30689926879519,9.75951001557716,40.0,8158.122240764081,1321.9926946506625,18.978883455713216,1359.6870401273468,0.0,83.04616457642486,78078.48026109833,118.84513703738524,10.84423336959699,40.0,7586.224213993488,656.9766522002251,16.58486122331132,632.185351166124,0.0,104.11443398298394,581332.3923229594,99.74045204129402,8.97117889387283,40.0,7863.270389041725,5828.451550252441,3.1163680165435466,5897.452791781294,0.0,53.4309593304305,799947.8168083688,102.45993233247634,9.258655287133898,40.0,7889.325183074765,7807.420897103329,38.680112695568084,7889.325183074765,0.0,53.4309593304305
ns_heavy,adaptive,3,A_no_override,True,40,44,252.0,90.0,162.0,4,0,41.79042331055916,40.0,30.0,50.20957668944084,133927.56910317123,104.04488994127043,9.30052563216467,40.0,8126.697558137577,1287.2094840868062,33.66670654160842,1354.4495930229295,0.0,63.43336229633107,58352.008459982346,90.7581146548697,8.104445619441993,33.78960445237847,7827.88765928087,642.9398482095003,0.0,652.3239716067392,0.0,53.321477713721706,579360.8045134785,97.44110511976554,8.9407531560722,40.0,7911.487563883752,5945.753630373774,4.71887775855933,5933.615672912814,0.0,65.20475361255954,771640.3820766321,97.97484627909019,8.93102294070176,40.0,7940.389237542483,7875.90296267008,38.38558430016775,7940.389237542483,0.0,65.20475361255954
ns_heavy,adaptive,3,B_corridor,True,40,42,142.0,90.0,52.0,3,4,11.790423310559163,20.209576689440837,0.0,20.0,133927.56910317123,104.04488994127043,9.30052563216467,40.0,8126.697558137577,1287.2094840868062,33.66670654160842,1354.4495930229295,0.0,63.43336229633107,70008.77107144798,110.29096875792125,9.723440426589997,40.0,7287.88765928087,634.7643135233577,8.175534686142626,607.3239716067392,0.0,77.75790485995594,600380.9931906764,101.06141923157017,9.265138783806735,40.0,7954.7318929505045,5940.753630373774,9.718877758559344,5966.048919712878,0.0,68.80750630123583,804317.3333652955,102.29495308494097,9.309228395431662,40.0,7927.822484342547,7862.7274279839385,51.56111898631039,7927.822484342547,0.0,68.80750630123583
ns_heavy,adaptive,4,A_no_override,True,40,44,252.0,90.0,162.0,4,0,54.016841060944444,30.0,30.0,47.983158939055556,136255.3143365959,104.23340718128642,9.46217460670805,40.0,8176.81004945545,1307.2134742714095,11.692964607948667,1362.8016749092417,0.0,72.99847139830085,65950.82740966437,94.8489638642419,9.159837140231163,38.96936601314716,8257.233449023302,695.3247006900395,0.0,688.1027874186085,0.0,71.57323314988466,575990.336472932,95.99432094773134,8.888739760384754,40.0,8012.240583145063,6000.254294069722,2.8209464483974216,6009.1804373587975,0.0,62.750873517140064,778196.4782191924,97.24061710092076,9.006903683092505,40.0,8060.084899686647,8002.792469031171,14.513911056346089,8060.084899686647,0.0,62.750873517140064
ns_heavy,adaptive,4,B_corridor,True,40,42,142.0,90.0,52.0,3,4,14.016841060944444,17.983158939055556,0.0,20.0,136255.3143365959,104.23340718128642,9.46217460670805,40.0,8176.81004945545,1307.2134742714095,11.692964607948667,1362.8016749092417,0.0,72.99847139830085,75618.39057712354,111.53547998126326,10.502554246822715,40.0,7657.2334490233025,677.9761076011562,17.34859308888346,638.1027874186085,0.0,99.22464006100122,600679.6488064862,100.12623013261499,9.269747666766762,40.0,8052.698002623169,5999.223660082869,3.851580435250284,6039.523501967376,0.0,69.0285818328247,812553.3537202056,101.7674472872356,9.404552705094972,40.0,8040.427964295226,7984.413241955434,32.89313813208241,8040.427964295226,0.0,69.0285818328247
ew_heavy,fixed,0,A_no_override,True,40,47,434.46810761577035,90.0,344.46810761577035,4,0,172.0,70.0,90.0,12.46810761577035,135467.69729401608,139.6650947323638,9.407478978751117,40.0,5799.728339979335,969.9466968007213,126.62359204856111,966.6213899965558,0.0,100.0,108179.66664548623,141.38151332133324,9.390596062976234,40.0,5742.683736600676,765.1613291167315,107.30165223573371,765.6911648800901,0.0,100.0,567503.1297672299,140.86278774277292,9.383318944563987,40.0,5754.410184931889,4028.7654309634813,485.33084619685775,4028.0871294523217,0.0,100.0,811150.4937067322,140.73010099456255,9.388315899383475,40.0,5760.399684328968,5763.873456880934,719.2560904811526,5760.399684328968,0.0,100.0
ew_heavy,fixed,0,B_corridor,True,40,45,302.0,90.0,212.0,4,4,122.0,30.0,40.0,20.0,135467.69729401608,139.6650947323638,9.407478978751117,40.0,5799.728339979335,969.9466968007213,126.62359204856111,966.6213899965558,0.0,100.0,112105.97685282002,144.27290080021615,9.731421601807293,40.0,5667.683736600676,777.0411229761041,95.42185837636113,755.6911648800901,0.0,121.8797938593726,630158.017922446,156.29362403618555,10.419279396865841,40.0,5754.410184931889,4031.885637104109,482.2106400562303,4028.0871294523217,0.0,125.0,877731.692069282,151.88629732394685,10.158931621172247,40.0,5750.399684328968,5778.873456880934,704.2560904811526,5750.399684328968,0.0,125.0
ew_heavy,fixed,1,A_no_override,True,40,47,432.3998993047535,90.0,342.3998993047535,4,0,172.0,70.0,90.0,10.39989930475349,135407.19393995972,140.88770100075413,9.403277356941647,40.0,5770.051476692319,961.1001739551058,110.94868256133735,961.6752461153865,0.0,100.0,108076.92532882316,140.7846463458589,9.381677545904788,40.0,5761.360341080775,767.6755110306258,85.75606219069172,768.18137881077,0.0,98.19879045284316,567310.4730071722,140.57393743067232,9.380133482261446,40.0,5761.910802176326,4035.6732078231507,431.902610875312,4033.337561523428,0.0,100.0,810794.5922759551,140.6543118610032,9.384196669860591,40.0,5763.194186449585,5764.448892808882,628.607355627341,5763.194186449585,0.0,100.0
ew_heavy,fixed,1,B_corridor,True,40,45,302.0,90.0,212.0,4,4,122.0,30.0,40.0,20.0,135407.19393995972,140.88770100075413,9.403277356941647,40.0,5770.051476692319,961.1001739551058,110.94868256133735,961.6752461153865,0.0,100.0,112909.71617068711,144.26120988761716,9.80119063981659,40.0,5686.360341080775,782.6755110306258,70.75606219069172,758.18137881077,0.0,123.19879045284316,630310.4730071722,156.18471579545036,10.421800148928112,40.0,5761.910802176326,4035.6732078231507,431.902610875312,4033.337561523428,0.0,125.0,878627.3831178191,152.02615325676763,10.169298415715499,40.0,5753.194186449585,5779.448892808882,613.607355627341,5753.194186449585,0.0,125.0
ew_heavy,fixed,2,A_no_override,True,40,47,432.6498587723099,90.0,342.6498587723099,4,0,172.0,70.0,90.0,10.649858772309926,135576.76997416146,140.1876021384753,9.41505347042788,40.0,5773.712370057727,967.1095582349761,113.4537974901368,962.2853950096211,0.0,98.91459567110175,108541.80961985604,140.86978212580124,9.422032085056948,40.0,5790.71507460753,770.5116596469547,124.681612178142,772.095343281004,0.0,100.0,566238.0285007441,141.53015087051983,9.362401264893256,40.0,5725.11214456549,4000.829682000214,457.3178427060892,4007.578501195843,0.0,100.0,810356.6080947616,141.21522031519075,9.379127408504186,40.0,5741.959239486468,5738.450899882145,695.453252374368,5741.959239486468,0.0,100.0
ew_heavy,fixed,2,B_corridor,True,40,45,302.0,90.0,212.0,4,4,122.0,30.0,40.0,20.0,135576.76997416146,140.1876021384753,9.41505347042788,40.0,5773.712370057727,967.1095582349761,113.4537974901368,962.2853950096211,0.0,98.91459567110175,113201.95412127723,144.11237914935015,9.826558517471982,40.0,5715.71507460753,785.5116596469547,109.681612178142,762.095343281004,0.0,125.0,629238.0285007441,157.27688467511987,10.404067931559924,40.0,5725.11214456549,4000.829682000214,457.3178427060892,4007.578501195843,0.0,125.0,878016.7525961829,152.60697759916025,10.16223093282619,40.0,5731.959239486468,5753.450899882145,680.453252374368,5731.959239486468,0.0,125.0
ew_heavy,fixed,3,A_no_override,True,40,47,434.6703713573379,90.0,344.6703713573379,4,0,171.37126993167703,70.62873006832297,90.0,12.670371357337899,135518.71270752602,140.7976191006243,9.411021715800418,40.0,5760.697459067636,962.5071330977153,100.06437400580701,960.1162431779393,0.0,100.0,107608.4698299183,141.34978611082312,9.341013006069296,40.0,5736.0139106099305,761.2920598659381,78.98399437807936,764.8018547479908,0.0,97.33764317669815,568889.3496511778,141.0492248463937,9.40623924687794,40.0,5764.728655438776,4033.268174785881,550.2109627810512,4035.310058807143,0.0,100.0,812016.532188622,141.04690466841683,9.398339492923867,40.0,5760.228156733073,5757.067367749534,729.2593311649376,5760.228156733073,0.0,100.0
ew_heavy,fixed,3,B_corridor,True,40,45,302.0,90.0,212.0,4,4,122.0,30.0,40.0,20.0,135518.71270752602,140.7976191006243,9.411021715800418,40.0,5760.697459067636,962.5071330977153,100.06437400580701,960.1162431779393,0.0,100.0,110573.39613943617,142.5453796595016,9.598385081548278,40.0,5661.0139106099305,775.7066304327999,64.5694238112175,754.8018547479908,0.0,121.75221374356002,631889.3496511778,156.64657462786525,10.447905913544606,40.0,5764.728655438776,4033.853604219019,549.6255333479131,4035.310058807143,0.0,125.0,877981.45849814,152.10866446287775,10.161822436321065,40.0,5750.228156733073,5772.067367749534,714.2593311649376,5750.228156733073,0.0,125.0
ew_heavy,fixed,4,A_no_override,True,40,47,431.70285704585103,90.0,341.70285704585103,4,0,172.0,70.0,90.0,9.702857045851033,135295.87729007445,140.87241194573244,9.395547034032948,40.0,5745.765691872228,960.4142885137353,129.43350822671715,957.627615312038,0.0,100.0,108819.44479372451,140.18685290576565,9.446132360566365,40.0,5846.753026115655,776.2457216075286,97.55126196373888,779.567070148754,0.0,96.9735705678913,569121.9164407687,140.5059656596191,9.410084597234933,40.0,5786.7346741037245,4050.5178108913015,527.6635288410588,4050.714271872607,0.0,96.3608449587241,813237.2385245677,140.52397622409293,9.412468038478792,40.0,5787.908957333399,5787.177821012566,754.6482990315149,5787.908957333399,0.0,96.3608449587241
ew_heavy,fixed,4,B_corridor,True,40,45,302.0,90.0,212.0,4,4,122.0,30.0,40.0,20.0,135295.87729007445,140.87241194573244,9.395547034032948,40.0,5745.765691872228,960.4142885137353,129.43350822671715,957.627615312038,0.0,100.0,113632.12513241962,143.61167716845247,9.863899751078092,40.0,5771.753026115655,791.2457216075286,82.5512619637389,769.567070148754,0.0,121.9735705678913,632121.9164407687,156.05953262100894,10.451751263901599,40.0,5786.7346741037245,4050.5178108913015,527.6635288410588,4050.714271872607,0.0,121.3608449587241,881049.9188632627,151.84814151550884,10.197337023880356,40.0,5777.908957333399,5802.177821012566,739.6482990315149,5777.908957333399,0.0,121.3608449587241
ew_heavy,adaptive,0,A_no_override,True,40,46,362.0,90.0,272.0,4,0,110.5373791353486,71.4626208646514,80.0,10.0,136393.77022307715,125.85900012162892,9.471789598824802,40.0,6339.728339979335,1083.7029540300457,12.867334819236689,1056.6213899965558,0.0,93.75625722932443,95065.75308944372,125.18614746950574,9.431126298555926,40.0,6779.017079269777,759.3951488330681,2.2203548776277273,790.8853259148074,0.0,83.82450726003879,627105.3811504878,135.93786960384568,10.127670884213304,40.0,6352.873909419914,4613.176467882111,11.767286919997062,4552.892968417605,0.0,132.4011138642911,858564.9044630086,132.98147330247565,9.937093801655193,40.0,6400.399684328968,6456.274570745225,26.854976616861478,6400.399684328968,0.0,132.4011138642911
ew_heavy,adaptive,0,B_corridor,True,40,44,272.0,90.0,182.0,3,4,90.5373791353486,61.4626208646514,30.0,0.0,136393.77022307715,125.85900012162892,9.471789598824802,40.0,6339.728339979335,1083.7029540300457,12.867334819236689,1056.6213899965558,0.0,93.75625722932443,93798.63826007438,123.15746961961051,9.305420462308966,39.78863259776236,6779.017079269777,761.6155037106959,0.0,790.8853259148074,0.0,71.04486213766654,594306.3486404845,128.5563904152863,9.59797074677785,40.0,6386.9453043874955,4622.923424659387,2.020330142721278,4577.310801477705,0.0,124.95059245909431,824498.7571236361,127.46875768005364,9.542809688930973,40.0,6424.817517389069,6468.241882400129,14.887664961957967,6424.817517389069,0.0,124.95059245909431
ew_heavy,adaptive,1,A_no_override,True,40,46,371.53185242149993,90.0,281.53185242149993,4,0,118.67678908944345,63.323210910556554,90.0,9.531852421499934,135641.39193250498,128.10008217333956,9.419541106423956,40.0,6280.051476692319,1058.870452159124,13.178404357319224,1046.6752461153865,0.0,87.77027820401813,96894.60456800954,129.854745455895,9.612559976985073,38.33839454472168,6437.181371331698,746.1768472752478,0.0,751.0044933220314,0.0,80.21519747175434,591048.3227203755,129.66840174317673,9.545354049101672,40.0,6356.531786528605,4558.152292884854,16.67825175967775,4555.514447012167,0.0,82.3552671519214,823584.31922089,129.42927646258448,9.53222591690845,40.0,6353.194186449585,6363.199592319226,29.856656116996973,6353.194186449585,0.0,82.3552671519214
ew_heavy,adaptive,1,B_corridor,True,40,44,272.0,90.0,182.0,3,4,98.67678908944345,63.323210910556554,20.0,0.0,135641.39193250498,128.10008217333956,9.419541106423956,40.0,6280.051476692319,1058.870452159124,13.178404357319224,1046.6752461153865,0.0,87.77027820401813,97443.9524292196,131.1043796734291,9.66705877274004,40.0,6437.181371331698,743.254746118665,2.9221011565828547,751.0044933220314,0.0,92.29309631517148,585240.2523382027,128.36555324901818,9.451554462826271,40.0,6356.531786528605,4559.1690101073045,15.66153453722788,4555.514447012167,0.0,80.44988321778838,818325.5966999272,128.6413691763002,9.471361072915824,40.0,6353.194186449585,6361.294208385094,31.762040051129958,6353.194186449585,0.0,80.44988321778838
ew_heavy,adaptive,2,A_no_override,True,40,46,362.0,90.0,272.0,4,0,112.21757062511551,79.78242937488449,70.0,10.0,131853.46449767737,123.30521825664835,9.156490590116483,40.0,6433.712370057726,1069.325908196656,11.237447528456926,1072.285395009621,0.0,76.13094563278162,97482.28942671361,125.88845750355837,9.670862046300954,40.0,6445.704401346323,774.354467119896,7.681066499477865,751.9988468237377,0.0,84.16318460124397,605318.4654423649,133.2921661773236,9.77581501037411,40.0,6344.89665103893,4541.290630966916,30.014631945109784,4547.175933244566,0.0,102.0191708098664,834654.2193667559,130.72169294823271,9.660349761189305,40.0,6371.460175077925,6384.971006283468,48.933145973044574,6371.460175077925,0.0,102.0191708098664
ew_heavy,adaptive,2,B_corridor,True,40,45,302.0,90.0,212.0,4,4,92.21757062511551,59.78242937488449,40.0,20.0,131853.46449767737,123.30521825664835,9.156490590116483,40.0,6433.712370057726,1069.325908196656,11.237447528456926,1072.285395009621,0.0,76.13094563278162,98010.00375399555,127.59232087207644,9.723214658134479,40.0,6274.275829917752,768.1497059079284,13.88582771144543,731.9988468237377,0.0,112.9584233892764,606845.5853591106,133.67921816959688,9.800477799727238,40.0,6356.991716637004,4539.565638311966,31.739624600060424,4555.844063589853,0.0,100.42128659766055,836709.0536107835,131.20646715178714,9.684132564939624,40.0,6360.128305423213,6377.0412524165495,56.86289983996278,6360.128305423213,0.0,100.42128659766055
ew_heavy,adaptive,3,A_no_override,True,40,46,362.0,90.0,272.0,4,0,119.16478488155963,72.83521511844037,70.0,10.0,133564.40738159476,127.38852215738795,9.275306068166303,40.0,6180.697459067636,1048.4807039097018,14.090803193820435,1030.1162431779394,0.0,110.97357081198658,96637.84774944857,131.23443730294608,9.587088070381803,36.559367669697664,6420.178878631389,736.3756780269987,0.0,749.020869173662,0.0,79.53357975245035,625137.5084088445,133.62655085456134,10.095889993682889,40.0,6510.824713090426,4678.243241414215,9.13627236973582,4666.091044381472,0.0,96.03225560138144,855339.7635398878,132.34203607965134,9.899765781711665,40.0,6445.228156733073,6463.099623350916,23.227075563556255,6445.228156733073,0.0,96.03225560138144
ew_heavy,adaptive,3,B_corridor,True,40,44,242.0,90.0,152.0,4,4,89.16478488155963,22.835215118440374,20.0,20.0,133564.40738159476,127.38852215738795,9.275306068166303,40.0,6180.697459067636,1048.4807039097018,14.090803193820435,1030.1162431779394,0.0,110.97357081198658,102022.17805203541,139.42876723166742,10.12124782262256,40.0,6120.178878631389,731.7154133803735,4.660264646625194,714.020869173662,0.0,114.87331510582516,630630.1655293276,135.09624176007523,10.184595696533068,40.0,6538.731689834612,4668.006728486926,19.37278529702526,4686.091044381472,0.0,96.13547802746679,866216.7509629577,134.33460014835802,10.025656839849049,40.0,6430.228156733073,6448.202845777001,38.12385313747089,6430.228156733073,0.0,96.13547802746679
ew_heavy,adaptive,4,A_no_override,True,40,46,373.9604365856085,90.0,283.9604365856085,4,0,110.02350493901668,81.97649506098332,80.0,11.960436585608477,136389.2092150553,127.19650946490474,9.471472862156618,40.0,6345.765691872228,1072.2716353524384,17.576161388014,1057.627615312038,0.0,81.85734683870318,99543.70370565513,128.42045491975534,9.875367431116581,40.0,6536.410357862743,775.1390054478151,4.866303761331324,762.58120841732,0.0,97.90804737716584,618101.9358509339,133.2114141612788,9.982266405861335,40.0,6492.1397213079645,4640.007312756241,31.96570133824028,4652.700133604041,0.0,91.6009775026534,854034.8487716444,131.64480150434125,9.884662601523662,40.0,6472.908957333399,6487.4179535564945,54.4081664875856,6472.908957333399,0.0,91.6009775026534
ew_heavy,adaptive,4,B_corridor,True,40,44,242.0,90.0,152.0,4,4,80.02350493901668,21.976495060983325,30.0,20.0,136389.2092150553,127.19650946490474,9.471472862156618,40.0,6345.765691872228,1072.2716353524384,17.576161388014,1057.627615312038,0.0,81.85734683870318,102365.90784339723,132.74251647535544,10.155348000337026,40.0,6364.981786434171,771.161422590645,8.843886618501415,742.58120841732,0.0,118.93046451999574,627426.3284908294,135.04533279327373,10.132854142293757,40.0,6513.069953866104,4646.042299375784,25.930714718697885,4667.700133604041,0.0,103.65838126502568,866181.445549282,133.47480310136282,10.02524821237595,40.0,6467.908957333399,6489.475357318867,52.3507627252133,6467.908957333399,0.0,103.65838126502568
