scenario,controller,seeds,seed_list,waiting_seconds_per_admitted_mean,waiting_vehicle_seconds_mean,average_queue_vehicles_mean,max_queue_vehicles_mean,throughput_vehicles_per_hour_mean,vehicles_rejected_mean,blocked_vehicle_cycles_mean,final_queue_vehicles_mean,fuel_liters_proxy_mean,co2_kg_proxy_mean,fuel_liters_proxy_per_admitted_mean,co2_kg_proxy_per_admitted_mean,plan_change_rate_mean,ns_green_share_mean,phase_utilization_ns_mean,phase_utilization_ew_mean,waiting_seconds_per_admitted_pct_vs_fixed_of_means,waiting_vehicle_seconds_pct_vs_fixed_of_means,average_queue_vehicles_pct_vs_fixed_of_means,max_queue_vehicles_pct_vs_fixed_of_means,throughput_vehicles_per_hour_pct_vs_fixed_of_means,vehicles_rejected_pct_vs_fixed_of_means,blocked_vehicle_cycles_pct_vs_fixed_of_means,final_queue_vehicles_pct_vs_fixed_of_means,fuel_liters_proxy_pct_vs_fixed_of_means,co2_kg_proxy_pct_vs_fixed_of_means,fuel_liters_proxy_per_admitted_pct_vs_fixed_of_means,co2_kg_proxy_per_admitted_pct_vs_fixed_of_means,seeds_waiting_per_admitted_better_than_fixed,seeds_waiting_per_admitted_worse_than_fixed
balanced_medium,fixed,5,0 1 2 3 4,71.96676464148725,517774.01002358284,5.992754745643319,14.99043675950011,7195.000672238672,0.0,0.0,0.0,86.29566833726379,202.5960841974447,0.011994460773581208,0.028159359926274323,0.0,0.5,0.8009044675851082,0.7971634645864433,0.0,0.0,0.0,0.0,0.0,,,,0.0,0.0,0.0,0.0,0,0
balanced_medium,adaptive,5,0 1 2 3 4,76.5303790656117,550616.2324651055,6.372873060938721,19.693198179203637,7186.661456395459,0.0,0.0,9.234436044429343,91.76937207751759,215.44668220774437,0.01275506317760195,0.029945023930677477,0.8293785310734464,0.5002777777777778,0.7996044506466673,0.796658995737998,6.341280515886398,6.342964653638522,6.342964653638537,31.371743833435524,-0.11590291958400523,,,,6.34296465363855,6.342964653638532,6.341280515886391,6.341280515886391,0,5
balanced_medium,qubo_static,5,0 1 2 3 4,71.96676464148725,517774.01002358284,5.992754745643319,14.99043675950011,7195.000672238672,0.0,0.0,0.0,86.29566833726379,202.5960841974447,0.011994460773581208,0.028159359926274323,0.0,0.5,0.8009044675851082,0.7971634645864433,0.0,0.0,0.0,0.0,0.0,,,,0.0,0.0,0.0,0.0,0,0
balanced_medium,qubo_receding,5,0 1 2 3 4,71.96676464148725,517774.01002358284,5.992754745643319,14.99043675950011,7195.000672238672,0.0,0.0,0.0,86.29566833726379,202.5960841974447,0.011994460773581208,0.028159359926274323,0.0,0.5,0.8009044675851082,0.7971634645864433,0.0,0.0,0.0,0.0,0.0,,,,0.0,0.0,0.0,0.0,0,0
balanced_medium,qaoa_p1_saved,1,0,106.94102128623126,757523.5564279467,8.767633754953087,40.0,6986.538662312993,121.72601483712671,230.39715559078255,90.0,126.25392607132443,296.4059671759769,0.01782350354770521,0.04184418633078788,0.0,0.4722222222222222,0.8092026268188541,0.7570363797695115,48.674291075946115,46.162590754678405,46.16259075467842,166.7397320552926,-2.9182295729886834,,,,46.1625907546784,46.1625907546784,48.674291075946094,48.674291075946094,0,1
ns_heavy,fixed,5,0 1 2 3 4,144.79532109545715,989495.3394585645,11.452492354844496,40.0,6834.762291253038,1087.845754466842,0.0,147.57773196740172,164.91588990976075,387.1725448266433,0.024132553515909528,0.05665592419888974,0.0,0.5,1.0,0.39858173229322164,0.0,0.0,0.0,0.0,0.0,0.0,,0.0,0.0,0.0,0.0,0.0,0,0
ns_heavy,adaptive,5,0 1 2 3 4,97.52207832808388,770270.3100934464,8.915165626081555,40.0,7966.966722858966,23.056916109561854,0.0,61.51825679000673,128.3783850155744,301.39355312827695,0.016253679721347315,0.03815871559711232,0.5677966101694916,0.6132407407407408,0.989055727422181,0.5153875379771021,-32.64832206574418,-22.155236171710968,-22.155236171710975,0.0,16.565381257734387,-97.8804976702913,,-58.314675276622744,-22.15523617171097,-22.155236171710964,-32.64832206574418,-32.64832206574419,5,0
ns_heavy,qubo_static,5,0 1 2 3 4,73.56211161026125,581275.5980165398,6.727726828895136,40.0,8034.641031223515,19.97372000308186,0.0,2.6470408112937625,96.87926633608996,227.44316577866698,0.012260351935043542,0.028783591816158395,0.0,0.6666666666666666,0.9175473239993297,0.5978725984398325,-49.19579510323749,-41.255347565901204,-41.255347565901204,0.0,17.555529934172732,-98.16391984607496,,-98.20634131179192,-41.255347565901204,-41.2553475659012,-49.19579510323749,-49.195795103237494,5,0
ns_heavy,qubo_receding,5,0 1 2 3 4,83.21057564935913,657476.254035434,7.609678866150856,40.0,8007.8562088762865,20.292435666482582,0.0,25.60401755360481,109.57937567257234,257.25917473979905,0.01386842927489319,0.0325588702098191,0.3542372881355932,0.6300925925925925,0.9671244058178374,0.5388093129516967,-42.532275891358346,-33.554385976674325,-33.554385976674325,0.0,17.163638874822986,-98.1346219734591,,-82.65048716207372,-33.55438597667431,-33.554385976674304,-42.532275891358346,-42.53227589135834,5,0
ns_heavy,qaoa_p1_saved,1,0,73.78602523432367,582909.6536482377,6.746639509817566,40.0,8023.220541961742,27.449520550372895,0.0,5.494818822980374,97.15160894137294,228.08254370404353,0.012297670872387277,0.028871205374497173,0.0,0.6666666666666666,0.9158555431775912,0.59932046731753,-49.010788773281924,-41.122125614284855,-41.122125614284855,0.0,17.334988746808943,-97.4722317665103,,-96.33678745134642,-41.12212561428486,-41.122125614284855,-49.010788773281924,-49.010788773281924,1,0
ew_heavy,fixed,5,0 1 2 3 4,140.83410281265327,811511.0929581277,9.392489501830182,40.0,5762.738044866298,705.4448657358628,0.0,99.27216899174482,135.25184882635463,317.5303636978939,0.023472350468775542,0.055105967466393936,0.0,0.5,0.4004522337925541,1.0,0.0,0.0,0.0,0.0,0.0,0.0,,0.0,0.0,0.0,0.0,0.0,0,0
ew_heavy,adaptive,5,0 1 2 3 4,131.42385605945708,845235.6110724375,9.782819572597655,40.0,6408.63823198459,36.656004151608975,0.0,100.88175698602274,140.87260184540622,330.726188863189,0.021903976009909516,0.0514238994084734,0.6898305084745763,0.4023148148148148,0.4977805342298269,0.9938681560329764,-6.681795506386913,4.155767974948665,4.155767974948646,0.0,11.208217033111339,-94.80384563953523,,1.6213889659364298,4.155767974948638,4.155767974948668,-6.681795506386888,-6.681795506386893,5,0
ew_heavy,qubo_static,5,0 1 2 3 4,86.23475410154235,556700.0449859591,6.443287557707859,40.0,6528.725403033413,12.100450571917005,0.0,2.3968655754508896,92.78334083099317,217.82717363808902,0.014372459016923725,0.033742179337866496,0.0,0.3333333333333333,0.6006783506888311,0.9120391481025438,-38.76855649355224,-31.39957668888161,-31.399576688881613,0.0,13.292073181245689,-98.28470640872908,,-97.58556139168249,-31.399576688881623,-31.39957668888161,-38.768556493552225,-38.76855649355222,5,0
ew_heavy,qubo_receding,5,0 1 2 3 4,87.2211761433539,562990.8907869771,6.516098272997421,40.0,6527.687849118729,12.35494228181642,0.0,3.6006575852588227,93.83181513116286,220.288673637902,0.014536862690558983,0.034128149354067126,0.0288135593220339,0.3375,0.5933891962733723,0.9175021656628776,-38.06814230259186,-30.62437523376821,-30.62437523376821,0.0,13.27406865099277,-98.24863105794543,,-96.37294357338133,-30.624375233768212,-30.6243752337682,-38.06814230259186,-38.068142302591845,5,0
ew_heavy,qaoa_p1_saved,1,0,135.752094249395,836332.0850910099,9.679769503368169,40.0,6137.0274477551075,322.3989176411583,520.0,104.63990216716122,139.38868084850162,327.24239194703,0.022625349041565827,0.05311746473191502,0.0,0.3611111111111111,0.554205427829122,0.8714537902008553,-3.5372722040183144,3.104429027615432,3.104429027615417,0.0,6.53822276344377,-55.17606011156795,,4.639902167161225,3.104429027615411,3.1044290276154243,-3.5372722040183326,-3.5372722040183326,1,0
time_varying,fixed,5,0 1 2 3 4,103.42915166452804,680685.4316759177,7.878303607360159,40.0,6613.988145745384,249.05167776331865,0.0,99.27216899174482,113.44757194598628,266.34052763966884,0.017238191944088006,0.04047005201775694,0.0,0.5,0.6334614910266702,0.8894015344051353,0.0,0.0,0.0,0.0,0.0,0.0,,0.0,0.0,0.0,0.0,0.0,0,0
time_varying,adaptive,5,0 1 2 3 4,99.54066691048483,679043.4022483962,7.859298637134215,40.0,6844.2733514472875,8.395502632606574,0.0,93.24869401303832,113.1739003747327,265.6980297048311,0.016590111151747473,0.038948554666828235,0.764406779661017,0.4686111111111111,0.6759847251718536,0.9046300326413423,-3.75956361573523,-0.2412317571537659,-0.24123175715378212,0.0,3.4817904209586525,-96.62901181473467,,-6.067637123157244,-0.2412317571537671,-0.2412317571537579,-3.759563615735219,-3.7595636157352184,5,0
time_varying,qubo_static,5,0 1 2 3 4,139.99389544648633,806841.0327892433,9.33843787950513,40.0,5815.660553063814,1066.6514394366332,0.0,120.0,134.47350546487388,315.70304930036485,0.02333231590774772,0.05477720874346863,0.0,0.6666666666666666,0.4750961182700026,0.993132471323715,35.35245450001937,18.53361262671914,18.533612626719133,0.0,-12.070290648995403,328.2851852338471,,20.879800672007928,18.533612626719144,18.533612626719133,35.35245450001936,35.352454500019356,0,5
time_varying,qubo_receding,5,0 1 2 3 4,83.14561797808321,567908.7438673825,6.5730178688354455,39.498334865196874,6934.682766511872,0.0,0.0,3.817595380474515,94.65145731123042,222.2129451491412,0.013857602996347205,0.03253345338783824,0.05028248587570622,0.44351851851851853,0.7141698428543665,0.8820554661200755,-19.611041336038774,-16.568106582047356,-16.568106582047367,-1.254162837007815,4.848732923308651,-100.0,,-96.15441526134886,-16.56810658204736,-16.568106582047356,-19.611041336038753,-19.611041336038763,5,0
time_varying,qaoa_p1_saved,1,0,140.6417046129901,810684.3647596852,9.382920888422284,40.0,5817.61162431825,1075.8114445549218,0.0,120.0,135.11406079328086,317.20687914197265,0.023440284102165015,0.055030685352761746,0.0,0.6666666666666666,0.4750323926455106,0.9935664843844011,33.97374822202107,17.11975408190563,17.119754081905647,0.0,-12.214822064576213,336.74834592641974,,20.0,17.119754081905615,17.119754081905622,33.97374822202106,33.97374822202108,0,1
downstream_congested,fixed,5,0 1 2 3 4,189.03994007539376,1097099.775322637,12.697914066234226,40.0,5667.586946320049,670.369847356063,0.0,183.06277166695733,182.84996255377285,429.27631389636406,0.03150665667923229,0.07396808428922495,0.0,0.5,0.397551069523114,0.9914586835987509,0.0,0.0,0.0,0.0,0.0,0.0,,0.0,0.0,0.0,0.0,0.0,0,0
downstream_congested,adaptive,5,0 1 2 3 4,132.65163999742714,848664.0875552644,9.822501013371113,40.0,6324.51807419197,75.95814187781636,0.0,96.05951896220978,141.44401459254402,332.06769287215246,0.022108606666237852,0.05190431019244055,0.7423728813559322,0.4068518518518518,0.4886770730792689,0.9862124274222959,-29.828775895441765,-22.644766989794732,-22.644766989794757,0.0,11.591019848375954,-88.66921861456105,,-47.52645877285794,-22.64476698979476,-22.64476698979476,-29.828775895441773,-29.828775895441794,5,0
downstream_congested,qubo_static,5,0 1 2 3 4,180.4258893966022,1065149.512985934,12.328119363263125,40.0,5751.586946320049,570.369847356063,904.0960158599555,199.06277166695733,177.524918830989,416.7747245674553,0.030070981566100368,0.07059755409107533,0.0,0.3888888888888889,0.5111370893868608,0.8317995290050385,-4.556735828077422,-2.912247641952805,-2.9122476419528116,0.0,1.4821122427515825,-14.91713870998222,,8.740171392744179,-2.9122476419528103,-2.912247641952804,-4.556735828077408,-4.55673582807742,5,0
downstream_congested,qubo_receding,5,0 1 2 3 4,93.17112816776842,600839.9802023332,6.954166437527005,40.0,6466.9296412026015,25.58530544764702,0.0,4.313613199063398,100.13999670038886,235.09837276830223,0.015528521361294737,0.03645626346943985,0.04915254237288136,0.33851851851851855,0.5871992716969318,0.9108208978793091,-50.71352216330078,-45.23378878410242,-45.23378878410242,0.0,14.103757074279452,-96.18340449700186,,-97.64364258238639,-45.23378878410242,-45.23378878410242,-50.71352216330078,-50.71352216330078,5,0
downstream_congested,qaoa_p1_saved,1,0,96.44743037567768,624269.1442819922,7.225337318078614,40.0,6500.908674444083,22.455104502895793,0.0,0.0,104.04485738033203,244.26580258646197,0.01607457172927961,0.03773822429620986,0.0,0.3333333333333333,0.5969521060910948,0.9102538607770001,-48.90562539307309,-43.01713189996804,-43.01713189996805,0.0,14.679274669540796,-96.75187041629151,,-100.0,-43.01713189996804,-43.01713189996805,-48.905625393073095,-48.90562539307309,1,0
