scenario,seed,controller,cycles,simulated_hours,vehicles_demanded,vehicles_admitted,vehicles_rejected,vehicles_served_stop_line,vehicles_exited,throughput_vehicles_per_hour,blocked_vehicle_cycles,waiting_vehicle_seconds,waiting_seconds_per_admitted,waiting_minutes_per_admitted,average_queue_vehicles,max_queue_vehicles,final_queue_vehicles,in_transit_final_vehicles,node_cycles,plan_changes,plan_change_rate,green_seconds_ns,green_seconds_ew,ns_green_share,phase_utilization_ns,phase_utilization_ew,emergency_priority_cycles,emergency_priority_node_cycles,emergency_override_plan_changes,fuel_liters_proxy,co2_kg_proxy,fuel_liters_proxy_per_admitted,co2_kg_proxy_per_admitted,idle_fuel_rate_lph_assumed,emission_factor_kg_per_liter_assumed,waiting_seconds_per_admitted_pct_vs_fixed,waiting_vehicle_seconds_pct_vs_fixed,average_queue_vehicles_pct_vs_fixed,max_queue_vehicles_pct_vs_fixed,throughput_vehicles_per_hour_pct_vs_fixed,vehicles_rejected_pct_vs_fixed,blocked_vehicle_cycles_pct_vs_fixed,final_queue_vehicles_pct_vs_fixed,fuel_liters_proxy_pct_vs_fixed,co2_kg_proxy_pct_vs_fixed,fuel_liters_proxy_per_admitted_pct_vs_fixed,co2_kg_proxy_per_admitted_pct_vs_fixed
balanced_medium,0,fixed,60,1.0,7205.289901892303,7205.289901892303,0.0,17275.819403506746,7196.550528057851,7196.550528057851,0.0,518274.58210520237,71.92973345445678,1.198828890907613,5.998548403995398,14.995891197681933,0.0,180.22137936530353,360,0,0.0,10800.0,10800.0,0.5,0.8005189513087319,0.7990939564233733,0,0,0,86.37909701753372,202.7919494622734,0.01198828890907613,0.028144870258310466,0.6,2.347697029306865,0.0,0.0,0.0,0.0,0.0,,,,0.0,0.0,0.0,0.0
balanced_medium,0,adaptive,60,1.0,7205.289901892303,7205.289901892303,0.0,17251.520198832488,7187.44758047995,7187.44758047995,0.0,548187.2029158686,76.08121399416558,1.268020233236093,6.344759293007739,19.721806114638845,11.47693722845225,177.84738971475193,360,293,0.827683615819209,10820.0,10780.0,0.5009259259259259,0.7983725173604482,0.7989916104816711,0,0,0,91.36453381931143,214.49624463160407,0.01268020233236093,0.02976927334669374,0.6,2.347697029306865,5.771577816755517,5.771577816755521,5.771577816755529,31.514731966629927,-0.12649042819070092,,,,5.771577816755524,5.771577816755533,5.77157781675552,5.771577816755534
balanced_medium,0,qubo_static,60,1.0,7205.289901892303,7205.289901892303,0.0,17275.819403506746,7196.550528057851,7196.550528057851,0.0,518274.58210520237,71.92973345445678,1.198828890907613,5.998548403995398,14.995891197681933,0.0,180.22137936530353,360,0,0.0,10800.0,10800.0,0.5,0.8005189513087319,0.7990939564233733,0,0,0,86.37909701753372,202.7919494622734,0.01198828890907613,0.028144870258310466,0.6,2.347697029306865,0.0,0.0,0.0,0.0,0.0,,,,0.0,0.0,0.0,0.0
balanced_medium,0,qubo_receding,60,1.0,7205.289901892303,7205.289901892303,0.0,17275.819403506746,7196.550528057851,7196.550528057851,0.0,518274.58210520237,71.92973345445678,1.198828890907613,5.998548403995398,14.995891197681933,0.0,180.22137936530353,360,0,0.0,10800.0,10800.0,0.5,0.8005189513087319,0.7990939564233733,0,0,0,86.37909701753372,202.7919494622734,0.01198828890907613,0.028144870258310466,0.6,2.347697029306865,0.0,0.0,0.0,0.0,0.0,,,,0.0,0.0,0.0,0.0
balanced_medium,0,qaoa_p1_saved,60,1.0,7205.289901892303,7083.563887055177,121.72601483712671,16884.08152292476,6986.538662312993,6986.538662312993,230.39715559078255,757523.5564279467,106.94102128623126,1.782350354770521,8.767633754953087,40.0,90.0,178.50723027303476,360,0,0.0,10200.0,11400.0,0.4722222222222222,0.8092026268188541,0.7570363797695115,0,0,0,126.25392607132443,296.4059671759769,0.01782350354770521,0.04184418633078788,0.6,2.347697029306865,48.674291075946115,46.162590754678405,46.16259075467842,166.7397320552926,-2.9182295729886834,,,,46.1625907546784,46.1625907546784,48.674291075946094,48.674291075946094
balanced_medium,1,fixed,60,1.0,7147.969356035993,7147.969356035993,0.0,17120.818097392454,7152.62587862233,7152.62587862233,0.0,513624.5429217737,71.85600795672849,1.1976001326121415,5.944728506039048,14.988512358785085,0.0,165.99946893074105,360,0,0.0,10800.0,10800.0,0.5,0.8014153850478642,0.7838455498958803,0,0,0,85.60409048696228,200.9724689327574,0.011976001326121413,0.02811602273631032,0.6,2.347697029306865,0.0,0.0,0.0,0.0,0.0,,,,0.0,0.0,0.0,0.0
balanced_medium,1,adaptive,60,1.0,7147.969356035993,7147.969356035993,0.0,17097.162669493362,7140.644055287131,7140.644055287131,0.0,544881.5132598132,76.22885411500769,1.2704809019167949,6.306498996062652,19.859195273010943,11.673604563894676,166.30768770204529,360,240,0.6779661016949152,10780.0,10820.0,0.49907407407407406,0.8016521619144411,0.7814558561973836,0,0,0,90.8135855433022,213.20278500071544,0.01270480901916795,0.02982704239221166,0.6,2.347697029306865,6.085567905348317,6.085567905348328,6.0855679053483165,32.49610633553668,-0.16751642737263814,,,,6.085567905348328,6.085567905348331,6.085567905348342,6.085567905348334
balanced_medium,1,qubo_static,60,1.0,7147.969356035993,7147.969356035993,0.0,17120.818097392454,7152.62587862233,7152.62587862233,0.0,513624.5429217737,71.85600795672849,1.1976001326121415,5.944728506039048,14.988512358785085,0.0,165.99946893074105,360,0,0.0,10800.0,10800.0,0.5,0.8014153850478642,0.7838455498958803,0,0,0,85.60409048696228,200.9724689327574,0.011976001326121413,0.02811602273631032,0.6,2.347697029306865,0.0,0.0,0.0,0.0,0.0,,,,0.0,0.0,0.0,0.0
balanced_medium,1,qubo_receding,60,1.0,7147.969356035993,7147.969356035993,0.0,17120.818097392454,7152.62587862233,7152.62587862233,0.0,513624.5429217737,71.85600795672849,1.1976001326121415,5.944728506039048,14.988512358785085,0.0,165.99946893074105,360,0,0.0,10800.0,10800.0,0.5,0.8014153850478642,0.7838455498958803,0,0,0,85.60409048696228,200.9724689327574,0.011976001326121413,0.02811602273631032,0.6,2.347697029306865,0.0,0.0,0.0,0.0,0.0,,,,0.0,0.0,0.0,0.0
balanced_medium,2,fixed,60,1.0,7140.002581027705,7140.002581027705,0.0,17145.036962776565,7143.469411358988,7143.469411358988,0.0,514351.10888329695,72.03794439094771,1.2006324065157952,5.953137834297419,14.97325629672579,0.0,158.7666450022673,360,0,0.0,10800.0,10800.0,0.5,0.7925942776164787,0.7949091448628325,0,0,0,85.72518481388282,201.25676172433467,0.012006324065157952,0.028187211340666846,0.6,2.347697029306865,0.0,0.0,0.0,0.0,0.0,,,,0.0,0.0,0.0,0.0
balanced_medium,2,adaptive,60,1.0,7140.002581027705,7140.002581027705,0.0,17132.76251414248,7138.260570866075,7138.260570866075,0.0,546421.5111909786,76.52959575153665,1.2754932625256108,6.324323046191882,19.69432448072834,6.709527051559615,157.26595844362,360,293,0.827683615819209,10760.0,10840.0,0.4981481481481482,0.7950921471285154,0.791288838656793,0,0,0,91.0702518651631,213.8053597620714,0.012754932625256109,0.02994471743332298,0.6,2.347697029306865,6.235118726060363,6.235118726060372,6.235118726060375,31.530003163272568,-0.07291751658696853,,,,6.235118726060385,6.235118726060387,6.235118726060374,6.235118726060386
balanced_medium,2,qubo_static,60,1.0,7140.002581027705,7140.002581027705,0.0,17145.036962776565,7143.469411358988,7143.469411358988,0.0,514351.10888329695,72.03794439094771,1.2006324065157952,5.953137834297419,14.97325629672579,0.0,158.7666450022673,360,0,0.0,10800.0,10800.0,0.5,0.7925942776164787,0.7949091448628325,0,0,0,85.72518481388282,201.25676172433467,0.012006324065157952,0.028187211340666846,0.6,2.347697029306865,0.0,0.0,0.0,0.0,0.0,,,,0.0,0.0,0.0,0.0
balanced_medium,2,qubo_receding,60,1.0,7140.002581027705,7140.002581027705,0.0,17145.036962776565,7143.469411358988,7143.469411358988,0.0,514351.10888329695,72.03794439094771,1.2006324065157952,5.953137834297419,14.97325629672579,0.0,158.7666450022673,360,0,0.0,10800.0,10800.0,0.5,0.7925942776164787,0.7949091448628325,0,0,0,85.72518481388282,201.25676172433467,0.012006324065157952,0.028187211340666846,0.6,2.347697029306865,0.0,0.0,0.0,0.0,0.0,,,,0.0,0.0,0.0,0.0
balanced_medium,3,fixed,60,1.0,7200.3076229423605,7200.3076229423605,0.0,17295.572077354987,7203.639257220267,7203.639257220267,0.0,518867.1623206496,72.06180478558746,1.2010300797597908,6.005406971303815,14.997369102161212,0.0,159.31361282734477,360,0,0.0,10800.0,10800.0,0.5,0.7994991712004824,0.8019426878138683,0,0,0,86.47786038677492,203.0238159308453,0.012010300797597908,0.028196547503602478,0.6,2.347697029306865,0.0,0.0,0.0,0.0,0.0,,,,0.0,0.0,0.0,0.0
balanced_medium,3,adaptive,60,1.0,7200.3076229423605,7200.3076229423605,0.0,17274.055189047893,7195.377281517949,7195.377281517949,0.0,553740.507987884,76.9051180846078,1.2817519680767968,6.409033657267176,19.57323862701657,7.913303986001697,159.66228454366106,360,314,0.8870056497175142,10810.0,10790.0,0.500462962962963,0.7978767926902016,0.8015761872165721,0,0,0,92.29008466464732,216.6691576016716,0.012817519680767967,0.030091652877621236,0.6,2.347697029306865,6.721054674430007,6.721054674430015,6.721054674430012,30.511148279973625,-0.11469169134249146,,,,6.72105467443002,6.72105467443003,6.721054674430017,6.72105467443003
balanced_medium,3,qubo_static,60,1.0,7200.3076229423605,7200.3076229423605,0.0,17295.572077354987,7203.639257220267,7203.639257220267,0.0,518867.1623206496,72.06180478558746,1.2010300797597908,6.005406971303815,14.997369102161212,0.0,159.31361282734477,360,0,0.0,10800.0,10800.0,0.5,0.7994991712004824,0.8019426878138683,0,0,0,86.47786038677492,203.0238159308453,0.012010300797597908,0.028196547503602478,0.6,2.347697029306865,0.0,0.0,0.0,0.0,0.0,,,,0.0,0.0,0.0,0.0
balanced_medium,3,qubo_receding,60,1.0,7200.3076229423605,7200.3076229423605,0.0,17295.572077354987,7203.639257220267,7203.639257220267,0.0,518867.1623206496,72.06180478558746,1.2010300797597908,6.005406971303815,14.997369102161212,0.0,159.31361282734477,360,0,0.0,10800.0,10800.0,0.5,0.7994991712004824,0.8019426878138683,0,0,0,86.47786038677492,203.0238159308453,0.012010300797597908,0.028196547503602478,0.6,2.347697029306865,0.0,0.0,0.0,0.0,0.0,,,,0.0,0.0,0.0,0.0
balanced_medium,4,fixed,60,1.0,7279.566250065799,7279.566250065799,0.0,17458.421796233044,7278.718285933929,7278.718285933929,0.0,523752.6538869913,71.9483326197158,1.1991388769952633,6.061952012580918,14.997154842146532,0.0,157.05594519187946,360,0,0.0,10800.0,10800.0,0.5,0.8104945527519838,0.806025983936262,0,0,0,87.29210898116523,204.93542493701273,0.011991388769952633,0.028152147792481503,0.6,2.347697029306865,0.0,0.0,0.0,0.0,0.0,,,,0.0,0.0,0.0,0.0
balanced_medium,4,adaptive,60,1.0,7279.566250065799,7279.566250065799,0.0,17441.822867874987,7271.577793826186,7271.577793826186,0.0,559850.4269709832,76.90711338274073,1.2817852230456788,6.479750312164157,19.617426400623483,8.398807392238476,155.79762990738436,360,328,0.9265536723163842,10860.0,10740.0,0.5027777777777778,0.8050286341397301,0.8099824861375705,0,0,0,93.30840449516386,219.0598640426595,0.012817852230456788,0.030092433603537774,0.6,2.347697029306865,6.892141322071573,6.8921413220715735,6.892141322071568,30.807653899075532,-0.0981009544158589,,,,6.89214132207156,6.892141322071554,6.89214132207157,6.892141322071548
balanced_medium,4,qubo_static,60,1.0,7279.566250065799,7279.566250065799,0.0,17458.421796233044,7278.718285933929,7278.718285933929,0.0,523752.6538869913,71.9483326197158,1.1991388769952633,6.061952012580918,14.997154842146532,0.0,157.05594519187946,360,0,0.0,10800.0,10800.0,0.5,0.8104945527519838,0.806025983936262,0,0,0,87.29210898116523,204.93542493701273,0.011991388769952633,0.028152147792481503,0.6,2.347697029306865,0.0,0.0,0.0,0.0,0.0,,,,0.0,0.0,0.0,0.0
balanced_medium,4,qubo_receding,60,1.0,7279.566250065799,7279.566250065799,0.0,17458.421796233044,7278.718285933929,7278.718285933929,0.0,523752.6538869913,71.9483326197158,1.1991388769952633,6.061952012580918,14.997154842146532,0.0,157.05594519187946,360,0,0.0,10800.0,10800.0,0.5,0.8104945527519838,0.806025983936262,0,0,0,87.29210898116523,204.93542493701273,0.011991388769952633,0.028152147792481503,0.6,2.347697029306865,0.0,0.0,0.0,0.0,0.0,,,,0.0,0.0,0.0,0.0
ns_heavy,0,fixed,60,1.0,7927.450256422519,6841.531057553657,1085.9191988688624,15115.10736468622,6837.875579699958,6837.875579699958,0.0,990031.7559522195,144.70909327512834,2.411818221252139,11.458700879076614,40.0,150.0,143.59795785711455,360,0,0.0,10800.0,10800.0,0.5,1.0,0.39954697821168667,0,0,0,165.00529265870324,387.38243539474746,0.024118182212521388,0.05662218473261813,0.6,2.347697029306865,0.0,0.0,0.0,0.0,0.0,0.0,,0.0,0.0,0.0,0.0,0.0
ns_heavy,0,adaptive,60,1.0,7927.450256422519,7894.94272130878,32.507535113738825,17385.03222077029,7952.8380077419915,7952.8380077419915,0.0,759176.9200134319,96.15990220731832,1.6026650367886388,8.786769907562869,40.0,68.44923571308935,163.59795785711455,360,200,0.5649717514124294,13250.0,8350.0,0.6134259259259259,0.9864094231006844,0.5167793251121217,0,0,0,126.52948666890532,297.0528999723116,0.016026650367886388,0.037625719458426646,0.6,2.347697029306865,-33.54950954982891,-23.3179223343952,-23.317922334395206,0.0,16.30568463913112,-97.00644991380574,,-54.36717619127377,-23.317922334395195,-23.317922334395195,-33.54950954982891,-33.54950954982891
ns_heavy,0,qubo_static,60,1.0,7927.450256422519,7900.000735872146,27.449520550372895,17503.427186443514,8023.220541961742,8023.220541961742,0.0,582909.6536482377,73.78602523432367,1.2297670872387279,6.746639509817566,40.0,5.494818822980374,161.2278550908393,360,0,0.0,14400.0,7200.0,0.6666666666666666,0.9158555431775912,0.59932046731753,0,0,0,97.15160894137294,228.08254370404353,0.012297670872387277,0.028871205374497173,0.6,2.347697029306865,-49.010788773281924,-41.122125614284855,-41.122125614284855,0.0,17.334988746808943,-97.4722317665103,,-96.33678745134642,-41.12212561428486,-41.122125614284855,-49.010788773281924,-49.010788773281924
ns_heavy,0,qubo_receding,60,1.0,7927.450256422519,7899.333985870293,28.116270552225714,17464.64500487681,8003.602919252164,8003.602919252164,0.0,662445.3805205956,83.86091557915209,1.3976819263192015,7.66719190417356,40.0,23.992627678255936,161.6809189432891,360,99,0.2796610169491525,13620.0,7980.0,0.6305555555555555,0.9654579765191332,0.5407402712639369,0,0,0,110.40756342009927,259.2035086543763,0.013976819263192015,0.032813337063354854,0.6,2.347697029306865,-42.048620662896816,-33.088471502265,-33.088471502265,0.0,17.04809229072515,-97.41083217043104,,-84.00491488116272,-33.088471502264994,-33.088471502265,-42.048620662896816,-42.04862066289682
ns_heavy,0,qaoa_p1_saved,60,1.0,7927.450256422519,7900.000735872146,27.449520550372895,17503.427186443514,8023.220541961742,8023.220541961742,0.0,582909.6536482377,73.78602523432367,1.2297670872387279,6.746639509817566,40.0,5.494818822980374,161.2278550908393,360,0,0.0,14400.0,7200.0,0.6666666666666666,0.9158555431775912,0.59932046731753,0,0,0,97.15160894137294,228.08254370404353,0.012297670872387277,0.028871205374497173,0.6,2.347697029306865,-49.010788773281924,-41.122125614284855,-41.122125614284855,0.0,17.334988746808943,-97.4722317665103,,-96.33678745134642,-41.12212561428486,-41.122125614284855,-49.010788773281924,-49.010788773281924
ns_heavy,1,fixed,60,1.0,7902.882463635761,6810.103139538778,1092.7793240969834,15032.76596943776,6813.11875286158,6813.11875286158,0.0,987635.8332371982,145.02509183790232,2.4170848639650386,11.430970292097202,40.0,149.09857982353242,136.72050514253363,360,0,0.0,10800.0,10800.0,0.5,1.0,0.39192277494794014,0,0,0,164.60597220619968,386.4449519546634,0.024170848639650383,0.056745829547133086,0.6,2.347697029306865,0.0,0.0,0.0,0.0,0.0,0.0,,0.0,0.0,0.0,0.0,0.0
ns_heavy,1,adaptive,60,1.0,7902.882463635761,7891.983797013918,10.89866662184339,17362.195385784456,7962.2702918583955,7962.2702918583955,0.0,776555.069247084,98.39795534563925,1.6399659224273209,8.987905894063472,40.0,66.82769830185697,151.72050514253363,360,189,0.5338983050847458,13310.0,8290.0,0.6162037037037037,0.9864334647893837,0.5105869685690897,0,0,0,129.42584487451398,303.8526715274276,0.016399659224273208,0.038501431242471136,0.6,2.347697029306865,-32.15108220333295,-21.37232741933326,-21.372327419333264,0.0,16.86674753047802,-99.00266537062737,,-55.17884987170786,-21.37232741933326,-21.372327419333264,-32.15108220333293,-32.15108220333293
ns_heavy,1,qubo_static,60,1.0,7902.882463635761,7894.801938775995,8.080524859766086,17473.166040152562,8024.466213475237,8024.466213475237,0.0,582140.8457929504,73.7372324609837,1.2289538743497284,6.73774127075174,40.0,4.744768959603775,154.42565463002228,360,0,0.0,14400.0,7200.0,0.6666666666666666,0.9194722271329717,0.5878841624219102,0,0,0,97.02347429882506,227.7817223843826,0.012289538743497284,0.0288521135996602,0.6,2.347697029306865,-49.155534724017684,-41.05713602099136,-41.057136020991365,0.0,17.77963227347063,-99.26055291479427,,-96.8176967445166,-41.05713602099135,-41.05713602099135,-49.15553472401768,-49.15553472401768
ns_heavy,1,qubo_receding,60,1.0,7902.882463635761,7893.875110460845,9.0073531749169,17352.28179204138,7960.376664163389,7960.376664163389,0.0,663099.5640082419,84.00178046008257,1.4000296743347096,7.674763472317614,40.0,60.61263944378945,161.72050514253363,360,105,0.2966101694915254,13640.0,7960.0,0.6314814814814815,0.9618413359680074,0.5317545187735871,0,0,0,110.51659400137365,259.4594794261378,0.014000296743347095,0.03286845507377055,0.6,2.347697029306865,-42.07776089259562,-32.85991235911478,-32.85991235911479,0.0,16.838953685049876,-99.17573905579151,,-59.34727244516458,-32.85991235911477,-32.85991235911477,-42.07776089259562,-42.07776089259562
ns_heavy,2,fixed,60,1.0,7846.1010097988965,6826.7912864815435,1019.309723317353,15092.509382259292,6829.775466193026,6829.775466193026,0.0,987691.1125156115,144.67867422158398,2.4113112370263994,11.431610098560318,40.0,143.483136669596,138.02811453013982,360,0,0.0,10800.0,10800.0,0.5,1.0,0.39745457243141624,0,0,0,164.61518541926856,386.46658178761555,0.024113112370263996,0.0566102822790114,0.6,2.347697029306865,0.0,0.0,0.0,0.0,0.0,0.0,,0.0,0.0,0.0,0.0,0.0
ns_heavy,2,adaptive,60,1.0,7846.1010097988965,7827.1221263431835,18.978883455713216,17300.993497442552,7919.251177465314,7919.251177465314,0.0,765782.7009108914,97.83707070745089,1.6306178451241815,8.863225704987169,40.0,44.3587228053877,148.0076569836994,360,212,0.5988700564971752,13080.0,8520.0,0.6055555555555555,0.9945324247082004,0.503815655194753,0,0,0,127.63045015181523,299.6376286705145,0.016306178451241812,0.03828196670932802,0.6,2.347697029306865,-32.376301321639424,-22.46738973276046,-22.467389732760463,0.0,15.951852541348202,-98.13806510214125,,-69.08436500971247,-22.467389732760456,-22.46738973276046,-32.37630132163943,-32.37630132163943
ns_heavy,2,qubo_static,60,1.0,7846.1010097988965,7827.1221263431835,18.978883455713216,17375.690016325752,7969.142123728251,7969.142123728251,0.0,574484.129628161,73.39659715985023,1.223276619330837,6.649121870696307,40.0,0.0,142.47543352615025,360,0,0.0,14400.0,7200.0,0.6666666666666666,0.9085542106990605,0.5961818586471244,0,0,0,95.74735493802683,224.7857807519956,0.012232766193308372,0.028718828852235513,0.6,2.347697029306865,-49.26923573584937,-41.8356485799521,-41.83564857995211,0.0,16.682344290453198,-98.13806510214125,,-100.0,-41.83564857995209,-41.83564857995209,-49.26923573584937,-49.26923573584937
ns_heavy,2,qubo_receding,60,1.0,7846.1010097988965,7827.1221263431835,18.978883455713216,17344.66117979864,7948.912409168622,7948.912409168622,0.0,643387.8876545368,82.1998018261568,1.3699966971026134,7.4466190700756565,40.0,10.799121967483678,151.90602611829587,360,156,0.4406779661016949,13490.0,8110.0,0.624537037037037,0.9675427574158156,0.5292859904142164,0,0,0,107.23131460908945,251.74663875642915,0.013699966971026134,0.032163371759480225,0.6,2.347697029306865,-43.18457625602587,-34.8594029548517,-34.85940295485171,0.0,16.386145467230307,-98.13806510214125,,-92.47359500346636,-34.859402954851696,-34.859402954851696,-43.18457625602587,-43.18457625602587
ns_heavy,3,fixed,60,1.0,7914.288546970249,6839.325545623495,1074.963001346754,15130.490514194888,6841.591471877061,6841.591471877061,0.0,990241.4217470357,144.78641426575962,2.413106904429327,11.461127566516616,40.0,145.66496942156934,138.22229965553117,360,0,0.0,10800.0,10800.0,0.5,1.0,0.4009713439069342,0,0,0,165.04023695783926,387.4644740220203,0.024131069044293265,0.05665243910928615,0.6,2.347697029306865,0.0,0.0,0.0,0.0,0.0,0.0,,0.0,0.0,0.0,0.0,0.0
ns_heavy,3,adaptive,60,1.0,7914.288546970249,7875.90296267008,38.38558430016775,17366.325912715907,7940.389237542483,7940.389237542483,0.0,771640.3820766321,97.97484627909019,1.6329141046515032,8.93102294070176,40.0,65.20475361255954,156.46216684570453,360,212,0.5988700564971752,13180.0,8420.0,0.6101851851851852,0.989061866352126,0.5143100373153076,0,0,0,128.60673034610537,301.9296387824206,0.016329141046515033,0.038335875926036135,0.6,2.347697029306865,-32.331464401587745,-22.07552975159696,-22.075529751596953,0.0,16.060557988329514,-96.42912507201859,,-55.23648968486698,-22.075529751596935,-22.075529751596935,-32.33146440158772,-32.33146440158772
ns_heavy,3,qubo_static,60,1.0,7914.288546970249,7880.62184042864,33.66670654160842,17497.960153850978,8022.0998473064365,8022.0998473064365,0.0,574178.1317093237,72.8594955240351,1.214324925400585,6.645580228117173,40.0,0.0,144.67518845287,360,0,0.0,14400.0,7200.0,0.6666666666666666,0.9144076138650064,0.6014570158604013,0,0,0,95.69635528488729,224.6660490178242,0.01214324925400585,0.02850867019976234,0.6,2.347697029306865,-49.677947414113454,-42.016348831749674,-42.01634883174967,0.0,17.254879661873336,-96.86810555345352,,-100.0,-42.01634883174966,-42.01634883174965,-49.67794741411345,-49.67794741411345
ns_heavy,3,qubo_receding,60,1.0,7914.288546970249,7880.62184042864,33.66670654160842,17493.379305906106,8018.624551351433,8018.624551351433,0.0,656114.0615663745,83.2566356883694,1.3876105948061566,7.593912749610816,40.0,1.1055519898683883,147.0449324180048,360,143,0.403954802259887,13600.0,8000.0,0.6296296296296297,0.9678594699787667,0.5413113142743612,0,0,0,109.35234359439575,256.7261722043065,0.013876105948061566,0.032576892712611466,0.6,2.347697029306865,-42.49692824386862,-33.742010063684894,-33.742010063684894,0.0,17.204083060391227,-96.86810555345352,,-99.24103098070971,-33.74201006368489,-33.74201006368488,-42.4969282438686,-42.496928243868595
ns_heavy,4,fixed,60,1.0,8017.306380087517,6851.04885538326,1166.2575247042569,15152.540313255815,6851.4501856335655,6851.4501856335655,0.0,991876.5738407576,144.7773318769116,2.41295553128186,11.480052937971731,40.0,149.6419739223109,132.92786183779296,360,0,0.0,10800.0,10800.0,0.5,1.0,0.403012991968131,0,0,0,165.31276230679293,388.1042809741697,0.0241295553128186,0.05664888532639991,0.6,2.347697029306865,0.0,0.0,0.0,0.0,0.0,0.0,,0.0,0.0,0.0,0.0,0.0
ns_heavy,4,adaptive,60,1.0,8017.306380087517,8002.792469031171,14.513911056346089,17612.90426718826,8060.084899686647,8060.084899686647,0.0,778196.4782191924,97.24061710092076,1.6206769516820125,9.006903683092505,40.0,62.750873517140064,162.92786183779296,360,192,0.5423728813559322,13410.0,8190.0,0.6208333333333333,0.9888414581605106,0.5314457036942387,0,0,0,129.69941303653206,304.4949266887104,0.016206769516820128,0.038048584649299666,0.6,2.347697029306865,-32.834363059271006,-21.543012634540844,-21.543012634540837,0.0,17.640567782093814,-98.75551404823504,,-58.065994538592356,-21.54301263454084,-21.543012634540847,-32.834363059271,-32.834363059271006
ns_heavy,4,qubo_static,60,1.0,8017.306380087517,8005.613415479568,11.692964607948667,17736.57747501289,8134.276429645909,8134.276429645909,0.0,592665.2293040261,74.03120767211354,1.2338534612018923,6.859551265092895,40.0,2.9956162738846643,151.31253557018448,360,0,0.0,14400.0,7200.0,0.6666666666666666,0.9294470251220183,0.6045194879521966,0,0,0,98.77753821733768,231.899733035089,0.012338534612018923,0.02896714105463676,0.6,2.347697029306865,-48.8654703658621,-40.2480868149653,-40.2480868149653,0.0,18.72342656306883,-98.9973942838299,,-97.99814437395762,-40.2480868149653,-40.2480868149653,-48.8654703658621,-48.8654703658621
ns_heavy,4,qubo_receding,60,1.0,8017.306380087517,8005.613415479568,11.692964607948667,17681.551015398065,8107.764500445823,8107.764500445823,0.0,662334.3764274212,82.73374469303484,1.3788957448839139,7.665907134576635,40.0,31.51014668862659,149.30993435552867,360,124,0.3502824858757062,13700.0,7900.0,0.6342592592592593,0.9729204892074637,0.5509544700323816,0,0,0,110.38906273790354,259.1600746577453,0.01378895744883914,0.03237229443987842,0.6,2.347697029306865,-42.85448998094928,-33.22411337302571,-33.2241133730257,0.0,18.336473020654147,-98.9973942838299,,-78.94297578232589,-33.2241133730257,-33.2241133730257,-42.854489980949275,-42.85448998094927
ew_heavy,0,fixed,60,1.0,6483.129547362087,5763.873456880934,719.2560904811526,15122.80233706715,5760.399684328968,5760.399684328968,0.0,811150.4937067322,140.73010099456255,2.345501683242709,9.388315899383475,40.0,100.0,156.5127318255372,360,0,0.0,10800.0,10800.0,0.5,0.4002594756543659,1.0,0,0,0,135.19174895112204,317.3892673993487,0.02345501683242709,0.0550652733398316,0.6,2.347697029306865,0.0,0.0,0.0,0.0,0.0,0.0,,0.0,0.0,0.0,0.0,0.0
ew_heavy,0,adaptive,60,1.0,6483.129547362087,6456.274570745225,26.854976616861478,17146.906661661335,6400.399684328968,6400.399684328968,0.0,858564.9044630086,132.98147330247565,2.2163578883745942,9.937093801655193,40.0,132.4011138642911,176.5127318255372,360,242,0.6836158192090396,8700.0,12900.0,0.4027777777777778,0.49687383184679906,0.9941166143096266,0,0,0,143.09415074383477,335.94171261248965,0.022163578883745944,0.05203336830417872,0.6,2.347697029306865,-5.506020131674805,5.845328471613915,5.845328471613914,0.0,11.110340168601581,-96.26628443300402,,32.40111386429109,5.845328471613912,5.8453284716139216,-5.506020131674793,-5.506020131674788
ew_heavy,0,qubo_static,60,1.0,6483.129547362087,6474.077173234231,9.05237412785587,17471.810256750978,6526.342652725781,6526.342652725781,0.0,561578.3941737375,86.74261661499347,1.4457102769165577,6.499749932566406,40.0,8.67124070979029,192.10223907223042,360,0,0.0,7200.0,14400.0,0.3333333333333333,0.6003892134815488,0.9131255499780428,0,0,0,93.59639902895624,219.73598795410052,0.014457102769165576,0.033940897223554076,0.6,2.347697029306865,-38.362428505366466,-30.76766906625669,-30.767669066256705,0.0,13.296698325995376,-98.74142544670005,,-91.32875929020972,-30.767669066256705,-30.767669066256698,-38.36242850536647,-38.36242850536647
ew_heavy,0,qubo_receding,60,1.0,6483.129547362087,6474.077173234231,9.05237412785587,17471.810256750978,6526.342652725781,6526.342652725781,0.0,562900.6595159519,86.9468565872448,1.4491142764540799,6.515053929582776,40.0,8.67124070979029,192.10223907223042,360,8,0.022598870056497175,7240.0,14360.0,0.3351851851851852,0.5970721460037502,0.9156690751868952,0,0,0,93.81677658599197,220.25336769007922,0.014491142764540799,0.03402081281957411,0.6,2.347697029306865,-38.21729965886673,-30.60465796628534,-30.604657966285348,0.0,13.296698325995376,-98.74142544670005,,-91.32875929020972,-30.60465796628535,-30.604657966285348,-38.21729965886673,-38.21729965886673
ew_heavy,0,qaoa_p1_saved,60,1.0,6483.129547362087,6160.730629720928,322.3989176411583,16348.864641838958,6137.0274477551075,6137.0274477551075,520.0,836332.0850910099,135.752094249395,2.262534904156583,9.679769503368169,40.0,104.63990216716122,172.10223907223042,360,0,0.0,7800.0,13800.0,0.3611111111111111,0.554205427829122,0.8714537902008553,0,0,0,139.38868084850162,327.24239194703,0.022625349041565827,0.05311746473191502,0.6,2.347697029306865,-3.5372722040183144,3.104429027615432,3.104429027615417,0.0,6.53822276344377,-55.17606011156795,,4.639902167161225,3.104429027615411,3.1044290276154243,-3.5372722040183326,-3.5372722040183326
ew_heavy,1,fixed,60,1.0,6393.0562484362235,5764.448892808882,628.607355627341,15127.643079258467,5763.194186449585,5763.194186449585,0.0,810794.5922759551,140.6543118610032,2.34423853101672,9.384196669860591,40.0,100.0,156.2792293228369,360,0,0.0,10800.0,10800.0,0.5,0.4007076925239321,1.0,0,0,0,135.13243204599252,317.2500092773885,0.0234423853101672,0.05503561835254643,0.6,2.347697029306865,0.0,0.0,0.0,0.0,0.0,0.0,,0.0,0.0,0.0,0.0,0.0
ew_heavy,1,adaptive,60,1.0,6393.0562484362235,6363.199592319226,29.856656116996973,16980.424717660062,6353.194186449585,6353.194186449585,0.0,823584.31922089,129.42927646258448,2.1571546077097414,9.53222591690845,40.0,82.3552671519214,182.67466168125952,360,249,0.7033898305084746,8860.0,12740.0,0.4101851851851852,0.4884473001420392,0.993153974756797,0,0,0,137.26405320348167,322.2544099364334,0.021571546077097412,0.050643454642757754,0.6,2.347697029306865,-7.980583922312656,1.5774312096770775,1.5774312096770868,0.0,10.237378455635024,-95.25034891021909,,-17.644732848078604,1.577431209677074,1.577431209677063,-7.980583922312659,-7.980583922312662
ew_heavy,1,qubo_static,60,1.0,6393.0562484362235,6380.517222579428,12.539025856796044,17238.646623031847,6454.2962679040575,6454.2962679040575,0.0,547063.8066714533,85.73972729600969,1.428995454933495,6.331757021660339,40.0,0.0,181.24547763890874,360,0,0.0,7200.0,14400.0,0.3333333333333333,0.6010615387858982,0.8965974683175941,0,0,0,91.17730111190889,214.05667896064602,0.01428995454933495,0.03354848384440378,0.6,2.347697029306865,-39.04223328699725,-32.52744753318984,-32.52744753318984,0.0,11.991650100553459,-98.00526898952968,,-100.0,-32.52744753318984,-32.52744753318984,-39.042233286997245,-39.04223328699725
ew_heavy,1,qubo_receding,60,1.0,6393.0562484362235,6379.244764029931,13.811484406293118,17227.788293848596,6449.108498330639,6449.108498330639,0.0,572721.2112880686,89.7788425547519,1.4963140425791983,6.628717723241534,40.0,0.25048395237601184,184.91030471045428,360,24,0.06779661016949153,7510.0,14090.0,0.3476851851851852,0.5762507429105815,0.9155532444705545,0,0,0,95.4535352146781,224.095981060338,0.014963140425791983,0.0351289203267333,0.6,2.347697029306865,-36.17057211621585,-29.362970998560623,-29.362970998560623,0.0,11.901634574343776,-97.80284397205162,,-99.74951604762398,-29.362970998560616,-29.362970998560623,-36.17057211621585,-36.170572116215844
ew_heavy,2,fixed,60,1.0,6433.904152256512,5738.450899882145,695.453252374368,15080.00909912899,5741.959239486468,5741.959239486468,0.0,810356.6080947616,141.21522031519075,2.3535870052531793,9.379127408504186,40.0,100.0,151.35520797099383,360,0,0.0,10800.0,10800.0,0.5,0.39629713880823936,1.0,0,0,0,135.05943468246028,317.0786335838766,0.023535870052531792,0.0552550922044813,0.6,2.347697029306865,0.0,0.0,0.0,0.0,0.0,0.0,,0.0,0.0,0.0,0.0,0.0
ew_heavy,2,adaptive,60,1.0,6433.904152256512,6384.971006283468,48.933145973044574,17048.51190590336,6371.460175077925,6371.460175077925,0.0,834654.2193667559,130.72169294823271,2.178694882470545,9.660349761189305,40.0,102.0191708098664,166.35520797099383,360,269,0.7598870056497176,8740.0,12860.0,0.4046296296296296,0.4897035582527443,0.9928851327196244,0,0,0,139.10903656112598,326.58587188429556,0.02178694882470545,0.051149155033421684,0.6,2.347697029306865,-7.430875612088131,2.9983850355858377,2.998385035585844,0.0,10.96317318420666,-92.96384828081824,,2.019170809866395,2.9983850355858226,2.9983850355858284,-7.430875612088142,-7.430875612088138
ew_heavy,2,qubo_static,60,1.0,6433.904152256512,6422.666704728055,11.237447528456926,17386.269283815545,6499.674869207832,6499.674869207832,0.0,557353.2700616763,86.77910526656784,1.446318421109464,6.450848033121253,40.0,2.3727095800886104,175.4826735154523,360,0,0.0,7200.0,14400.0,0.3333333333333333,0.5944457082123591,0.9101569572699016,0,0,0,92.89221167694603,218.08276939971068,0.014463184211094637,0.03395517460670484,0.6,2.347697029306865,-38.54833418601913,-31.221234639885804,-31.221234639885804,0.0,13.196116484260004,-98.38415486733425,,-97.62729041991139,-31.221234639885814,-31.221234639885814,-38.54833418601915,-38.54833418601914
ew_heavy,2,qubo_receding,60,1.0,6433.904152256512,6422.666704728055,11.237447528456926,17386.269283815545,6499.674869207832,6499.674869207832,0.0,558070.1310335818,86.89071949238121,1.4481786582063534,6.4591450351109,40.0,2.3727095800886104,175.4826735154523,360,4,0.011299435028248588,7220.0,14380.0,0.33425925925925926,0.5927990442006905,0.9114228223008751,0,0,0,93.01168850559696,218.36326479540548,0.014481786582063534,0.03399884733776658,0.6,2.347697029306865,-38.46929580363779,-31.132772231515872,-31.132772231515872,0.0,13.196116484260004,-98.38415486733425,,-97.62729041991139,-31.132772231515876,-31.132772231515876,-38.4692958036378,-38.4692958036378
ew_heavy,3,fixed,60,1.0,6486.326698914472,5757.067367749534,729.2593311649376,15117.295524482606,5760.228156733073,5760.228156733073,0.0,812016.532188622,141.04690466841683,2.350781744473614,9.398339492923867,40.0,100.0,151.43450675814123,360,0,0.0,10800.0,10800.0,0.5,0.3997495856002412,1.0,0,0,0,135.33608869810365,317.72813339454837,0.023507817444736137,0.05518923318049513,0.6,2.347697029306865,0.0,0.0,0.0,0.0,0.0,0.0,,0.0,0.0,0.0,0.0,0.0
ew_heavy,3,adaptive,60,1.0,6486.326698914472,6463.099623350916,23.227075563556255,17267.295524482608,6445.228156733073,6445.228156733073,0.0,855339.7635398878,132.34203607965134,2.205700601327522,9.899765781711665,40.0,96.03225560138144,176.43450675814123,360,224,0.632768361581921,8580.0,13020.0,0.3972222222222222,0.5031812965597442,0.9946236559139785,0,0,0,142.55662725664797,334.6797703184385,0.02205700601327522,0.05178316749276989,0.6,2.347697029306865,-6.171612634271926,5.335264693995456,5.335264693995445,0.0,11.891890066877133,-96.81497725555973,,-3.967744398618564,5.335264693995471,5.335264693995459,-6.171612634271926,-6.171612634271938
ew_heavy,3,qubo_static,60,1.0,6486.326698914472,6472.235895720652,14.090803193820435,17523.77129479212,6548.776771177469,6548.776771177469,0.0,552462.2809259628,85.35879869447325,1.4226466449078876,6.394239362569015,40.0,0.773839380440382,177.28058090442227,360,0,0.0,7200.0,14400.0,0.3333333333333333,0.5996243784003619,0.9171163729381598,0,0,0,92.07704682099381,216.1690092889963,0.014226466449078875,0.033399433020036264,0.6,2.347697029306865,-39.481976655112824,-31.964158483705322,-31.96415848370533,0.0,13.689537861840929,-98.06779254078087,,-99.22616061955962,-31.964158483705308,-31.96415848370531,-39.481976655112824,-39.481976655112824
ew_heavy,3,qubo_receding,60,1.0,6486.326698914472,6472.235895720652,14.090803193820435,17523.77129479212,6548.776771177469,6548.776771177469,0.0,553619.8792840682,85.53765471529147,1.4256275785881911,6.407637491713753,40.0,0.773839380440382,177.28058090442227,360,8,0.022598870056497175,7240.0,14360.0,0.3351851851851852,0.5963115365307465,0.9196710146455093,0,0,0,92.26997988067804,216.62195766007204,0.014256275785881909,0.03346941631149435,0.6,2.347697029306865,-39.355170596349126,-31.82160001202183,-31.82160001202184,0.0,13.689537861840929,-98.06779254078087,,-99.22616061955962,-31.821600012021822,-31.82160001202183,-39.35517059634913,-39.35517059634913
ew_heavy,4,fixed,60,1.0,6541.82612004408,5787.177821012566,754.6482990315149,15176.670584860707,5787.908957333399,5787.908957333399,0.0,813237.2385245677,140.52397622409293,2.3420662704015487,9.412468038478792,40.0,96.3608449587241,155.60011075814677,360,0,0.0,10800.0,10800.0,0.5,0.4052472763759919,1.0,0,0,0,135.5395397540946,318.2057748343076,0.023420662704015483,0.05498462025461524,0.6,2.347697029306865,0.0,0.0,0.0,0.0,0.0,0.0,,0.0,0.0,0.0,0.0,0.0
ew_heavy,4,adaptive,60,1.0,6541.82612004408,6487.4179535564945,54.4081664875856,17335.80565897777,6472.908957333399,6472.908957333399,0.0,854034.8487716444,131.64480150434125,2.194080025072354,9.884662601523662,40.0,91.6009775026534,175.60011075814677,360,237,0.6694915254237288,8570.0,13030.0,0.39675925925925926,0.5106966843478078,0.994561402464855,0,0,0,142.33914146194073,334.1691795642879,0.02194080025072354,0.05151035156923898,0.6,2.347697029306865,-6.318619041630383,5.016692339506566,5.016692339506565,0.0,11.835016843727148,-92.79026182694497,,-4.939628184154658,5.016692339506578,5.016692339506594,-6.318619041630368,-6.318619041630353
ew_heavy,4,qubo_static,60,1.0,6541.82612004408,6528.243517891425,13.582602152655753,17670.7418297906,6614.536454151928,6614.536454151928,0.0,565042.4730969651,86.5535226356675,1.4425587105944584,6.539843438622281,40.0,0.16653820693516508,166.23261757026546,360,0,0.0,7200.0,14400.0,0.3333333333333333,0.6078709145639879,0.9231993920090201,0,0,0,94.17374551616085,221.09142258699154,0.014425587105944585,0.033866907994633516,0.6,2.347697029306865,-38.40658017131467,-30.51935568984704,-30.51935568984704,0.0,14.281971311438408,-98.20014142083309,,-99.82717232605577,-30.51935568984703,-30.51935568984702,-38.40658017131466,-38.406580171314666
ew_heavy,4,qubo_receding,60,1.0,6541.82612004408,6528.243517891425,13.582602152655753,17662.466070624254,6614.536454151928,6614.536454151928,0.0,567642.5728132152,86.95180736710012,1.4491967894516686,6.569937185338139,40.0,5.93501430359882,160.4641414736018,360,7,0.01977401129943503,7240.0,14360.0,0.3351851851851852,0.6045125117210929,0.9251946717105531,0,0,0,94.60709546886919,222.10879698361518,0.014491967894516686,0.034022749974767286,0.6,2.347697029306865,-38.123151860976044,-30.199633523537074,-30.199633523537067,0.0,14.281971311438408,-98.20014142083309,,-93.8408444777118,-30.199633523537067,-30.199633523537063,-38.12315186097603,-38.12315186097603
time_varying,0,fixed,60,1.0,6839.993320695294,6593.670362728976,246.32295796631746,16482.610601428845,6627.100110906855,6627.100110906855,0.0,692184.1418764826,104.9770619091129,1.749617698485215,8.011390530977808,40.0,100.0,156.5127318255372,360,0,0.0,10800.0,10800.0,0.5,0.6333765235273475,0.8927911247531016,0,0,0,115.36402364608044,270.83977560279,0.01749617698485215,0.04107572273156453,0.6,2.347697029306865,0.0,0.0,0.0,0.0,0.0,0.0,,0.0,0.0,0.0,0.0,0.0
time_varying,0,adaptive,60,1.0,6839.993320695294,6835.2496015763445,4.74371911894896,17222.17088662945,6846.823559213288,6846.823559213288,0.0,675666.2003049868,98.85026000355053,1.6475043333925088,7.820210651678088,40.0,111.85579054093489,166.5127318255372,360,289,0.8163841807909604,10170.0,11430.0,0.4708333333333333,0.672612237374174,0.9082856021464661,0,0,0,112.61103338416446,264.3765885431791,0.016475043333925087,0.038678410292757794,0.6,2.347697029306865,-5.836324425679621,-2.386350765956063,-2.386350765956059,0.0,3.315529336048705,-98.0741871735733,,11.85579054093489,-2.3863507659560703,-2.3863507659560783,-5.836324425679623,-5.836324425679627
time_varying,0,qubo_static,60,1.0,6839.993320695294,5764.181876140371,1075.8114445549218,13994.145141663032,5817.61162431825,5817.61162431825,0.0,810684.3647596852,140.6417046129901,2.344028410216502,9.382920888422284,40.0,120.0,116.5127318255372,360,0,0.0,14400.0,7200.0,0.6666666666666666,0.4750323926455106,0.9935664843844011,0,0,0,135.11406079328086,317.20687914197265,0.023440284102165015,0.055030685352761746,0.6,2.347697029306865,33.97374822202107,17.11975408190563,17.119754081905647,0.0,-12.214822064576213,336.74834592641974,,20.0,17.119754081905615,17.119754081905622,33.97374822202106,33.97374822202108
time_varying,0,qubo_receding,60,1.0,6839.993320695294,6839.993320695294,0.0,17439.976245951733,6929.162320916688,6929.162320916688,0.0,563403.8178415571,82.36905965052702,1.372817660842117,6.520877521314318,38.91778181507139,8.67124070979029,192.10223907223042,360,14,0.03954802259887006,9510.0,12090.0,0.44027777777777777,0.719291951008975,0.8767171043719099,0,0,0,93.90063630692619,220.45024490779497,0.013728176608421173,0.03222959944139038,0.6,2.347697029306865,-21.53613546372583,-18.604922627352806,-18.604922627352796,-2.705545462321517,4.557984713595932,-100.0,,-91.32875929020972,-18.6049226273528,-18.6049226273528,-21.53613546372581,-21.53613546372581
time_varying,0,qaoa_p1_saved,60,1.0,6839.993320695294,5764.181876140371,1075.8114445549218,13994.145141663032,5817.61162431825,5817.61162431825,0.0,810684.3647596852,140.6417046129901,2.344028410216502,9.382920888422284,40.0,120.0,116.5127318255372,360,0,0.0,14400.0,7200.0,0.6666666666666666,0.4750323926455106,0.9935664843844011,0,0,0,135.11406079328086,317.20687914197265,0.023440284102165015,0.055030685352761746,0.6,2.347697029306865,33.97374822202107,17.11975408190563,17.119754081905647,0.0,-12.214822064576213,336.74834592641974,,20.0,17.119754081905615,17.119754081905622,33.97374822202106,33.97374822202108
time_varying,1,fixed,60,1.0,6779.144802971839,6545.795327263639,233.34947570820046,16334.169980831952,6578.350796229671,6578.350796229671,0.0,666398.5800048386,101.80559377242483,1.6967598962070805,7.712946527833781,40.0,100.0,156.2792293228369,360,0,0.0,10800.0,10800.0,0.5,0.6341385836080234,0.8782845627653052,0,0,0,111.06643000080643,260.7503277686121,0.016967598962070805,0.03983478167772387,0.6,2.347697029306865,0.0,0.0,0.0,0.0,0.0,0.0,,0.0,0.0,0.0,0.0,0.0
time_varying,1,adaptive,60,1.0,6779.144802971839,6773.3759495938975,5.768853377942122,17092.219310327928,6804.382302450573,6804.382302450573,0.0,666669.3050188144,98.4249671035586,1.6404161183926433,7.716079919199241,40.0,89.07171069272059,168.75663473947267,360,255,0.7203389830508474,10180.0,11420.0,0.47129629629629627,0.6727599904682369,0.8969809638670115,0,0,0,111.11155083646906,260.85625782045713,0.016404161183926434,0.03851200047977507,0.6,2.347697029306865,-3.320668878395077,0.04062508866297206,0.04062508866297198,0.0,3.435990466644773,-97.52780529699756,,-10.928289307279414,0.04062508866297582,0.04062508866297909,-3.3206688783950797,-3.320668878395071
time_varying,1,qubo_static,60,1.0,6779.144802971839,5768.341319180135,1010.803483791705,14001.807956581437,5820.896788146166,5820.896788146166,0.0,802831.6968947325,139.1789515341718,2.319649192236197,9.292033528874219,40.0,120.0,116.2792293228369,360,0,0.0,14400.0,7200.0,0.6666666666666666,0.4756039377060175,0.993487674113164,0,0,0,133.80528281578876,314.13426497219217,0.023196491922361964,0.05445833517646988,0.6,2.347697029306865,36.71051498927553,20.473200421420955,20.47320042142095,0.0,-11.514345031852569,333.1715255515284,,20.0,20.473200421420966,20.473200421420966,36.71051498927551,36.71051498927554
time_varying,1,qubo_receding,60,1.0,6779.144802971839,6779.144802971839,0.0,17286.721941955304,6881.734023621799,6881.734023621799,0.0,558415.8838423463,82.37261484627797,1.3728769141046329,6.46314680373086,39.332434785574264,1.3351729284544724,184.91030471045428,360,22,0.062146892655367235,9610.0,11990.0,0.4449074074074074,0.7126635486958015,0.8705609040023886,0,0,0,93.06931397372436,218.49855193574058,0.013728769141046326,0.03223099052847422,0.6,2.347697029306865,-19.088321383977327,-16.203920506809656,-16.203920506809652,-1.668913036064339,4.6118432535706315,-100.0,,-98.66482707154553,-16.20392050680966,-16.20392050680966,-19.088321383977345,-19.08832138397734
time_varying,2,fixed,60,1.0,6782.0326171593415,6557.205777618609,224.82683954073218,16407.9738345738,6590.346000558834,6590.346000558834,0.0,669570.6897208054,102.11219724203538,1.701869954033923,7.74966076065747,40.0,100.0,151.35520797099383,360,0,0.0,10800.0,10800.0,0.5,0.6274090194507614,0.8918478170838495,0,0,0,111.59511495346756,261.9915198614139,0.01701869954033923,0.039954750353520516,0.6,2.347697029306865,0.0,0.0,0.0,0.0,0.0,0.0,,0.0,0.0,0.0,0.0,0.0
time_varying,2,adaptive,60,1.0,6782.0326171593415,6766.432195998616,15.600421160725276,17060.11998902153,6779.3143464820505,6779.3143464820505,0.0,679180.0292875376,100.37491097437969,1.6729151829063282,7.860879968605759,40.0,100.25807245679069,171.35520797099383,360,253,0.7146892655367232,10250.0,11350.0,0.47453703703703703,0.6610748692749489,0.9060883329474274,0,0,0,113.19667154792293,265.75148952048363,0.01672915182906328,0.039274980051915376,0.6,2.347697029306865,-1.7013503916068133,1.4351493747044146,1.4351493747044137,0.0,2.8673509085439934,-93.06113932278139,,0.2580724567906856,1.4351493747044253,1.4351493747044342,-1.7013503916068164,-1.701350391606798
time_varying,2,qubo_static,60,1.0,6782.0326171593415,5729.217586740883,1052.8150304184585,13924.009261940622,5782.357809681108,5782.357809681108,0.0,807313.2951553771,140.91161365973264,2.3485268943288773,9.343903879113162,40.0,120.0,111.35520797099382,360,0,0.0,14400.0,7200.0,0.6666666666666666,0.47055676458807105,0.9927766460933874,0,0,0,134.5522158592295,315.88783745936917,0.02348526894328877,0.055136296130631826,0.6,2.347697029306865,37.99684804130837,20.571779432580456,20.571779432580463,0.0,-12.260178612916713,368.27817913960337,,20.0,20.57177943258045,20.571779432580446,37.996848041308354,37.996848041308375
time_varying,2,qubo_receding,60,1.0,6782.0326171593415,6782.0326171593415,0.0,17336.06712334482,6888.672664975019,6888.672664975019,0.0,565541.4658897656,83.38819610788646,1.3898032684647743,6.545618818168584,39.877838954098216,2.3727095800886104,175.4826735154523,360,18,0.05084745762711865,9670.0,11930.0,0.4476851851851852,0.70072568873508,0.8851676205596476,0,0,0,94.2569109816276,221.28666990320875,0.013898032684647742,0.03262837004695722,0.6,2.347697029306865,-18.336693989423843,-15.536705149745636,-15.53670514974564,-0.30540261475445973,4.526722335836208,-100.0,,-97.62729041991139,-15.53670514974564,-15.53670514974564,-18.336693989423846,-18.33669398942384
time_varying,3,fixed,60,1.0,6841.575505931975,6576.429215185796,265.1462907461795,16446.186911835157,6611.147903758321,6611.147903758321,0.0,691691.0081684751,105.17729082695428,1.7529548471159047,8.005682964912907,40.0,100.0,151.43450675814123,360,0,0.0,10800.0,10800.0,0.5,0.6319251485890006,0.8908699358401803,0,0,0,115.28183469474584,270.6468208458999,0.01752954847115904,0.041154068870830784,0.6,2.347697029306865,0.0,0.0,0.0,0.0,0.0,0.0,,0.0,0.0,0.0,0.0,0.0
time_varying,3,adaptive,60,1.0,6841.575505931975,6841.14293649353,0.43256943844518503,17321.33416943022,6872.863656290009,6872.863656290009,0.0,683593.2850175551,99.92384187311471,1.6653973645519118,7.911959317332814,40.0,72.99796877604625,181.43450675814123,360,276,0.7796610169491526,9990.0,11610.0,0.4625,0.6831623227989191,0.9040949668104227,0,0,0,113.93221416959253,267.4783207483059,0.01665397364551912,0.03909848445374006,0.6,2.347697029306865,-4.994850991629877,-1.1707139539607323,-1.1707139539607403,0.0,3.958703637274658,-99.83685631157509,,-27.00203122395375,-1.1707139539607134,-1.170713953960714,-4.994850991629844,-4.994850991629848
time_varying,3,qubo_static,60,1.0,6841.575505931975,5753.687188239957,1087.8883176920183,13977.96083099764,5808.405876812482,5808.405876812482,0.0,799193.3352154206,138.90107492268663,2.3150179153781107,9.24992286128959,40.0,120.0,111.43450675814123,360,0,0.0,14400.0,7200.0,0.6666666666666666,0.4739438614417504,0.9934957258661701,0,0,0,133.1988892025701,312.71063648784803,0.023150179153781106,0.054349606827253615,0.6,2.347697029306865,32.06375048318872,15.541958154349917,15.541958154349913,0.0,-12.142248799024664,310.2973926697082,,20.0,15.541958154349922,15.5419581543499,32.063750483188755,32.063750483188734
time_varying,3,qubo_receding,60,1.0,6841.575505931975,6841.575505931975,0.0,17502.595970469854,6949.67428097778,6949.67428097778,0.0,571866.258545693,83.58692497800506,1.3931154163000843,6.618822436871447,39.59752982769808,0.773839380440382,177.28058090442227,360,18,0.05084745762711865,9550.0,12050.0,0.44212962962962965,0.7146378643729011,0.8861248436272743,0,0,0,95.31104309094884,223.7614527247592,0.013931154163000843,0.032706129243293046,0.6,2.347697029306865,-20.52759267632339,-17.323450530326458,-17.323450530326458,-1.0061754307547943,5.120538553176403,-100.0,,-99.22616061955962,-17.32345053032644,-17.323450530326447,-20.527592676323366,-20.527592676323376
time_varying,4,fixed,60,1.0,6907.598531834866,6631.985706979702,275.6128248551636,16563.662044647725,6662.995917273241,6662.995917273241,0.0,683582.738608987,103.07361457211283,1.7178935762018805,7.91183725241883,40.0,96.3608449587241,155.60011075814677,360,0,0.0,10800.0,10800.0,0.5,0.6404581799582176,0.8932142315832394,0,0,0,113.93045643483116,267.4741941196283,0.017178935762018805,0.04033093645514501,0.6,2.347697029306865,0.0,0.0,0.0,0.0,0.0,0.0,,0.0,0.0,0.0,0.0,0.0
time_varying,4,adaptive,60,1.0,6907.598531834866,6892.166581767894,15.431950066971325,17428.117787850486,6917.982892800513,6917.982892800513,0.0,690108.1916130867,100.12935459782062,1.6688225766303437,7.987363328855171,40.0,92.05992759869918,165.0949273790916,360,280,0.7909604519774012,10020.0,11580.0,0.4638888888888889,0.690314205942989,0.9077002974353835,0,0,0,115.01803193551446,270.0274918917294,0.01668822576630344,0.039178898055952864,0.6,2.347697029306865,-2.856463301995034,0.9545959304616632,0.9545959304616729,0.0,3.8269117780222612,-94.40085922159793,,-4.463345419882122,0.9545959304616667,0.9545959304616748,-2.8564633019950256,-2.856463301995013
time_varying,4,qubo_static,60,1.0,6907.598531834866,5801.659611108803,1105.9389207260624,14061.7662919112,5849.030666361066,5849.030666361066,0.0,814182.471921001,140.3361325028505,2.3389355417141746,9.4234082398264,40.0,120.0,115.60011075814677,360,0,0.0,14400.0,7200.0,0.6666666666666666,0.4803436349686633,0.9923358261614525,0,0,0,135.69707865350017,318.57562844044236,0.02338935541714175,0.05491112023022612,0.6,2.347697029306865,36.151364328712745,19.105183021117476,19.10518302111749,0.0,-12.216205157833578,301.2654060300862,,24.531909253599494,19.105183021117483,19.10518302111749,36.151364328712745,36.15136432871277
time_varying,4,qubo_receding,60,1.0,6907.598531834866,6907.598531834866,0.0,17653.098914340182,7024.170542068075,7024.170542068075,0.0,580316.2932175506,84.01129430771958,1.400188238461993,6.716623764092021,39.76608894354241,5.93501430359882,160.4641414736018,360,17,0.0480225988700565,9560.0,12040.0,0.4425925925925926,0.7235301614590743,0.891706858039157,0,0,0,96.7193822029251,227.06780627420255,0.014001882384619932,0.03287217767907634,0.6,2.347697029306865,-18.493889385296352,-15.106649065125868,-15.106649065125865,-0.5847776411439831,5.420604023762345,-100.0,,-93.8408444777118,-15.106649065125865,-15.106649065125854,-18.493889385296345,-18.493889385296328
downstream_congested,0,fixed,60,1.0,6495.091460395087,5803.767302161901,691.3241582331851,15004.001410015157,5668.773798209892,5668.773798209892,0.0,1095538.2996624596,188.7633053886175,3.1460550898102917,12.679841431278469,40.0,181.18843907639493,157.80506487561365,360,0,0.0,10800.0,10800.0,0.5,0.39796807072739654,0.9912913190888213,0,0,0,182.58971661040994,428.6653352682418,0.031460550898102915,0.07385984188383364,0.6,2.347697029306865,0.0,0.0,0.0,0.0,0.0,0.0,,0.0,0.0,0.0,0.0,0.0
downstream_congested,0,adaptive,60,1.0,6495.091460395087,6413.893515808418,81.19794458666877,16986.693334699223,6343.977309543186,6343.977309543186,0.0,837296.6596292509,130.54420962330502,2.1757368270550836,9.690933560523737,40.0,86.11114138961814,187.80506487561365,360,254,0.7175141242937854,8660.0,12940.0,0.4009259259259259,0.49631121984479015,0.9805748200033488,0,0,0,139.5494432715418,327.6198134100256,0.021757368270550834,0.05107970885430764,0.6,2.347697029306865,-30.842379902944376,-23.5721234130084,-23.572123413008402,0.0,11.910927042926135,-88.25472195356429,,-52.47426280144127,-23.572123413008402,-23.572123413008406,-30.842379902944376,-30.842379902944376
downstream_congested,0,qubo_static,60,1.0,6495.091460395087,5903.767302161901,591.3241582331851,15276.001410015157,5752.773798209892,5752.773798209892,814.8478776910604,1034642.3660067433,175.25121046486157,2.920853507747693,11.975027384337306,40.0,197.18843907639493,157.80506487561365,360,0,0.0,8400.0,13200.0,0.3888888888888889,0.511673233792367,0.8316625944060053,0,0,0,172.4403943344572,404.83780151150955,0.029208535077476925,0.06857279103179795,0.6,2.347697029306865,-7.158221189196618,-5.5585399136186,-5.558539913618609,0.0,1.4818019379521872,-14.464994288000824,,8.830585484128974,-5.5585399136186,-5.558539913618606,-7.15822118919662,-7.158221189196611
downstream_congested,0,qubo_receding,60,1.0,6495.091460395087,6464.778931194358,30.312529200728804,17382.138484951185,6493.05124974625,6493.05124974625,0.0,612399.6511484591,94.7286299603317,1.5788104993388616,7.087958925329387,40.0,0.0,175.72768144810803,360,22,0.062146892655367235,7350.0,14250.0,0.3402777777777778,0.5847694100484194,0.9181812856908982,0,0,0,102.06660852474317,239.6214736249663,0.01578810499338862,0.03706568719136334,0.6,2.347697029306865,-49.81618394247303,-44.10057125915706,-44.100571259157064,0.0,14.540665774962669,-95.61529438256599,,-100.0,-44.10057125915706,-44.10057125915706,-49.816183942473025,-49.816183942473025
downstream_congested,0,qaoa_p1_saved,60,1.0,6495.091460395087,6472.636355892191,22.455104502895793,17405.710759044683,6500.908674444083,6500.908674444083,0.0,624269.1442819922,96.44743037567768,1.6074571729279614,7.225337318078614,40.0,0.0,175.72768144810803,360,0,0.0,7200.0,14400.0,0.3333333333333333,0.5969521060910948,0.9102538607770001,0,0,0,104.04485738033203,244.26580258646197,0.01607457172927961,0.03773822429620986,0.6,2.347697029306865,-48.90562539307309,-43.01713189996804,-43.01713189996805,0.0,14.679274669540796,-96.75187041629151,,-100.0,-43.01713189996804,-43.01713189996805,-48.905625393073095,-48.90562539307309
downstream_congested,1,fixed,60,1.0,6392.943822718356,5812.087232135044,580.8565905833115,15021.065779841038,5678.593751700521,5678.593751700521,0.0,1101366.0887378077,189.49579466879848,3.1582632444799748,12.747292693724626,40.0,183.61520399452823,153.87827643999495,360,0,0.0,10800.0,10800.0,0.5,0.3991727573926886,0.9916666666666667,0,0,0,183.5610147896346,430.9456491181787,0.031582632444799745,0.07414645236834698,0.6,2.347697029306865,0.0,0.0,0.0,0.0,0.0,0.0,,0.0,0.0,0.0,0.0,0.0
downstream_congested,1,adaptive,60,1.0,6392.943822718356,6330.597807447784,62.34601527057153,16694.823061552866,6252.321279894668,6252.321279894668,0.0,852861.3377334595,134.72050565747367,2.2453417609578943,9.871080297840967,40.0,113.39825111312183,168.87827643999495,360,276,0.7796610169491526,9050.0,12550.0,0.41898148148148145,0.47636085965094327,0.9867535682638905,0,0,0,142.1435562889099,333.7100048345869,0.02245341760957894,0.05271382181979493,0.6,2.347697029306865,-28.905807174803687,-22.563319639625064,-22.56331963962506,0.0,10.103338137586213,-89.2665390595014,,-38.24136092972937,-22.56331963962507,-22.563319639625078,-28.905807174803698,-28.905807174803705
downstream_congested,1,qubo_static,60,1.0,6392.943822718356,5912.087232135044,480.8565905833115,15293.065779841038,5762.593751700521,5762.593751700521,937.0599521495019,1075702.6999167867,181.94973410910177,3.0324955684850297,12.450262730518364,40.0,199.61520399452823,153.87827643999495,360,0,0.0,8400.0,13200.0,0.3888888888888889,0.5132221166477424,0.8319696969696969,0,0,0,179.28378331946445,420.90400550200235,0.03032495568485029,0.07119380837518535,0.6,2.347697029306865,-3.982178376510016,-2.3301415472517246,-2.330141547251729,0.0,1.4792394679553404,-17.215953407634974,,8.713875350146278,-2.3301415472517277,-2.3301415472517375,-3.98217837651002,-3.9821783765100363
downstream_congested,1,qubo_receding,60,1.0,6392.943822718356,6376.040638528488,16.903184189868398,17074.63292961025,6397.172806854119,6397.172806854119,0.0,579556.5777722312,90.89599810110147,1.5149333016850244,6.7078307612526755,40.0,9.503630555977299,173.36420111839124,360,25,0.07062146892655367,7350.0,14250.0,0.3402777777777778,0.5865395618831343,0.8956889227908222,0,0,0,96.59276296203852,226.77054265852001,0.015149333016850243,0.03556604411963972,0.6,2.347697029306865,-52.03270961238488,-47.37838910253564,-47.37838910253564,0.0,12.654172609872127,-97.08995568546554,,-94.82415924758577,-47.37838910253564,-47.37838910253565,-52.03270961238488,-52.032709612384885
downstream_congested,2,fixed,60,1.0,6513.637180086732,5799.833537000081,713.8036430866503,14993.841424820592,5663.195462240452,5663.195462240452,0.0,1098304.3866412144,189.36826024998362,3.1561376708330604,12.711856326865908,40.0,182.51481789915636,158.12325686047333,360,0,0.0,10800.0,10800.0,0.5,0.396838860591014,0.9914797898553378,0,0,0,183.05073110686905,429.74765763204624,0.0315613767083306,0.07409655033898263,0.6,2.347697029306865,0.0,0.0,0.0,0.0,0.0,0.0,,0.0,0.0,0.0,0.0,0.0
downstream_congested,2,adaptive,60,1.0,6513.637180086732,6420.835672559974,92.80150752675708,17021.77194382254,6351.2965391684165,6351.2965391684165,0.0,852235.2779235338,132.7296509963086,2.212160849938477,9.863834235226086,40.0,87.99672497571751,185.5424084158403,360,252,0.711864406779661,8690.0,12910.0,0.4023148148148148,0.4931944412408459,0.9865152788101924,0,0,0,142.0392129872556,333.46503837526507,0.022121608499384764,0.051934834557495105,0.6,2.347697029306865,-29.90924095669824,-22.40445469495011,-22.40445469495011,0.0,12.15040309867286,-86.99901458537504,,-51.786531094512156,-22.404454694950118,-22.404454694950125,-29.90924095669824,-29.90924095669825
downstream_congested,2,qubo_static,60,1.0,6513.637180086732,5899.833537000081,613.8036430866503,15265.841424820592,5747.195462240452,5747.195462240452,959.4002250462022,1087531.9327276861,184.33264699882855,3.072210783313809,12.587175147311182,40.0,198.51481789915636,158.12325686047333,360,0,0.0,8400.0,13200.0,0.3888888888888889,0.5102213921884465,0.8318167977604279,0,0,0,181.255322121281,425.53258129019036,0.030722107833138092,0.07212620129390347,0.6,2.347697029306865,-2.6591643417474473,-0.980825902596281,-0.9808259025962857,0.0,1.4832615360015888,-14.009454976662367,,8.766411507935958,-0.980825902596281,-0.9808259025962771,-2.6591643417474295,-2.6591643417474273
downstream_congested,2,qubo_receding,60,1.0,6513.637180086732,6482.233994218706,31.403185868025318,17404.193631705173,6495.293212835861,6495.293212835861,0.0,608273.0566445532,93.83694837104802,1.5639491395174672,7.040197414867514,40.0,4.030638023618014,186.91014335922793,360,10,0.02824858757062147,7270.0,14330.0,0.3365740740740741,0.5895267805203509,0.9154454945793605,0,0,0,101.37884277409219,238.006808015304,0.01563949139517467,0.036716787488321856,0.6,2.347697029306865,-50.4473726234932,-44.61707846722284,-44.617078467222846,0.0,14.693078424423964,-95.6005848145814,,-97.79161052783942,-44.61707846722284,-44.61707846722284,-50.4473726234932,-50.447372623493195
downstream_congested,3,fixed,60,1.0,6466.245304027152,5799.490291961923,666.7550120652294,14992.317780625746,5662.822886028531,5662.822886028531,0.0,1094395.9529829498,188.70554098517582,3.14509234975293,12.666619826191548,40.0,183.9953973647072,156.67200856868394,360,0,0.0,10800.0,10800.0,0.5,0.3965109056134953,0.9916666666666667,0,0,0,182.39932549715832,428.21835461725453,0.0314509234975293,0.07383723966410703,0.6,2.347697029306865,0.0,0.0,0.0,0.0,0.0,0.0,,0.0,0.0,0.0,0.0,0.0
downstream_congested,3,adaptive,60,1.0,6466.245304027152,6410.124326348171,56.12097767898048,16940.591453355268,6325.215969107934,6325.215969107934,0.0,842547.3506010224,131.4400950287058,2.19066825047843,9.751705446771092,40.0,102.2363486715534,186.67200856868394,360,270,0.7627118644067796,8790.0,12810.0,0.40694444444444444,0.4871806348834754,0.9881556340928588,0,0,0,140.4245584335037,329.67431867606496,0.021906682504784298,0.05143025343845077,0.6,2.347697029306865,-30.34645705552898,-23.01256704170681,-23.012567041706802,0.0,11.697224094959378,-91.58296875712273,,-44.435377114947485,-23.012567041706827,-23.012567041706827,-30.34645705552898,-30.34645705552899
downstream_congested,3,qubo_static,60,1.0,6466.245304027152,5899.490291961923,566.7550120652294,15264.317780625746,5746.822886028531,5746.822886028531,894.1938642367396,1060935.5838791744,179.83512665911206,2.997252110985201,12.279347035638592,40.0,199.9953973647072,156.67200856868394,360,0,0.0,8400.0,13200.0,0.3888888888888889,0.5097997357887797,0.8319696969696969,0,0,0,176.82259731319576,415.1258864265137,0.029972521109852015,0.07036639877043688,0.6,2.347697029306865,-4.700664474267127,-3.0574280736851973,-3.0574280736851995,0.0,1.4833591247793934,-14.99801249191313,,8.695869695199786,-3.057428073685196,-3.057428073685208,-4.700664474267109,-4.700664474267126
downstream_congested,3,qubo_receding,60,1.0,6466.245304027152,6447.138165239486,19.107138787666173,17292.65236823478,6455.955200101261,6455.955200101261,0.0,600051.4931708481,93.07253509876635,1.5512089183127726,6.94504043021815,40.0,5.5444351917652455,189.6385299464595,360,14,0.03954802259887006,7280.0,14320.0,0.337037037037037,0.5882304643716688,0.9085429181291219,0,0,0,100.00858219514136,234.7898513247248,0.015512089183127726,0.036417685693572115,0.6,2.347697029306865,-50.678430207792424,-45.170530689983586,-45.170530689983586,0.0,14.005953038537852,-97.13430893777866,,-96.98664462743308,-45.17053068998359,-45.17053068998359,-50.67843020779242,-50.67843020779244
downstream_congested,4,fixed,60,1.0,6501.580960090714,5802.471127278775,699.1098328119389,14995.300273278168,5664.548833420849,5664.548833420849,0.0,1095894.148588754,188.86679908439336,3.1477799847398895,12.683960053110578,40.0,184.0,157.92229385792618,360,0,0.0,10800.0,10800.0,0.5,0.3972647532909754,0.991188975716262,0,0,0,182.64902476479233,428.804572846099,0.031477799847398895,0.07390033719085448,0.6,2.347697029306865,0.0,0.0,0.0,0.0,0.0,0.0,,0.0,0.0,0.0,0.0,0.0
downstream_congested,4,adaptive,60,1.0,6501.580960090714,6414.25669576461,87.32426432610397,16999.91677738682,6349.779273245646,6349.779273245646,0.0,858379.8118890545,133.8237386813425,2.2303956446890414,9.934951526493686,40.0,90.55512866103801,177.92229385792618,360,262,0.7401129943502824,8750.0,12850.0,0.4050925925925926,0.4903382097762896,0.9890628359411892,0,0,0,143.06330198150908,335.86928906481984,0.022303956446890413,0.05236293229215433,0.6,2.347697029306865,-29.1438520004013,-21.673109305817572,-21.673109305817572,0.0,12.096822888734511,-87.50922097964623,,-50.78525616247934,-21.67310930581757,-21.67310930581757,-29.143852000401303,-29.143852000401303
downstream_congested,4,qubo_static,60,1.0,6501.580960090714,5902.471127278775,599.1098328119389,15267.300273278168,5748.548833420849,5748.548833420849,914.9781601762734,1066934.98239928,180.76072875110708,3.0126788125184514,12.348784518510184,40.0,200.0,157.92229385792618,360,0,0.0,8400.0,13200.0,0.3888888888888889,0.5107689685169683,0.8315788589193659,0,0,0,177.82249706654665,417.4733481070603,0.03012678812518451,0.07072857098405302,0.6,2.347697029306865,-4.291950926570298,-2.6425149022619054,-2.6425149022619023,0.0,1.4829071558956264,-14.303904094408592,,8.695652173913043,-2.64251490226191,-2.642514902261912,-4.291950926570311,-4.291950926570303
downstream_congested,4,qubo_receding,60,1.0,6501.580960090714,6471.380470898768,30.200489191946403,17383.612792211177,6493.175736475518,6493.175736475518,0.0,603919.1222755744,93.32152930759455,1.5553588217932424,6.989804655967296,40.0,2.48936222395643,179.7153721992939,360,16,0.04519774011299435,7310.0,14290.0,0.3384259259259259,0.5869301416610854,0.916245868206342,0,0,0,100.65318704592904,236.30318821799585,0.01555358821793242,0.0365151128543022,0.6,2.347697029306865,-50.58870602985404,-44.892568041058,-44.892568041058,0.0,14.62829481080237,-95.68015098994175,,-98.64708574784977,-44.892568041058006,-44.89256804105801,-50.588706029854045,-50.58870602985406
