scenario,base_controller,seed,mode,window,first_cycle,last_cycle,cycles,simulated_hours,vehicles_demanded,vehicles_admitted,vehicles_rejected,vehicles_served_stop_line,vehicles_exited,throughput_vehicles_per_hour,blocked_vehicle_cycles,waiting_vehicle_seconds,waiting_seconds_per_admitted,waiting_minutes_per_admitted,average_queue_vehicles,max_queue_vehicles,final_queue_vehicles,in_transit_final_vehicles,node_cycles,plan_changes,plan_change_rate,green_seconds_ns,green_seconds_ew,ns_green_share,phase_utilization_ns,phase_utilization_ew,emergency_priority_cycles,emergency_priority_node_cycles,emergency_override_plan_changes,emergency_completed,emergency_entry_cycle,emergency_completion_cycle,emergency_travel_time_s,emergency_free_flow_time_s,emergency_delay_s,emergency_stops,emergency_prioritized_intersections,fuel_liters_proxy,co2_kg_proxy,fuel_liters_proxy_per_admitted,co2_kg_proxy_per_admitted,idle_fuel_rate_lph_assumed,emission_factor_kg_per_liter_assumed
balanced_medium,fixed,0,A_no_override,during,40,43,4,0.06666666666666667,492.82623209289756,492.82623209289756,0.0,1189.068978266775,492.76876224514695,7391.531433677204,0.0,35672.06934800325,72.38265137899371,1.2063775229832285,6.193067595139453,14.665035986465558,0.0,176.48559835769325,24,0,0.0,720.0,720.0,0.5,0.8136884817868645,0.8377962102503229,0,0,0,True,40,43,207.65847191660305,90.0,117.65847191660305,3,0,5.945344891333875,13.957868539589285,0.012063775229832286,0.028322089269303,0.6,2.347697029306865
balanced_medium,fixed,0,A_no_override,post,44,89,46,0.7666666666666667,5490.115620355922,5490.115620355922,0.0,13167.108331197349,5486.379839348312,7156.147616541276,0.0,395013.24993592047,71.94989636854167,1.1991649394756945,5.963364280433582,14.995891197681933,0.0,180.22137936530353,276,0,0.0,8280.0,8280.0,0.5,0.7958399036157848,0.7943905711665037,0,0,0,True,40,43,207.65847191660305,90.0,117.65847191660305,3,0,65.83554165598675,154.56190556856845,0.011991649394756946,0.028152759660560345,0.6,2.347697029306865
balanced_medium,fixed,0,A_no_override,total,30,89,60,1.0,7205.289901892303,7205.289901892303,0.0,17275.819403506746,7196.550528057851,7196.550528057851,0.0,518274.58210520237,71.92973345445678,1.198828890907613,5.998548403995398,14.995891197681933,0.0,180.22137936530353,360,0,0.0,10800.0,10800.0,0.5,0.8005189513087319,0.7990939564233733,0,0,0,True,40,43,207.65847191660305,90.0,117.65847191660305,3,0,86.37909701753372,202.7919494622734,0.01198828890907613,0.028144870258310466,0.6,2.347697029306865
balanced_medium,fixed,0,B_corridor,during,40,43,4,0.06666666666666667,492.82623209289756,492.82623209289756,0.0,1184.0458742398337,490.38400747071904,7355.760112060786,0.0,36765.29382013618,74.60092711381066,1.2433487852301777,6.38286351044031,17.384754774427947,0.0,178.87035313212118,24,6,0.3333333333333333,690.0,750.0,0.4791666666666667,0.8456100755248037,0.8007665628369589,3,5,5,True,40,42,142.0,90.0,52.0,3,4,6.127548970022697,14.385628513854627,0.012433487852301774,0.029190062494771872,0.6,2.347697029306865
balanced_medium,fixed,0,B_corridor,post,44,89,46,0.7666666666666667,5490.115620355922,5490.115620355922,0.0,13172.13143522429,5488.76459412274,7159.258166247052,0.0,395163.9430567287,71.9773444463653,1.1996224074394215,5.965639236967522,14.995891197681933,0.0,180.22137936530353,276,0,0.0,8280.0,8280.0,0.5,0.7961279174774307,0.7947092123805753,0,0,0,True,40,42,142.0,90.0,52.0,3,4,65.86065717612145,154.6208692005782,0.011996224074394216,0.028163499622354798,0.6,2.347697029306865
balanced_medium,fixed,0,B_corridor,total,30,89,60,1.0,7205.289901892303,7205.289901892303,0.0,17275.819403506746,7196.550528057851,7196.550528057851,0.0,519518.4996981435,72.10237294709044,1.2017062157848408,6.012945598358143,17.384754774427947,0.0,180.22137936530353,360,8,0.022598870056497175,10770.0,10830.0,0.4986111111111111,0.8027488091118202,0.7968803997573806,3,5,5,True,40,42,142.0,90.0,52.0,3,4,86.58641661635725,203.2786730685485,0.012017062157848408,0.02821242112897665,0.6,2.347697029306865
balanced_medium,fixed,1,A_no_override,during,40,43,4,0.06666666666666667,472.72524179500107,472.72524179500107,0.0,1136.834587745138,476.69761878462157,7150.464281769324,0.0,34105.037632354135,72.14558186665205,1.2024263644442008,5.921013477839259,14.872178256277362,0.0,158.32525452652118,24,0,0.0,720.0,720.0,0.5,0.7948422196025879,0.7840947078212145,0,0,0,True,40,43,207.61027321397296,90.0,117.61027321397296,3,0,5.684172938725689,13.344715922312774,0.012024263644442009,0.028229328037659044,0.6,2.347697029306865
balanced_medium,fixed,1,A_no_override,post,44,89,46,0.7666666666666667,5479.077977956555,5479.077977956555,0.0,13106.54506882977,5471.4037635523355,7136.6136046334805,0.0,393196.3520648931,71.76323345767337,1.1960538909612228,5.93593526668015,14.988512358785085,0.0,165.99946893074105,276,0,0.0,8280.0,8280.0,0.5,0.8016242657321352,0.7812918053825695,0,0,0,True,40,43,207.61027321397296,90.0,117.61027321397296,3,0,65.53272534414884,153.85098461284096,0.011960538909612226,0.028079721667005793,0.6,2.347697029306865
balanced_medium,fixed,1,A_no_override,total,30,89,60,1.0,7147.969356035993,7147.969356035993,0.0,17120.818097392454,7152.62587862233,7152.62587862233,0.0,513624.5429217737,71.85600795672849,1.1976001326121415,5.944728506039048,14.988512358785085,0.0,165.99946893074105,360,0,0.0,10800.0,10800.0,0.5,0.8014153850478642,0.7838455498958803,0,0,0,True,40,43,207.61027321397296,90.0,117.61027321397296,3,0,85.60409048696228,200.9724689327574,0.011976001326121413,0.02811602273631032,0.6,2.347697029306865
balanced_medium,fixed,1,B_corridor,during,40,43,4,0.06666666666666667,472.72524179500107,472.72524179500107,0.0,1131.8021038780003,472.2813976286153,7084.22096442923,0.0,35610.267163069126,75.32973493831675,1.2554955823052791,6.1823380491439455,20.496078049119966,3.6827748204528064,159.0587008620747,24,6,0.3333333333333333,690.0,750.0,0.4791666666666667,0.8230002564606627,0.7519092358935242,3,5,5,True,40,42,142.0,90.0,52.0,3,4,5.935044527178187,13.933686405260197,0.01255495582305279,0.029475232488859963,0.6,2.347697029306865
balanced_medium,fixed,1,B_corridor,post,44,89,46,0.7666666666666667,5479.077977956555,5479.077977956555,0.0,13111.577552696908,5475.8199847083415,7142.373893097836,0.0,393347.3265809072,71.79078818798045,1.1965131364663408,5.938214471330121,14.988512358785085,0.0,165.99946893074105,276,0,0.0,8280.0,8280.0,0.5,0.8021576257751312,0.7813662332462328,0,0,0,True,40,42,142.0,90.0,52.0,3,4,65.55788776348453,153.9100583499655,0.011965131364663407,0.028090503360086675,0.6,2.347697029306865
balanced_medium,fixed,1,B_corridor,total,30,89,60,1.0,7147.969356035993,7147.969356035993,0.0,17120.818097392454,7152.62587862233,7152.62587862233,0.0,515280.74696850276,72.08771069134227,1.2014618448557044,5.963897534357671,20.496078049119966,0.0,165.99946893074105,360,8,0.022598870056497175,10770.0,10830.0,0.4986111111111111,0.8036477398808665,0.7816742325831495,3,5,5,True,40,42,142.0,90.0,52.0,3,4,85.88012449475045,201.62051315282937,0.012014618448557043,0.028206684039932827,0.6,2.347697029306865
balanced_medium,fixed,2,A_no_override,during,40,43,4,0.06666666666666667,493.70971233377554,493.70971233377554,0.0,1169.0568220865366,484.2569230052928,7263.853845079392,0.0,35071.704662596094,71.03709687381165,1.1839516145635274,6.088837615034044,14.770978374351081,0.0,178.50886130384197,24,0,0.0,720.0,720.0,0.5,0.8252023693323898,0.798487661343355,0,0,0,True,40,43,209.14334248736486,90.0,119.14334248736486,3,0,5.845284110432682,13.722956141517429,0.011839516145635274,0.0277955968835386,0.6,2.347697029306865
balanced_medium,fixed,2,A_no_override,post,44,89,46,0.7666666666666667,5435.5254017781845,5435.5254017781845,0.0,13081.085456007357,5455.26761807976,7115.566458364904,0.0,392432.5636802207,72.19772417066432,1.2032954028444052,5.924404644930868,14.97325629672579,0.0,158.7666450022673,276,0,0.0,8280.0,8280.0,0.5,0.7857142340182252,0.7941270046300047,0,0,0,True,40,43,209.14334248736486,90.0,119.14334248736486,3,0,65.40542728003678,153.55212732588853,0.012032954028444051,0.028249730426364174,0.6,2.347697029306865
balanced_medium,fixed,2,A_no_override,total,30,89,60,1.0,7140.002581027705,7140.002581027705,0.0,17145.036962776565,7143.469411358988,7143.469411358988,0.0,514351.10888329695,72.03794439094771,1.2006324065157952,5.953137834297419,14.97325629672579,0.0,158.7666450022673,360,0,0.0,10800.0,10800.0,0.5,0.7925942776164787,0.7949091448628325,0,0,0,True,40,43,209.14334248736486,90.0,119.14334248736486,3,0,85.72518481388282,201.25676172433467,0.012006324065157952,0.028187211340666846,0.6,2.347697029306865
balanced_medium,fixed,2,B_corridor,during,40,43,4,0.06666666666666667,493.70971233377554,493.70971233377554,0.0,1166.251002149964,483.41804802449764,7251.2707203674645,0.0,36618.05810995671,74.16920752249825,1.2361534587083043,6.357301755200818,16.07293449958121,0.7770337179390836,178.57070256669803,24,6,0.3333333333333333,690.0,750.0,0.4791666666666667,0.8609911081977748,0.7628895166579991,3,5,5,True,40,42,140.825319354572,90.0,50.825319354572,3,4,6.103009684992785,14.328017707288588,0.012361534587083042,0.02902113802776892,0.6,2.347697029306865
balanced_medium,fixed,2,B_corridor,post,44,89,46,0.7666666666666667,5435.5254017781845,5435.5254017781845,0.0,13083.89127594393,5456.106493060554,7116.660643122462,0.0,392545.04947913595,72.21841872925813,1.2036403121543022,5.926102800107729,15.471853346967787,0.0,158.7666450022673,276,0,0.0,8280.0,8280.0,0.5,0.7857217027697777,0.7944584030205503,0,0,0,True,40,42,140.825319354572,90.0,50.825319354572,3,4,65.42417491318932,153.59614108854728,0.01203640312154302,0.028257827851986425,0.6,2.347697029306865
balanced_medium,fixed,2,B_corridor,total,30,89,60,1.0,7140.002581027705,7140.002581027705,0.0,17145.036962776565,7143.469411358988,7143.469411358988,0.0,516009.9481295728,72.27027473361225,1.2045045788935376,5.972337362610796,16.07293449958121,0.0,158.7666450022673,360,8,0.022598870056497175,10770.0,10830.0,0.4986111111111111,0.7948020611195885,0.7927071804726307,3,5,5,True,40,42,140.825319354572,90.0,50.825319354572,3,4,86.00165802159547,201.9058370527646,0.012045045788935376,0.028278118216548746,0.6,2.347697029306865
balanced_medium,fixed,3,A_no_override,during,40,43,4,0.06666666666666667,466.18798224132195,466.18798224132195,0.0,1121.6628243982418,471.487498836551,7072.3124825482655,0.0,33649.884731947255,72.18093561778778,1.2030155936297964,5.841993877074176,14.971873887516715,0.0,169.6323029241069,24,0,0.0,720.0,720.0,0.5,0.7839595088147492,0.7739055250716974,0,0,0,True,40,43,204.17050978995167,90.0,114.17050978995167,4,0,5.608314121991209,13.1666224036185,0.012030155936297963,0.028243161353745078,0.6,2.347697029306865
balanced_medium,fixed,3,A_no_override,post,44,89,46,0.7666666666666667,5542.39579183507,5542.39579183507,0.0,13334.143122156818,5552.714481931832,7242.671063389345,0.0,400024.29366470454,72.1753387323964,1.2029223122066066,6.039014095179718,14.971873887516715,0.0,159.31361282734477,276,0,0.0,8280.0,8280.0,0.5,0.8001079045974986,0.8102958541170926,0,0,0,True,40,43,204.17050978995167,90.0,114.17050978995167,4,0,66.67071561078409,156.52264098120062,0.012029223122066066,0.028240971388543954,0.6,2.347697029306865
balanced_medium,fixed,3,A_no_override,total,30,89,60,1.0,7200.3076229423605,7200.3076229423605,0.0,17295.572077354987,7203.639257220267,7203.639257220267,0.0,518867.1623206496,72.06180478558746,1.2010300797597908,6.005406971303815,14.997369102161212,0.0,159.31361282734477,360,0,0.0,10800.0,10800.0,0.5,0.7994991712004824,0.8019426878138683,0,0,0,True,40,43,204.17050978995167,90.0,114.17050978995167,4,0,86.47786038677492,203.0238159308453,0.012010300797597908,0.028196547503602478,0.6,2.347697029306865
balanced_medium,fixed,3,B_corridor,during,40,43,4,0.06666666666666667,466.18798224132195,466.18798224132195,0.0,1105.3581475072529,464.1527614344109,6962.291421516164,0.0,35158.01379518058,75.41595908618051,1.2569326514363417,6.103821839441073,22.334737402140124,5.623192315903214,171.3438480103438,24,6,0.3333333333333333,690.0,750.0,0.4791666666666667,0.8031355148488045,0.7349261896821035,3,5,5,True,40,42,140.47830151836342,90.0,50.47830151836342,3,4,5.859668965863429,13.756727423879203,0.012569326514363417,0.029508970518159004,0.6,2.347697029306865
balanced_medium,fixed,3,B_corridor,post,44,89,46,0.7666666666666667,5542.39579183507,5542.39579183507,0.0,13350.447799047808,5560.049219333971,7252.238112174745,0.0,400513.4339714342,72.26359304065967,1.204393217344328,6.04639845971368,15.0,0.0,159.31361282734477,276,0,0.0,8280.0,8280.0,0.5,0.8013503370976126,0.8110225854927019,0,0,0,True,40,42,140.47830151836342,90.0,50.47830151836342,3,4,66.75223899523903,156.71403318870455,0.012043932173443277,0.02827550378476616,0.6,2.347697029306865
balanced_medium,fixed,3,B_corridor,total,30,89,60,1.0,7200.3076229423605,7200.3076229423605,0.0,17295.572077354987,7203.639257220267,7203.639257220267,0.0,520864.43169061263,72.3391914577345,1.2056531909622417,6.028523514937646,22.334737402140124,0.0,159.31361282734477,360,8,0.022598870056497175,10770.0,10830.0,0.4986111111111111,0.8017261883904562,0.7997212399251872,3,5,5,True,40,42,140.47830151836342,90.0,50.47830151836342,3,4,86.8107386151021,203.80531315860995,0.012056531909622416,0.028305084147963972,0.6,2.347697029306865
balanced_medium,fixed,4,A_no_override,during,40,43,4,0.06666666666666667,501.5094586909853,501.5094586909853,0.0,1201.9625830166742,503.83529956816204,7557.529493522431,0.0,36058.87749050023,71.9006927299423,1.1983448788323718,6.260221786545179,14.997154842146532,0.0,167.4006775501794,24,0,0.0,720.0,720.0,0.5,0.8440591157371412,0.825333360674906,0,0,0,True,40,43,207.87625853388727,90.0,117.87625853388727,4,0,6.009812915083371,14.109219927431262,0.011983448788323718,0.028133507121198543,0.6,2.347697029306865
balanced_medium,fixed,4,A_no_override,post,44,89,46,0.7666666666666667,5573.679673564908,5573.679673564908,0.0,13378.6525691248,5584.024405923208,7283.510094682445,0.0,401359.57707374403,72.00980332209076,1.2001633887015126,6.059172359205073,14.994636134432824,0.0,157.05594519187946,276,0,0.0,8280.0,8280.0,0.5,0.8108267506995409,0.8049525450884788,0,0,0,True,40,43,207.87625853388727,90.0,117.87625853388727,4,0,66.89326284562401,157.04511446331477,0.012001633887015127,0.02817620022337402,0.6,2.347697029306865
balanced_medium,fixed,4,A_no_override,total,30,89,60,1.0,7279.566250065799,7279.566250065799,0.0,17458.421796233044,7278.718285933929,7278.718285933929,0.0,523752.6538869913,71.9483326197158,1.1991388769952633,6.061952012580918,14.997154842146532,0.0,157.05594519187946,360,0,0.0,10800.0,10800.0,0.5,0.8104945527519838,0.806025983936262,0,0,0,True,40,43,207.87625853388727,90.0,117.87625853388727,4,0,87.29210898116523,204.93542493701273,0.011991388769952633,0.028152147792481503,0.6,2.347697029306865
balanced_medium,fixed,4,B_corridor,during,40,43,4,0.06666666666666667,501.5094586909853,501.5094586909853,0.0,1188.2779996759728,493.04549987734543,7395.682498160181,0.0,38182.207832448126,76.13457168307333,1.2689095280512221,6.628855526466689,21.000854503037978,5.739803419119951,172.45067382187608,24,6,0.3333333333333333,690.0,750.0,0.4791666666666667,0.8671664029566888,0.7865775755144765,3,5,5,True,40,42,142.0,90.0,52.0,3,4,6.3637013054080205,14.94004265010263,0.012689095280512222,0.029790151294650305,0.6,2.347697029306865
balanced_medium,fixed,4,B_corridor,post,44,89,46,0.7666666666666667,5573.679673564908,5573.679673564908,0.0,13392.337152465503,5594.814205614025,7297.583746453076,0.0,401774.0284375663,72.08416198424854,1.2014026997374756,6.065429173272438,15.065231060020789,0.0,157.05594519187946,276,0,0.0,8280.0,8280.0,0.5,0.8119593286331914,0.8054726946114347,0,0,0,True,40,42,142.0,90.0,52.0,3,4,66.96233807292772,157.2072821692544,0.012014026997374756,0.02820529549174919,0.6,2.347697029306865
balanced_medium,fixed,4,B_corridor,total,30,89,60,1.0,7279.566250065799,7279.566250065799,0.0,17458.421796233044,7278.718285933929,7278.718285933929,0.0,526290.4355927615,72.29694977884218,1.204949162980703,6.091324486027332,21.000854503037978,0.0,157.05594519187946,360,8,0.022598870056497175,10770.0,10830.0,0.4986111111111111,0.8127521977457219,0.8037932249779898,3,5,5,True,40,42,142.0,90.0,52.0,3,4,87.71507259879358,205.9284153656237,0.012049491629807028,0.028288555703955897,0.6,2.347697029306865
balanced_medium,adaptive,0,A_no_override,during,40,44,5,0.08333333333333333,608.1612481753693,608.1612481753693,0.0,1487.302315106463,613.1640971909068,7357.969166290882,0.0,47585.634819614716,78.2450952973132,1.3040849216218866,6.609115947168711,19.100836201100925,3.1161301576027753,176.09860203222303,30,24,1.0,900.0,900.0,0.5,0.8104540873983328,0.8421040404977369,0,0,0,True,40,44,242.0,90.0,152.0,4,0,7.930939136602452,18.61944225061513,0.013040849216218866,0.03061596296455579,0.6,2.347697029306865
balanced_medium,adaptive,0,A_no_override,post,45,89,45,0.75,5374.780604273451,5374.780604273451,0.0,12873.28122460508,5364.671009520072,7152.894679360096,0.0,407653.15288100054,75.84554289655625,1.2640923816092708,6.290943717299391,19.721806114638845,11.47693722845225,177.84738971475193,270,216,0.8181818181818182,8100.0,8100.0,0.5,0.7963841896861886,0.7929097886601171,0,0,0,True,40,44,242.0,90.0,152.0,4,0,67.94219214683342,159.50768266771703,0.012640923816092707,0.02967705929073525,0.6,2.347697029306865
balanced_medium,adaptive,0,A_no_override,total,30,89,60,1.0,7205.289901892303,7205.289901892303,0.0,17251.520198832488,7187.44758047995,7187.44758047995,0.0,548187.2029158686,76.08121399416558,1.268020233236093,6.344759293007739,19.721806114638845,11.47693722845225,177.84738971475193,360,293,0.827683615819209,10820.0,10780.0,0.5009259259259259,0.7983725173604482,0.7989916104816711,0,0,0,True,40,44,242.0,90.0,152.0,4,0,91.36453381931143,214.49624463160407,0.01268020233236093,0.02976927334669374,0.6,2.347697029306865
balanced_medium,adaptive,0,B_corridor,during,40,44,5,0.08333333333333333,608.1612481753693,608.1612481753693,0.0,1472.2948787695143,607.6661003651964,7291.993204382356,0.0,49880.45937598638,82.01847704969661,1.3669746174949435,6.927841579998108,20.13502511177953,17.74440741375185,166.96832160178445,30,20,0.8333333333333334,870.0,930.0,0.48333333333333334,0.8266242567015637,0.8098191133754342,4,7,4,True,40,43,202.0,90.0,112.0,4,4,8.31340989599773,19.517367716244163,0.013669746174949435,0.03209242248630767,0.6,2.347697029306865
balanced_medium,adaptive,0,B_corridor,post,45,89,45,0.75,5374.780604273451,5374.780604273451,0.0,12888.28866094203,5370.169006345783,7160.225341794377,0.0,407990.97833368817,75.90839670912285,1.2651399451520475,6.296157073050743,19.721806114638845,11.47693722845225,177.84738971475193,270,208,0.7878787878787878,8090.0,8110.0,0.4993827160493827,0.7986350447201814,0.7925192539032992,0,0,0,True,40,43,202.0,90.0,112.0,4,4,67.99849638894803,159.63986796966688,0.012651399451520476,0.029701652908909124,0.6,2.347697029306865
balanced_medium,adaptive,0,B_corridor,total,30,89,60,1.0,7205.289901892303,7205.289901892303,0.0,17251.520198832488,7187.44758047995,7187.44758047995,0.0,550819.852924928,76.44659138284885,1.2741098563808142,6.375229779223703,20.13502511177953,11.47693722845225,177.84738971475193,360,280,0.7909604519774012,10780.0,10820.0,0.49907407407407406,0.8013349385751439,0.7960378522174135,4,7,4,True,40,43,202.0,90.0,112.0,4,4,91.80330882082131,215.52635539918293,0.01274109856380814,0.029912239248358338,0.6,2.347697029306865
balanced_medium,adaptive,1,A_no_override,during,40,44,5,0.08333333333333333,601.784824475695,601.784824475695,0.0,1417.1460427346326,591.3403712418159,7096.084454901791,0.0,46352.14620048635,77.02445178950907,1.2837408631584846,6.437798083400882,18.15505037573719,20.347202852582605,165.6261886330447,30,24,1.0,910.0,890.0,0.5055555555555555,0.7931845705429232,0.7812899815062612,0,0,0,True,40,44,242.0,90.0,152.0,4,0,7.725357700081058,18.136799322813214,0.012837408631584845,0.030138346108370045,0.6,2.347697029306865
balanced_medium,adaptive,1,A_no_override,post,45,89,45,0.75,5350.018395275861,5350.018395275861,0.0,12832.145736473047,5358.010494495548,7144.013992660731,0.0,409386.77285097213,76.5206290154939,1.2753438169248983,6.3176971118977185,19.859195273010943,11.673604563894676,166.30768770204529,270,183,0.6931818181818182,8080.0,8120.0,0.49876543209876545,0.8037073308505532,0.7805653329064758,0,0,0,True,40,44,242.0,90.0,152.0,4,0,68.23112880849536,160.18601840995862,0.012753438169248984,0.029941208903394623,0.6,2.347697029306865
balanced_medium,adaptive,1,A_no_override,total,30,89,60,1.0,7147.969356035993,7147.969356035993,0.0,17097.162669493362,7140.644055287131,7140.644055287131,0.0,544881.5132598132,76.22885411500769,1.2704809019167949,6.306498996062652,19.859195273010943,11.673604563894676,166.30768770204529,360,240,0.6779661016949152,10780.0,10820.0,0.49907407407407406,0.8016521619144411,0.7814558561973836,0,0,0,True,40,44,242.0,90.0,152.0,4,0,90.8135855433022,213.20278500071544,0.01270480901916795,0.02982704239221166,0.6,2.347697029306865
balanced_medium,adaptive,1,B_corridor,during,40,44,5,0.08333333333333333,601.784824475695,601.784824475695,0.0,1440.4176951241243,597.2526838920896,7167.032206705076,0.0,47208.550907925455,78.44755963903859,1.3074593273173098,6.556743181656313,18.15505037573719,8.118885296311534,171.94219353904205,30,20,0.8333333333333334,900.0,900.0,0.5,0.8092420276496585,0.7912220780438131,3,5,3,True,40,42,142.0,90.0,52.0,3,4,7.868091817987575,18.47189578740308,0.013074593273173098,0.030695183786824003,0.6,2.347697029306865
balanced_medium,adaptive,1,B_corridor,post,45,89,45,0.75,5350.018395275861,5350.018395275861,0.0,12808.874084083554,5352.098181845275,7136.130909127033,0.0,409522.34228815284,76.54596901008166,1.2757661501680277,6.319789232841865,19.83116465253671,11.673604563894676,166.30768770204529,270,190,0.7196969696969697,8040.0,8160.0,0.4962962962962963,0.8068949462166464,0.7746861172183487,0,0,0,True,40,42,142.0,90.0,52.0,3,4,68.25372371469214,160.23906440411426,0.012757661501680277,0.029951124008397344,0.6,2.347697029306865
balanced_medium,adaptive,1,B_corridor,total,30,89,60,1.0,7147.969356035993,7147.969356035993,0.0,17097.162669493362,7140.644055287131,7140.644055287131,0.0,545873.487404433,76.36763117114911,1.2727938528524851,6.317980178292048,19.83116465253671,11.673604563894676,166.30768770204529,360,242,0.6836158192090396,10730.0,10870.0,0.49675925925925923,0.8053877265086373,0.7778613030410021,3,5,3,True,40,42,142.0,90.0,52.0,3,4,90.9789145674055,213.59092745946094,0.012727938528524853,0.02988134347261819,0.6,2.347697029306865
balanced_medium,adaptive,2,A_no_override,during,40,43,4,0.06666666666666667,493.70971233377554,493.70971233377554,0.0,1161.9001085441043,481.18496637708824,7217.774495656324,0.0,37368.17310170144,75.68855173024923,1.2614758621708204,6.487530052378722,19.063842808171334,11.675255939246808,176.65127949188263,24,11,0.6111111111111112,720.0,720.0,0.5,0.8344857121022077,0.7792644386534925,0,0,0,True,40,43,209.14334248736486,90.0,119.14334248736486,3,0,6.228028850283573,14.621524830248193,0.012614758621708204,0.029615631341607513,0.6,2.347697029306865
balanced_medium,adaptive,2,A_no_override,post,44,89,46,0.7666666666666667,5435.5254017781845,5435.5254017781845,0.0,13092.298411453548,5459.876451714134,7121.577980496697,0.0,418942.84229544114,77.07494884641467,1.284582480773578,6.324620203735525,19.69432448072834,6.709527051559615,157.26595844362,276,248,0.9185185185185185,8240.0,8320.0,0.4975845410628019,0.7899660317652728,0.7912233545321741,0,0,0,True,40,43,209.14334248736486,90.0,119.14334248736486,3,0,69.82380704924019,163.92514438439693,0.012845824807735778,0.03015810474011772,0.6,2.347697029306865
balanced_medium,adaptive,2,A_no_override,total,30,89,60,1.0,7140.002581027705,7140.002581027705,0.0,17132.76251414248,7138.260570866075,7138.260570866075,0.0,546421.5111909786,76.52959575153665,1.2754932625256108,6.324323046191882,19.69432448072834,6.709527051559615,157.26595844362,360,293,0.827683615819209,10760.0,10840.0,0.4981481481481482,0.7950921471285154,0.791288838656793,0,0,0,True,40,43,209.14334248736486,90.0,119.14334248736486,3,0,91.0702518651631,213.8053597620714,0.012754932625256109,0.02994471743332298,0.6,2.347697029306865
balanced_medium,adaptive,2,B_corridor,during,40,43,4,0.06666666666666667,493.70971233377554,493.70971233377554,0.0,1154.522239808813,481.9288243273555,7228.932364910333,0.0,38466.68092858087,77.91355925883676,1.2985593209806126,6.6782432167675125,19.063842808171334,15.129692053741001,172.45298542712115,24,15,0.8333333333333334,710.0,730.0,0.4930555555555556,0.8438938632670308,0.7607638313550973,3,5,4,True,40,42,140.825319354572,90.0,50.825319354572,4,4,6.411113488096811,15.051352090554058,0.012985593209806126,0.030486238602449242,0.6,2.347697029306865
balanced_medium,adaptive,2,B_corridor,post,44,89,46,0.7666666666666667,5435.5254017781845,5435.5254017781845,0.0,13099.67628018884,5459.132593763867,7120.6077309963475,0.0,418724.59503239114,77.03479683774619,1.2839132806291031,6.321325408097692,19.69432448072834,6.709527051559615,157.26595844362,276,250,0.9259259259259259,8230.0,8330.0,0.4969806763285024,0.791128210393663,0.7909593167645835,0,0,0,True,40,42,140.825319354572,90.0,50.825319354572,4,4,69.78743250539851,163.83974797587743,0.012839132806291028,0.03014239394820576,0.6,2.347697029306865
balanced_medium,adaptive,2,B_corridor,total,30,89,60,1.0,7140.002581027705,7140.002581027705,0.0,17132.76251414248,7138.260570866075,7138.260570866075,0.0,547301.771754808,76.6528815002237,1.2775480250037283,6.33451124716213,19.69432448072834,6.709527051559615,157.26595844362,360,303,0.8559322033898306,10740.0,10860.0,0.49722222222222223,0.7965727656520322,0.7898315848102795,3,5,4,True,40,42,140.825319354572,90.0,50.825319354572,4,4,91.21696195913466,214.14979061385776,0.012775480250037283,0.02999295703098105,0.6,2.347697029306865
balanced_medium,adaptive,3,A_no_override,during,40,45,6,0.1,698.2220771966687,698.2220771966687,0.0,1684.3313613200962,708.1106932802941,7081.106932802941,0.0,53989.13041884873,77.32372289861235,1.2887287149768725,6.24874194662601,18.083620473897415,10.630551394799898,158.28275988935002,36,25,0.8333333333333334,1090.0,1070.0,0.5046296296296297,0.7813586302058625,0.7781779947623423,0,0,0,True,40,45,302.0,90.0,212.0,4,0,8.998188403141453,21.125020183198675,0.012887287149768722,0.030255445757336567,0.6,2.347697029306865
balanced_medium,adaptive,3,A_no_override,post,46,89,44,0.7333333333333333,5310.361696879723,5310.361696879723,0.0,12763.198842002654,5311.69941963421,7243.226481319378,0.0,410526.1483697399,77.30662651678848,1.2884437752798081,6.4792637053304905,19.57323862701657,7.913303986001697,159.66228454366106,264,247,0.9573643410852714,7890.0,7950.0,0.4981060606060606,0.8030497862875492,0.8084447834206179,0,0,0,True,40,45,302.0,90.0,212.0,4,0,68.42102472828998,160.63183649673795,0.01288443775279808,0.030248756236533274,0.6,2.347697029306865
balanced_medium,adaptive,3,A_no_override,total,30,89,60,1.0,7200.3076229423605,7200.3076229423605,0.0,17274.055189047893,7195.377281517949,7195.377281517949,0.0,553740.507987884,76.9051180846078,1.2817519680767968,6.409033657267176,19.57323862701657,7.913303986001697,159.66228454366106,360,314,0.8870056497175142,10810.0,10790.0,0.500462962962963,0.7978767926902016,0.8015761872165721,0,0,0,True,40,45,302.0,90.0,212.0,4,0,92.29008466464732,216.6691576016716,0.012817519680767967,0.030091652877621236,0.6,2.347697029306865
balanced_medium,adaptive,3,B_corridor,during,40,45,6,0.1,698.2220771966687,698.2220771966687,0.0,1687.8597491044904,712.5800666675193,7125.800666675193,0.0,54312.1489177426,77.78635292628316,1.2964392154380526,6.286128346960949,22.334737402140124,9.014524610637977,155.42941328628663,36,20,0.6666666666666666,1100.0,1060.0,0.5092592592592593,0.7744875904201125,0.7886069807946857,3,5,3,True,40,42,140.47830151836342,90.0,50.47830151836342,4,4,9.052024819623766,21.251411778242726,0.012964392154380526,0.03043646494760839,0.6,2.347697029306865
balanced_medium,adaptive,3,B_corridor,post,46,89,44,0.7333333333333333,5310.361696879723,5310.361696879723,0.0,12759.67045421826,5307.230046246985,7237.1318812458885,0.0,410561.0943269943,77.31320722809389,1.2885534538015648,6.479815251373016,19.57323862701657,7.913303986001697,159.66228454366106,264,246,0.9534883720930233,7900.0,7940.0,0.49873737373737376,0.8020009330722822,0.8090507661142635,0,0,0,True,40,42,140.47830151836342,90.0,50.47830151836342,4,4,68.42684905449906,160.6455102500767,0.012885534538015648,0.030251331155930344,0.6,2.347697029306865
balanced_medium,adaptive,3,B_corridor,total,30,89,60,1.0,7200.3076229423605,7200.3076229423605,0.0,17274.055189047893,7195.377281517949,7195.377281517949,0.0,554098.4724440323,76.95483324608338,1.2825805541013897,6.413176764398522,22.334737402140124,7.913303986001697,159.66228454366106,360,307,0.867231638418079,10830.0,10770.0,0.5013888888888889,0.7964033360093333,0.8030647223831767,3,5,3,True,40,42,140.47830151836342,90.0,50.47830151836342,4,4,92.34974540733872,216.80922295005442,0.012825805541013896,0.03011110556710585,0.6,2.347697029306865
balanced_medium,adaptive,4,A_no_override,during,40,44,5,0.08333333333333333,626.6631517640258,626.6631517640258,0.0,1507.6292450386472,631.4731157406412,7577.677388887695,0.0,48877.103041267,77.99581466323714,1.2999302443872858,6.788486533509306,18.95396061677301,7.995809383856026,175.4337777899663,30,20,0.8333333333333334,910.0,890.0,0.5055555555555555,0.826535284083868,0.8488563331711543,0,0,0,True,40,44,247.87625853388727,90.0,157.87625853388727,4,0,8.146183840211167,19.124771601851347,0.012999302443872856,0.030518423730541776,0.6,2.347697029306865
balanced_medium,adaptive,4,A_no_override,post,45,89,45,0.75,5448.525980491868,5448.525980491868,0.0,13090.978513156797,5467.759130366067,7290.345507154757,0.0,420045.8445194366,77.09348290223566,1.2848913817039278,6.482188958633281,19.617426400623483,8.398807392238476,155.79762990738436,270,261,0.9886363636363636,8130.0,8070.0,0.5018518518518519,0.8079090119586373,0.8082624840065759,0,0,0,True,40,44,247.87625853388727,90.0,157.87625853388727,4,0,70.00764075323943,164.35673022516244,0.012848913817039277,0.03016535679808304,0.6,2.347697029306865
balanced_medium,adaptive,4,A_no_override,total,30,89,60,1.0,7279.566250065799,7279.566250065799,0.0,17441.822867874987,7271.577793826186,7271.577793826186,0.0,559850.4269709832,76.90711338274073,1.2817852230456788,6.479750312164157,19.617426400623483,8.398807392238476,155.79762990738436,360,328,0.9265536723163842,10860.0,10740.0,0.5027777777777778,0.8050286341397301,0.8099824861375705,0,0,0,True,40,44,247.87625853388727,90.0,157.87625853388727,4,0,93.30840449516386,219.0598640426595,0.012817852230456788,0.030092433603537774,0.6,2.347697029306865
balanced_medium,adaptive,4,B_corridor,during,40,44,5,0.08333333333333333,626.6631517640258,626.6631517640258,0.0,1505.9382803686728,629.7821510706669,7557.385812848003,0.0,50296.48801045983,80.26080338197276,1.3376800563662128,6.985623334786087,21.69096466997432,7.995809383856026,177.12474245994065,30,21,0.875,880.0,920.0,0.4888888888888889,0.8527910725526654,0.8211762353503557,3,5,4,True,40,42,142.0,90.0,52.0,3,4,8.382748001743304,19.68015258112081,0.013376800563662125,0.03140467494493997,0.6,2.347697029306865
balanced_medium,adaptive,4,B_corridor,post,45,89,45,0.75,5448.525980491868,5448.525980491868,0.0,13092.669477826772,5469.450095036042,7292.600126714722,0.0,420096.57345953584,77.10279348280018,1.2850465580466697,6.482971812647158,19.617426400623483,8.398807392238476,155.79762990738436,270,261,0.9886363636363636,8130.0,8070.0,0.5018518518518519,0.8081170026929514,0.8082624840065759,0,0,0,True,40,42,142.0,90.0,52.0,3,4,70.0160955765893,164.37657958882423,0.012850465580466694,0.03016899986847178,0.6,2.347697029306865
balanced_medium,adaptive,4,B_corridor,total,30,89,60,1.0,7279.566250065799,7279.566250065799,0.0,17441.822867874987,7271.577793826186,7271.577793826186,0.0,561320.5408802752,77.10906413897963,1.285151068982994,6.49676551944763,21.69096466997432,8.398807392238476,155.79762990738436,360,328,0.9265536723163842,10830.0,10770.0,0.5013888888888889,0.8072586303561835,0.8077262675132318,3,5,4,True,40,42,142.0,90.0,52.0,3,4,93.55342348004585,219.63509438559078,0.012851510689829938,0.03017145346861917,0.6,2.347697029306865
ns_heavy,fixed,0,A_no_override,during,40,44,5,0.08333333333333333,667.4431994153686,568.9191198445654,98.52407957080315,1276.365282390391,576.597840429346,6919.174085152152,0.0,82840.83628101606,145.61091970972785,2.4268486618287977,11.505671705696676,40.0,146.18232816641162,137.65129417173168,30,0,0.0,900.0,900.0,0.5,1.0,0.4181836471004344,0,0,0,True,40,44,242.0,90.0,152.0,4,0,13.80680604683601,32.41419754037296,0.02426848661828798,0.056975053939528085,0.6,2.347697029306865
ns_heavy,fixed,0,A_no_override,post,45,89,45,0.75,5911.881246969467,5128.962501553943,782.9187454155242,11314.018317929047,5119.198166034971,6825.597554713295,0.0,741858.0723328568,144.64096239894383,2.4106827066490637,11.448427042173716,40.0,150.0,143.59795785711455,270,0,0.0,8100.0,8100.0,0.5,1.0,0.3967923849295125,0,0,0,True,40,44,242.0,90.0,152.0,4,0,123.64301205547613,290.2763320971942,0.02410682706649064,0.056595526290014395,0.6,2.347697029306865
ns_heavy,fixed,0,A_no_override,total,30,89,60,1.0,7927.450256422519,6841.531057553657,1085.9191988688624,15115.10736468622,6837.875579699958,6837.875579699958,0.0,990031.7559522195,144.70909327512834,2.411818221252139,11.458700879076614,40.0,150.0,143.59795785711455,360,0,0.0,10800.0,10800.0,0.5,1.0,0.39954697821168667,0,0,0,True,40,44,242.0,90.0,152.0,4,0,165.00529265870324,387.38243539474746,0.024118182212521388,0.05662218473261813,0.6,2.347697029306865
ns_heavy,fixed,0,B_corridor,during,40,44,5,0.08333333333333333,667.4431994153686,554.149651829478,113.29354758589054,1221.365282390391,536.597840429346,6439.174085152152,0.0,88076.5319705921,158.93997529334342,2.6489995882223902,12.232851662582236,40.0,171.41286015132425,137.65129417173168,30,6,0.25,870.0,930.0,0.48333333333333334,0.9712643678160919,0.4046938520326784,3,5,5,True,40,42,142.0,90.0,52.0,3,4,14.679421995098682,34.46283540983503,0.026489995882223904,0.062190484639048145,0.6,2.347697029306865
ns_heavy,fixed,0,B_corridor,post,45,89,45,0.75,5911.881246969467,5128.73196956903,783.1492774004367,11314.018317929047,5119.198166034971,6825.597554713295,0.0,809371.9042519515,157.81130873172992,2.6301884788621654,12.490307164381967,40.0,175.0,143.59795785711455,270,0,0.0,8100.0,8100.0,0.5,1.0,0.3967923849295125,0,0,0,True,40,42,142.0,90.0,52.0,3,4,134.89531737532525,316.6933358694578,0.02630188478862165,0.06174885678341848,0.6,2.347697029306865
ns_heavy,fixed,0,B_corridor,total,30,89,60,1.0,7927.450256422519,6826.531057553657,1100.9191988688624,15060.10736468622,6797.875579699958,6797.875579699958,0.0,1062781.2835608902,155.6839446859188,2.5947324114319796,12.300709300473267,40.0,175.0,143.59795785711455,360,8,0.022598870056497175,10770.0,10830.0,0.4986111111111111,0.9976787372330548,0.3984401998786903,3,5,5,True,40,42,142.0,90.0,52.0,3,4,177.13021392681506,415.8480770364732,0.0259473241143198,0.060916455741650985,0.6,2.347697029306865
ns_heavy,fixed,1,A_no_override,during,40,44,5,0.08333333333333333,666.0456746334615,570.0905909055732,95.95508372788828,1252.4057394485883,567.1421932423132,6805.706318907758,0.0,82255.54895361242,144.28504919358824,2.4047508198931373,11.424381799112837,40.0,150.0,137.8729527525399,30,0,0.0,900.0,900.0,0.5,1.0,0.3915619327206536,0,0,0,True,40,44,242.0,90.0,152.0,4,0,13.709258158935404,32.18518465373355,0.024047508198931374,0.05645626356086367,0.6,2.347697029306865
ns_heavy,fixed,1,A_no_override,post,45,89,45,0.75,5916.55337294987,5103.3356898054935,813.2176831443769,11264.41642965089,5105.389557591967,6807.1860767892895,0.0,740302.4382895534,145.0624617479884,2.4177076957998067,11.424420343974589,40.0,149.09857982353242,136.72050514253363,270,0,0.0,8100.0,8100.0,0.5,1.0,0.39066869501862805,0,0,0,True,40,44,242.0,90.0,152.0,4,0,123.38373971492555,289.66763919350217,0.024177076957998065,0.05676045175161551,0.6,2.347697029306865
ns_heavy,fixed,1,A_no_override,total,30,89,60,1.0,7902.882463635761,6810.103139538778,1092.7793240969834,15032.76596943776,6813.11875286158,6813.11875286158,0.0,987635.8332371982,145.02509183790232,2.4170848639650386,11.430970292097202,40.0,149.09857982353242,136.72050514253363,360,0,0.0,10800.0,10800.0,0.5,1.0,0.39192277494794014,0,0,0,True,40,44,242.0,90.0,152.0,4,0,164.60597220619968,386.4449519546634,0.024170848639650383,0.056745829547133086,0.6,2.347697029306865
ns_heavy,fixed,1,B_corridor,during,40,44,5,0.08333333333333333,666.0456746334615,555.0905909055732,110.95508372788828,1197.4057394485883,527.1421932423132,6325.706318907758,0.0,87205.54895361242,157.10147205223842,2.618357867537307,12.111881799112837,40.0,175.0,137.8729527525399,30,6,0.25,870.0,930.0,0.48333333333333334,0.9712643678160919,0.3789309026328906,3,5,5,True,40,42,142.0,90.0,52.0,3,4,14.534258158935403,34.12203470291171,0.02618357867537307,0.061471109872795936,0.6,2.347697029306865
ns_heavy,fixed,1,B_corridor,post,45,89,45,0.75,5916.55337294987,5103.3356898054935,813.2176831443769,11264.41642965089,5105.389557591967,6807.1860767892895,0.0,807802.4382895534,158.28910488942216,2.638151748157036,12.466087010641257,40.0,174.09857982353242,136.72050514253363,270,0,0.0,8100.0,8100.0,0.5,1.0,0.39066869501862805,0,0,0,True,40,42,142.0,90.0,52.0,3,4,134.63373971492555,316.0792307732044,0.02638151748157036,0.06193581022008986,0.6,2.347697029306865
ns_heavy,fixed,1,B_corridor,total,30,89,60,1.0,7902.882463635761,6795.103139538778,1107.7793240969834,14977.76596943776,6773.11875286158,6773.11875286158,0.0,1060085.8332371982,156.00732048772878,2.600122008128813,12.269511958763868,40.0,174.09857982353242,136.72050514253363,360,8,0.022598870056497175,10770.0,10830.0,0.4986111111111111,0.9976787372330548,0.39083711629157464,3,5,5,True,40,42,142.0,90.0,52.0,3,4,176.68097220619967,414.7933935835438,0.026001220081288128,0.061042987143194144,0.6,2.347697029306865
ns_heavy,fixed,2,A_no_override,during,40,44,5,0.08333333333333333,673.5615134235364,574.4491346505455,99.112378772991,1264.8977215785296,567.185351166124,6806.224213993488,0.0,82661.49902552314,143.89698589381388,2.3982830982302312,11.480763753544881,40.0,148.54075185687938,142.47795248565131,30,0,0.0,900.0,900.0,0.5,1.0,0.4054419128650327,0,0,0,True,40,44,242.0,90.0,152.0,4,0,13.776916504253856,32.3440259500455,0.023982830982302316,0.05630442105151979,0.6,2.347697029306865
ns_heavy,fixed,2,A_no_override,post,45,89,45,0.75,5831.567918268985,5113.39562175676,718.1722965122239,11310.2436356733,5122.903074899556,6830.537433199407,0.0,739820.904536453,144.6828994393905,2.411381657323175,11.416989267537854,40.0,143.483136669596,138.02811453013982,270,0,0.0,8100.0,8100.0,0.5,1.0,0.39632637477448124,0,0,0,True,40,44,242.0,90.0,152.0,4,0,123.30348408940883,289.47922329989143,0.02411381657323175,0.05661193553422683,0.6,2.347697029306865
ns_heavy,fixed,2,A_no_override,total,30,89,60,1.0,7846.1010097988965,6826.7912864815435,1019.309723317353,15092.509382259292,6829.775466193026,6829.775466193026,0.0,987691.1125156115,144.67867422158398,2.4113112370263994,11.431610098560318,40.0,143.483136669596,138.02811453013982,360,0,0.0,10800.0,10800.0,0.5,1.0,0.39745457243141624,0,0,0,True,40,44,242.0,90.0,152.0,4,0,164.61518541926856,386.46658178761555,0.024113112370263996,0.0566102822790114,0.6,2.347697029306865
ns_heavy,fixed,2,B_corridor,during,40,44,5,0.08333333333333333,673.5615134235364,554.9308461656365,118.63066725789996,1209.8977215785296,527.185351166124,6326.224213993488,0.0,87456.00642137902,157.59802689950854,2.6266337816584757,12.146667558524863,40.0,169.02246337197042,142.47795248565131,30,6,0.25,870.0,930.0,0.48333333333333334,0.9712643678160919,0.39236314148228973,3,5,5,True,40,42,142.0,90.0,52.0,3,4,14.576001070229834,34.220034411752266,0.026266337816584755,0.061665403262766594,0.6,2.347697029306865
ns_heavy,fixed,2,B_corridor,post,45,89,45,0.75,5831.567918268985,5117.913910241669,713.6540080273148,11310.2436356733,5122.903074899556,6830.537433199407,0.0,807006.6712350436,157.68273663613394,2.6280456106022325,12.453806654861783,40.0,168.483136669596,138.02811453013982,270,0,0.0,8100.0,8100.0,0.5,1.0,0.39632637477448124,0,0,0,True,40,42,142.0,90.0,52.0,3,4,134.50111187250727,315.7678607815556,0.026280456106022324,0.06169854872893807,0.6,2.347697029306865
ns_heavy,fixed,2,B_corridor,total,30,89,60,1.0,7846.1010097988965,6811.7912864815435,1034.309723317353,15037.509382259292,6789.775466193026,6789.775466193026,0.0,1059671.386610058,155.56427700787702,2.592737950131284,12.264715122801595,40.0,168.483136669596,138.02811453013982,360,8,0.022598870056497175,10770.0,10830.0,0.4986111111111111,0.9976787372330548,0.39635359023631533,3,5,5,True,40,42,142.0,90.0,52.0,3,4,176.611897768343,414.6312277309866,0.025927379501312842,0.06086963183294387,0.6,2.347697029306865
ns_heavy,fixed,3,A_no_override,during,40,44,5,0.08333333333333333,642.9398482095003,563.9758026228665,78.96404558663384,1250.0347147743378,566.9792087386863,6803.750504864236,0.0,81978.18869498113,145.35763469589912,2.422627244931652,11.385859540969602,40.0,148.32218339304012,138.59552345120588,30,0,0.0,900.0,900.0,0.5,1.0,0.38892746086037544,0,0,0,True,40,44,242.0,90.0,152.0,4,0,13.66303144916352,32.076658344527466,0.024226272449316518,0.05687594786043913,0.6,2.347697029306865
ns_heavy,fixed,3,A_no_override,post,45,89,45,0.75,5950.472508132333,5141.979430323227,808.4930778091074,11383.19611029624,5145.009868090372,6860.013157453829,0.0,743980.748435514,144.68761661085586,2.4114602768475977,11.481184389436946,40.0,145.66496942156934,138.22229965553117,270,0,0.0,8100.0,8100.0,0.5,1.0,0.4053328531229924,0,0,0,True,40,44,242.0,90.0,152.0,4,0,123.99679140591901,291.1068988272591,0.02411460276847598,0.056613781282466163,0.6,2.347697029306865
ns_heavy,fixed,3,A_no_override,total,30,89,60,1.0,7914.288546970249,6839.325545623495,1074.963001346754,15130.490514194888,6841.591471877061,6841.591471877061,0.0,990241.4217470357,144.78641426575962,2.413106904429327,11.461127566516616,40.0,145.66496942156934,138.22229965553117,360,0,0.0,10800.0,10800.0,0.5,1.0,0.4009713439069342,0,0,0,True,40,44,242.0,90.0,152.0,4,0,165.04023695783926,387.4644740220203,0.024131069044293265,0.05665243910928615,0.6,2.347697029306865
ns_heavy,fixed,3,B_corridor,during,40,44,5,0.08333333333333333,642.9398482095003,547.4705425342114,95.46930567528892,1195.0347147743378,526.9792087386863,6323.750504864236,0.0,87082.22493195723,159.0628502656204,2.6510475044270065,12.094753462771838,40.0,171.81692330438503,138.59552345120588,30,6,0.25,870.0,930.0,0.48333333333333334,0.9712643678160919,0.3763814137358472,3,5,5,True,40,42,142.0,90.0,52.0,3,4,14.513704155326204,34.07378012969803,0.026510475044270065,0.062238563506946606,0.6,2.347697029306865
ns_heavy,fixed,3,B_corridor,post,45,89,45,0.75,5950.472508132333,5143.484690411881,806.9878177204523,11383.19611029624,5145.009868090372,6860.013157453829,0.0,811360.6719738577,157.74532652665198,2.6290887754442,12.520998024287927,40.0,170.66496942156934,138.22229965553117,270,0,0.0,8100.0,8100.0,0.5,1.0,0.4053328531229924,0,0,0,True,40,42,142.0,90.0,52.0,3,4,135.2267786623096,317.4715065482412,0.026290887754441997,0.061723039078943706,0.6,2.347697029306865
ns_heavy,fixed,3,B_corridor,total,30,89,60,1.0,7914.288546970249,6824.325545623495,1089.963001346754,15075.490514194888,6801.591471877061,6801.591471877061,0.0,1062725.3815223554,155.7260676410567,2.5954344606842783,12.300062286138372,40.0,170.66496942156934,138.22229965553117,360,8,0.022598870056497175,10770.0,10830.0,0.4986111111111111,0.9976787372330548,0.39986061996259364,3,5,5,True,40,42,142.0,90.0,52.0,3,4,177.12089692039257,415.8262035281731,0.02595434460684278,0.06093293773109145,0.6,2.347697029306865
ns_heavy,fixed,4,A_no_override,during,40,44,5,0.08333333333333333,695.3247006900395,572.3477502650284,122.9769504250112,1267.834661694021,573.6878619581523,6884.254343497828,0.0,82915.93727279235,144.86985793933448,2.414497632322241,11.516102398998937,40.0,150.0,138.03164549412378,30,0,0.0,900.0,900.0,0.5,1.0,0.4087051796600232,0,0,0,True,40,44,242.0,90.0,152.0,4,0,13.819322878798724,32.44358326958816,0.024144976323222413,0.056685089186713854,0.6,2.347697029306865
ns_heavy,fixed,4,A_no_override,post,45,89,45,0.75,6003.075240518119,5134.498839032152,868.5764014859674,11361.788884815249,5139.960648766172,6853.280865021563,0.0,743922.1436665765,144.88700202078633,2.4147833670131056,11.480279994854575,40.0,149.6419739223109,132.92786183779296,270,0,0.0,8100.0,8100.0,0.5,1.0,0.4026899857796603,0,0,0,True,40,44,242.0,90.0,152.0,4,0,123.98702394442941,291.08396778693606,0.024147833670131052,0.05669179737156296,0.6,2.347697029306865
ns_heavy,fixed,4,A_no_override,total,30,89,60,1.0,8017.306380087517,6851.04885538326,1166.2575247042569,15152.540313255815,6851.4501856335655,6851.4501856335655,0.0,991876.5738407576,144.7773318769116,2.41295553128186,11.480052937971731,40.0,149.6419739223109,132.92786183779296,360,0,0.0,10800.0,10800.0,0.5,1.0,0.403012991968131,0,0,0,True,40,44,242.0,90.0,152.0,4,0,165.31276230679293,388.1042809741697,0.0241295553128186,0.05664888532639991,0.6,2.347697029306865
ns_heavy,fixed,4,B_corridor,during,40,44,5,0.08333333333333333,695.3247006900395,557.3477502650284,137.97695042501118,1212.834661694021,533.6878619581523,6404.254343497828,0.0,88165.93727279235,158.18837921363806,2.636472986893968,12.245269065665603,40.0,175.0,138.03164549412378,30,6,0.25,870.0,930.0,0.48333333333333334,0.9712643678160919,0.395521141606474,3,5,5,True,40,42,142.0,90.0,52.0,3,4,14.694322878798722,34.49781817023166,0.026364729868939674,0.06189639799178764,0.6,2.347697029306865
ns_heavy,fixed,4,B_corridor,post,45,89,45,0.75,6003.075240518119,5134.498839032152,868.5764014859674,11361.788884815249,5139.960648766172,6853.280865021563,0.0,811422.1436665765,158.03336783294097,2.6338894638823493,12.521946661521241,40.0,174.6419739223109,132.92786183779296,270,0,0.0,8100.0,8100.0,0.5,1.0,0.4026899857796603,0,0,0,True,40,42,142.0,90.0,52.0,3,4,135.2370239444294,317.4955593666383,0.026338894638823492,0.06183574469879243,0.6,2.347697029306865
ns_heavy,fixed,4,B_corridor,total,30,89,60,1.0,8017.306380087517,6836.04885538326,1181.2575247042569,15097.540313255815,6811.4501856335655,6811.4501856335655,0.0,1064626.5738407576,155.73712189057633,2.5956186981762723,12.32206682686062,40.0,174.6419739223109,132.92786183779296,360,8,0.022598870056497175,10770.0,10830.0,0.4986111111111111,0.9976787372330548,0.4018966124889949,3,5,5,True,40,42,142.0,90.0,52.0,3,4,177.43776230679293,416.57010745451544,0.025956186981762722,0.06093726306921787,0.6,2.347697029306865
ns_heavy,adaptive,0,A_no_override,during,40,44,5,0.08333333333333333,667.4431994153686,667.4431994153686,0.0,1480.645244725344,681.597840429346,8179.174085152152,0.0,63910.15667224223,95.75370118119842,1.5958950196866404,8.876410648922532,34.423117773854884,72.45329873442395,146.93125650668466,30,13,0.5416666666666666,1110.0,690.0,0.6166666666666667,0.9948468129143719,0.5454569310005666,0,0,0,True,40,44,242.0,90.0,152.0,4,0,10.651692778707037,25.006947493659897,0.0159589501968664,0.03746677996803946,0.6,2.347697029306865
ns_heavy,adaptive,0,A_no_override,post,45,89,45,0.75,5911.881246969467,5906.823232406101,5.05801456336593,12874.663211678162,5894.160594077006,7858.880792102675,0.0,554968.2119790609,93.95375316708076,1.5658958861180128,8.564324258936125,40.0,68.44923571308935,163.59795785711455,270,170,0.6439393939393939,9800.0,6400.0,0.6049382716049383,0.9857800911988888,0.5021903621764143,0,0,0,True,40,44,242.0,90.0,152.0,4,0,92.49470199651014,217.14953710383062,0.015658958861180124,0.03676249120043099,0.6,2.347697029306865
ns_heavy,adaptive,0,A_no_override,total,30,89,60,1.0,7927.450256422519,7894.94272130878,32.507535113738825,17385.03222077029,7952.8380077419915,7952.8380077419915,0.0,759176.9200134319,96.15990220731832,1.6026650367886388,8.786769907562869,40.0,68.44923571308935,163.59795785711455,360,200,0.5649717514124294,13250.0,8350.0,0.6134259259259259,0.9864094231006844,0.5167793251121217,0,0,0,True,40,44,242.0,90.0,152.0,4,0,126.52948666890532,297.0528999723116,0.016026650367886388,0.037625719458426646,0.6,2.347697029306865
ns_heavy,adaptive,0,B_corridor,during,40,44,5,0.08333333333333333,667.4431994153686,664.247630813749,3.1955686016196125,1411.365282390391,636.597840429346,7639.174085152152,0.0,76513.35319399928,115.18799562787325,1.9197999271312207,10.626854610277679,40.0,93.53769246775731,167.65129417173168,30,11,0.4583333333333333,1050.0,750.0,0.5833333333333334,0.9857142857142858,0.5018203765205212,3,5,5,True,40,42,142.0,90.0,52.0,3,4,12.752225532333215,29.938361999309844,0.01919799927131221,0.04507108585789504,0.6,2.347697029306865
ns_heavy,adaptive,0,B_corridor,post,45,89,45,0.75,5911.881246969467,5907.5393595681235,4.341887401343882,12937.444251457577,5934.628172462542,7912.8375632833895,0.0,570726.9201307768,96.60992257400726,1.6101653762334542,8.807514199549026,40.0,70.50221588795556,163.59795785711455,270,159,0.6022727272727273,9860.0,6340.0,0.608641975308642,0.9861486748000533,0.50694295235474,0,0,0,True,40,42,142.0,90.0,52.0,3,4,95.12115335512947,223.31564915608018,0.016101653762334543,0.03780180470476051,0.6,2.347697029306865
ns_heavy,adaptive,0,B_corridor,total,30,89,60,1.0,7927.450256422519,7892.463279869183,34.98697655333639,17378.533298214752,7948.305586127528,7948.305586127528,0.0,787538.8246869049,99.78365394434351,1.6630608990723919,9.115032693135474,40.0,70.50221588795556,163.59795785711455,360,185,0.5225988700564972,13250.0,8350.0,0.6134259259259259,0.9859189383795117,0.5167793251121217,3,5,5,True,40,42,142.0,90.0,52.0,3,4,131.2564707811508,308.15042653021106,0.016630608990723914,0.03904363132308658,0.6,2.347697029306865
ns_heavy,adaptive,1,A_no_override,during,40,44,5,0.08333333333333333,666.0456746334615,666.0456746334615,0.0,1431.4625196159768,653.2218948913506,7838.662738696208,0.0,63155.43656556992,94.82147992376895,1.5803579987294825,8.77158841188471,37.90159510554966,78.50403757448942,154.77032962185336,30,16,0.6666666666666666,1100.0,700.0,0.6111111111111112,0.9809607092430807,0.5034367706408404,0,0,0,True,40,44,252.0,90.0,162.0,4,0,10.525906094261652,24.711638468261107,0.015803579987294824,0.03710201778858548,0.6,2.347697029306865
ns_heavy,adaptive,1,A_no_override,post,45,89,45,0.75,5916.55337294987,5913.735231187793,2.8181417620773033,12904.7890658302,5928.461394939745,7904.615193252994,0.0,576042.1512919557,97.40749776114947,1.623458296019158,8.889539371789441,40.0,66.82769830185697,151.72050514253363,270,155,0.5871212121212122,9870.0,6330.0,0.6092592592592593,0.9868665284882785,0.49990780879160934,0,0,0,True,40,44,252.0,90.0,162.0,4,0,96.00702521532595,225.39540789061002,0.01623458296019158,0.03811388218767762,0.6,2.347697029306865
ns_heavy,adaptive,1,A_no_override,total,30,89,60,1.0,7902.882463635761,7891.983797013918,10.89866662184339,17362.195385784456,7962.2702918583955,7962.2702918583955,0.0,776555.069247084,98.39795534563925,1.6399659224273209,8.987905894063472,40.0,66.82769830185697,151.72050514253363,360,189,0.5338983050847458,13310.0,8290.0,0.6162037037037037,0.9864334647893837,0.5105869685690897,0,0,0,True,40,44,252.0,90.0,162.0,4,0,129.42584487451398,303.8526715274276,0.016399659224273208,0.038501431242471136,0.6,2.347697029306865
ns_heavy,adaptive,1,B_corridor,during,40,44,5,0.08333333333333333,666.0456746334615,662.7450760241702,3.3005986092913417,1395.3828179669392,632.1421932423132,7585.706318907758,0.0,71428.31360149817,107.77645309716823,1.796274218286137,9.920599111319191,40.0,85.20343896519807,165.8500312708909,30,12,0.5,1060.0,740.0,0.5888888888888889,0.9839406401116518,0.4762239722278219,3,5,5,True,40,42,152.0,90.0,62.0,3,4,11.904718933583029,27.948673275106067,0.017962742182861372,0.04217107646090876,0.6,2.347697029306865
ns_heavy,adaptive,1,B_corridor,post,45,89,45,0.75,5916.55337294987,5912.6651722105225,3.888200739347397,12930.012657260306,5943.636313579195,7924.848418105594,0.0,576190.0626497547,97.45014234153545,1.624169039025591,8.891821954471522,40.0,68.36182372488238,151.72050514253363,270,159,0.6022727272727273,9880.0,6320.0,0.6098765432098765,0.9884206708106696,0.5006988021599504,0,0,0,True,40,42,152.0,90.0,62.0,3,4,96.03167710829244,225.45328306649424,0.016241690390255907,0.038130568280125655,0.6,2.347697029306865
ns_heavy,adaptive,1,B_corridor,total,30,89,60,1.0,7902.882463635761,7887.613139427356,15.269324208404825,17351.339275565526,7956.3655088488085,7956.3655088488085,0.0,784975.8576408111,99.52007581571131,1.6586679302618552,9.085368722694573,40.0,68.36182372488238,151.72050514253363,360,186,0.5254237288135594,13280.0,8320.0,0.6148148148148148,0.9878443754614281,0.5087459097881916,3,5,5,True,40,42,152.0,90.0,62.0,3,4,130.82930960680184,307.1475815101568,0.01658667930261855,0.038940497724823234,0.6,2.347697029306865
ns_heavy,adaptive,2,A_no_override,during,40,44,5,0.08333333333333333,673.5615134235364,673.5615134235364,0.0,1513.489419326575,692.185351166124,8306.224213993488,0.0,65005.29813104618,96.50981660255691,1.6084969433759484,9.028513629311968,36.965159226284214,67.10759745824978,161.06965023369676,30,8,0.3333333333333333,1150.0,650.0,0.6388888888888888,0.9987753893461264,0.5613811101208146,0,0,0,True,40,44,252.0,90.0,162.0,4,0,10.83421635517436,25.435457551910698,0.01608496943375948,0.03776263495612887,0.6,2.347697029306865
ns_heavy,adaptive,2,A_no_override,post,45,89,45,0.75,5831.567918268985,5831.567918268985,0.0,12790.136053108516,5867.378786171844,7823.171714895791,0.0,560240.4585555341,96.07029642927202,1.6011716071545337,8.645686088819971,39.293913794499225,44.3587228053877,148.0076569836994,270,186,0.7045454545454546,9610.0,6590.0,0.5932098765432099,0.9968670569651628,0.48713863970763244,0,0,0,True,40,44,252.0,90.0,162.0,4,0,93.3734097592557,219.21247670805724,0.016011716071545338,0.037590658255271976,0.6,2.347697029306865
ns_heavy,adaptive,2,A_no_override,total,30,89,60,1.0,7846.1010097988965,7827.1221263431835,18.978883455713216,17300.993497442552,7919.251177465314,7919.251177465314,0.0,765782.7009108914,97.83707070745089,1.6306178451241815,8.863225704987169,40.0,44.3587228053877,148.0076569836994,360,212,0.5988700564971752,13080.0,8520.0,0.6055555555555555,0.9945324247082004,0.503815655194753,0,0,0,True,40,44,252.0,90.0,162.0,4,0,127.63045015181523,299.6376286705145,0.016306178451241812,0.03828196670932802,0.6,2.347697029306865
ns_heavy,adaptive,2,B_corridor,during,40,44,5,0.08333333333333333,673.5615134235364,656.9766522002251,16.58486122331132,1399.8977215785296,632.185351166124,7586.224213993488,0.0,78078.48026109833,118.84513703738524,1.9807522839564207,10.84423336959699,40.0,104.11443398298394,167.47795248565131,30,12,0.5,1040.0,760.0,0.5777777777777777,0.9951923076923077,0.4801285810243809,3,5,5,True,40,42,152.0,90.0,62.0,3,4,13.013080043516387,30.550769360295874,0.019807522839564204,0.046502062528372766,0.6,2.347697029306865
ns_heavy,adaptive,2,B_corridor,post,45,89,45,0.75,5831.567918268985,5828.451550252441,3.1163680165435466,12853.688435472917,5897.452791781294,7863.270389041725,0.0,581332.3923229594,99.74045204129402,1.6623408673549003,8.97117889387283,40.0,53.4309593304305,149.1601856093512,270,190,0.7196969696969697,9690.0,6510.0,0.5981481481481481,0.9951955417749864,0.4931249824382946,0,0,0,True,40,42,152.0,90.0,62.0,3,4,96.88873205382656,227.46538841607745,0.016623408673549004,0.03902672715984497,0.6,2.347697029306865
ns_heavy,adaptive,2,B_corridor,total,30,89,60,1.0,7846.1010097988965,7807.420897103329,38.680112695568084,17250.954182058907,7889.325183074765,7889.325183074765,0.0,799947.8168083688,102.45993233247634,1.7076655388746056,9.258655287133898,40.0,53.4309593304305,149.1601856093512,360,220,0.6214689265536724,13050.0,8550.0,0.6041666666666666,0.9929842758467139,0.5020478809659995,3,5,5,True,40,42,152.0,90.0,62.0,3,4,133.32463613472814,313.00585218692,0.01707665538874606,0.04009081312665619,0.6,2.347697029306865
ns_heavy,adaptive,3,A_no_override,during,40,44,5,0.08333333333333333,642.9398482095003,642.9398482095003,0.0,1418.3362023428201,652.3239716067392,7827.88765928087,0.0,58352.008459982346,90.7581146548697,1.5126352442478284,8.104445619441993,33.78960445237847,53.321477713721706,156.20748528358274,30,17,0.7083333333333334,1080.0,720.0,0.6,0.9891680440448912,0.4861593260754693,0,0,0,True,40,44,252.0,90.0,162.0,4,0,9.725334743330391,22.832139485931602,0.015126352442478284,0.03551209269345491,0.6,2.347697029306865
ns_heavy,adaptive,3,A_no_override,post,45,89,45,0.75,5950.472508132333,5945.753630373774,4.71887775855933,12971.035625298922,5933.615672912814,7911.487563883752,0.0,579360.8045134785,97.44110511976554,1.6240184186627589,8.9407531560722,40.0,65.20475361255954,156.46216684570453,270,169,0.6401515151515151,9790.0,6410.0,0.604320987654321,0.9895648125641149,0.5121990811694599,0,0,0,True,40,44,252.0,90.0,162.0,4,0,96.56013408557976,226.69393994218817,0.01624018418662759,0.03812703217034192,0.6,2.347697029306865
ns_heavy,adaptive,3,A_no_override,total,30,89,60,1.0,7914.288546970249,7875.90296267008,38.38558430016775,17366.325912715907,7940.389237542483,7940.389237542483,0.0,771640.3820766321,97.97484627909019,1.6329141046515032,8.93102294070176,40.0,65.20475361255954,156.46216684570453,360,212,0.5988700564971752,13180.0,8420.0,0.6101851851851852,0.989061866352126,0.5143100373153076,0,0,0,True,40,44,252.0,90.0,162.0,4,0,128.60673034610537,301.9296387824206,0.016329141046515033,0.038335875926036135,0.6,2.347697029306865
ns_heavy,adaptive,3,B_corridor,during,40,44,5,0.08333333333333333,642.9398482095003,634.7643135233577,8.175534686142626,1340.7242405104432,607.3239716067392,7287.88765928087,0.0,70008.77107144798,110.29096875792125,1.8381828126320208,9.723440426589997,40.0,77.75790485995594,168.59552345120588,30,12,0.5,1010.0,790.0,0.5611111111111111,0.9808807185505997,0.4430819174358707,3,5,5,True,40,42,142.0,90.0,52.0,3,4,11.668128511907996,27.393230644977134,0.01838182812632021,0.04315496328539133,0.6,2.347697029306865
ns_heavy,adaptive,3,B_corridor,post,45,89,45,0.75,5950.472508132333,5940.753630373774,9.718877758559344,13022.515845552214,5966.048919712878,7954.7318929505045,0.0,600380.9931906764,101.06141923157017,1.684356987192836,9.265138783806735,40.0,68.80750630123583,152.25063267082191,270,165,0.625,9820.0,6380.0,0.6061728395061728,0.9917840870932765,0.5146075407987835,0,0,0,True,40,42,142.0,90.0,52.0,3,4,100.06349886511273,234.91877902767604,0.01684356987192836,0.03954359895124883,0.6,2.347697029306865
ns_heavy,adaptive,3,B_corridor,total,30,89,60,1.0,7914.288546970249,7862.7274279839385,51.56111898631039,17340.19417113682,7927.822484342547,7927.822484342547,0.0,804317.3333652955,102.29495308494097,1.7049158847490162,9.309228395431662,40.0,68.80750630123583,152.25063267082191,360,199,0.5621468926553672,13140.0,8460.0,0.6083333333333333,0.9900839921569204,0.5118783113705543,3,5,5,True,40,42,142.0,90.0,52.0,3,4,134.05288889421593,314.715569026954,0.017049158847490163,0.040026259578433504,0.6,2.347697029306865
ns_heavy,adaptive,4,A_no_override,during,40,44,5,0.08333333333333333,695.3247006900395,695.3247006900395,0.0,1496.6645126149333,688.1027874186085,8257.233449023302,0.0,65950.82740966437,94.8489638642419,1.5808160644040317,9.159837140231163,38.96936601314716,71.57323314988466,163.03164549412378,30,12,0.5,1130.0,670.0,0.6277777777777778,0.9989644698415153,0.5490069577522699,0,0,0,True,40,44,252.0,90.0,162.0,4,0,10.991804568277395,25.805426931666467,0.015808160644040316,0.037112771782819146,0.6,2.347697029306865
ns_heavy,adaptive,4,A_no_override,post,45,89,45,0.75,6003.075240518119,6000.254294069722,2.8209464483974216,13113.322987826785,6009.1804373587975,8012.240583145063,0.0,575990.336472932,95.99432094773134,1.5999053491288557,8.888739760384754,40.0,62.750873517140064,162.92786183779296,270,161,0.6098484848484849,9970.0,6230.0,0.6154320987654321,0.9881177635919294,0.5235616187504412,0,0,0,True,40,44,252.0,90.0,162.0,4,0,95.99838941215533,225.3751336411607,0.015999053491288554,0.03756093035321977,0.6,2.347697029306865
ns_heavy,adaptive,4,A_no_override,total,30,89,60,1.0,8017.306380087517,8002.792469031171,14.513911056346089,17612.90426718826,8060.084899686647,8060.084899686647,0.0,778196.4782191924,97.24061710092076,1.6206769516820125,9.006903683092505,40.0,62.750873517140064,162.92786183779296,360,192,0.5423728813559322,13410.0,8190.0,0.6208333333333333,0.9888414581605106,0.5314457036942387,0,0,0,True,40,44,252.0,90.0,162.0,4,0,129.69941303653206,304.4949266887104,0.016206769516820128,0.038048584649299666,0.6,2.347697029306865
ns_heavy,adaptive,4,B_corridor,during,40,44,5,0.08333333333333333,695.3247006900395,677.9761076011562,17.34859308888346,1406.6645126149333,638.1027874186085,7657.2334490233025,0.0,75618.39057712354,111.53547998126326,1.8589246663543877,10.502554246822715,40.0,99.22464006100122,168.03164549412378,30,11,0.4583333333333333,1050.0,750.0,0.5833333333333334,0.9893617627818213,0.4904462155920278,3,5,5,True,40,42,142.0,90.0,52.0,3,4,12.603065096187258,29.588178486479865,0.01858924666354388,0.043641919169054515,0.6,2.347697029306865
ns_heavy,adaptive,4,B_corridor,post,45,89,45,0.75,6003.075240518119,5999.223660082869,3.851580435250284,13163.981060088927,6039.523501967376,8052.698002623169,0.0,600679.6488064862,100.12623013261499,1.66877050221025,9.269747666766762,40.0,69.0285818328247,157.92786183779296,270,151,0.571969696969697,9990.0,6210.0,0.6166666666666667,0.991210427955323,0.5252478075386874,0,0,0,True,40,42,142.0,90.0,52.0,3,4,100.11327480108102,235.03563784467974,0.016687705022102498,0.039177675506339285,0.6,2.347697029306865
ns_heavy,adaptive,4,B_corridor,total,30,89,60,1.0,8017.306380087517,7984.413241955434,32.89313813208241,17573.562339450404,8040.427964295226,8040.427964295226,0.0,812553.3537202056,101.7674472872356,1.6961241214539267,9.404552705094972,40.0,69.0285818328247,157.92786183779296,360,179,0.5056497175141242,13350.0,8250.0,0.6180555555555556,0.9903387285539015,0.5275806440310079,3,5,5,True,40,42,142.0,90.0,52.0,3,4,135.4255589533676,317.9381824470429,0.01696124121453927,0.039819855612731006,0.6,2.347697029306865
ew_heavy,fixed,0,A_no_override,during,40,47,8,0.13333333333333333,872.4629813524652,765.1613291167315,107.30165223573371,2010.8524939968215,765.6911648800901,5742.683736600676,0.0,108179.66664548623,141.38151332133324,2.356358555355554,9.390596062976234,40.0,100.0,155.8344303143777,48,0,0.0,1440.0,1440.0,0.5,0.39642534305334853,1.0,0,0,0,True,40,47,434.46810761577035,90.0,344.46810761577035,4,0,18.02994444091437,42.32884700250249,0.02356358555355554,0.0553201598039005,0.6,2.347697029306865
ew_heavy,fixed,0,A_no_override,post,48,89,42,0.7,4514.096277160339,4028.7654309634813,485.33084619685775,10576.852560415804,4028.0871294523217,5754.410184931889,0.0,567503.1297672299,140.86278774277292,2.347713129046215,9.383318944563987,40.0,100.0,156.5127318255372,252,0,0.0,7560.0,7560.0,0.5,0.3990545714835712,1.0,0,0,0,True,40,47,434.46810761577035,90.0,344.46810761577035,4,0,94.58385496120498,222.05423531281232,0.02347713129046215,0.05511719138726524,0.6,2.347697029306865
ew_heavy,fixed,0,A_no_override,total,30,89,60,1.0,6483.129547362087,5763.873456880934,719.2560904811526,15122.80233706715,5760.399684328968,5760.399684328968,0.0,811150.4937067322,140.73010099456255,2.345501683242709,9.388315899383475,40.0,100.0,156.5127318255372,360,0,0.0,10800.0,10800.0,0.5,0.4002594756543659,1.0,0,0,0,True,40,47,434.46810761577035,90.0,344.46810761577035,4,0,135.19174895112204,317.3892673993487,0.02345501683242709,0.0550652733398316,0.6,2.347697029306865
ew_heavy,fixed,0,B_corridor,during,40,47,8,0.13333333333333333,872.4629813524652,777.0411229761041,95.42185837636113,2020.8524939968215,755.6911648800901,5667.683736600676,0.0,112105.97685282002,144.27290080021615,2.404548346670269,9.731421601807293,40.0,121.8797938593726,155.8344303143777,48,6,0.14285714285714285,1370.0,1510.0,0.4756944444444444,0.4166806525524247,0.9602649006622517,6,11,11,True,40,45,302.0,90.0,212.0,4,4,18.684329475470005,43.865144804151626,0.02404548346670269,0.056451510103025244,0.6,2.347697029306865
ew_heavy,fixed,0,B_corridor,post,48,89,42,0.7,4514.096277160339,4031.885637104109,482.2106400562303,10576.852560415804,4028.0871294523217,5754.410184931889,0.0,630158.017922446,156.29362403618555,2.604893733936426,10.419279396865841,40.0,125.0,156.5127318255372,252,0,0.0,7560.0,7560.0,0.5,0.3990545714835712,1.0,0,0,0,True,40,45,302.0,90.0,212.0,4,4,105.02633632040768,246.5700177784048,0.02604893733936426,0.06115501280822615,0.6,2.347697029306865
ew_heavy,fixed,0,B_corridor,total,30,89,60,1.0,6483.129547362087,5778.873456880934,704.2560904811526,15132.80233706715,5750.399684328968,5750.399684328968,0.0,877731.692069282,151.88629732394685,2.5314382887324474,10.158931621172247,40.0,125.0,156.5127318255372,360,8,0.022598870056497175,10730.0,10870.0,0.49675925925925923,0.4028706744703776,0.9944802207911684,6,11,11,True,40,45,302.0,90.0,212.0,4,4,146.28861534488033,343.4413476665902,0.02531438288732447,0.059430501503308204,0.6,2.347697029306865
ew_heavy,fixed,1,A_no_override,during,40,47,8,0.13333333333333333,853.4315732213175,767.6755110306258,85.75606219069172,2017.6580993885527,768.18137881077,5761.360341080775,0.0,108076.92532882316,140.7846463458589,2.3464107724309815,9.381677545904788,40.0,98.19879045284316,155.74479257027102,48,0,0.0,1440.0,1440.0,0.5,0.4011514579087171,1.0,0,0,0,True,40,47,432.3998993047535,90.0,342.3998993047535,4,0,18.012820888137192,42.28864608851633,0.023464107724309815,0.05508661599969842,0.6,2.347697029306865
ew_heavy,fixed,1,A_no_override,post,48,89,42,0.7,4467.575818698463,4035.6732078231507,431.902610875312,10587.209559799423,4033.337561523428,5761.910802176326,0.0,567310.4730071722,140.57393743067232,2.342898957177872,9.380133482261446,40.0,100.0,156.2792293228369,252,0,0.0,7560.0,7560.0,0.5,0.40042454494701335,1.0,0,0,0,True,40,47,432.3998993047535,90.0,342.3998993047535,4,0,94.55174550119536,221.97885202893508,0.023428989571778715,0.05500416921732641,0.6,2.347697029306865
ew_heavy,fixed,1,A_no_override,total,30,89,60,1.0,6393.0562484362235,5764.448892808882,628.607355627341,15127.643079258467,5763.194186449585,5763.194186449585,0.0,810794.5922759551,140.6543118610032,2.34423853101672,9.384196669860591,40.0,100.0,156.2792293228369,360,0,0.0,10800.0,10800.0,0.5,0.4007076925239321,1.0,0,0,0,True,40,47,432.3998993047535,90.0,342.3998993047535,4,0,135.13243204599252,317.2500092773885,0.0234423853101672,0.05503561835254643,0.6,2.347697029306865
ew_heavy,fixed,1,B_corridor,during,40,47,8,0.13333333333333333,853.4315732213175,782.6755110306258,70.75606219069172,2027.6580993885527,758.18137881077,5686.360341080775,0.0,112909.71617068711,144.26120988761716,2.4043534981269525,9.80119063981659,40.0,123.19879045284316,155.74479257027102,48,6,0.14285714285714285,1370.0,1510.0,0.4756944444444444,0.4216482477288705,0.9602649006622517,6,11,11,True,40,45,302.0,90.0,212.0,4,4,18.81828602844785,44.1796342056339,0.024043534981269522,0.05644693564956215,0.6,2.347697029306865
ew_heavy,fixed,1,B_corridor,post,48,89,42,0.7,4467.575818698463,4035.6732078231507,431.902610875312,10587.209559799423,4033.337561523428,5761.910802176326,0.0,630310.4730071722,156.18471579545036,2.6030785965908394,10.421800148928112,40.0,125.0,156.2792293228369,252,0,0.0,7560.0,7560.0,0.5,0.40042454494701335,1.0,0,0,0,True,40,45,302.0,90.0,212.0,4,4,105.05174550119536,246.62967083665717,0.02603078596590839,0.06111239888268596,0.6,2.347697029306865
ew_heavy,fixed,1,B_corridor,total,30,89,60,1.0,6393.0562484362235,5779.448892808882,613.607355627341,15137.643079258467,5753.194186449585,5753.194186449585,0.0,878627.3831178191,152.02615325676763,2.533769220946127,10.169298415715499,40.0,125.0,156.2792293228369,360,8,0.022598870056497175,10730.0,10870.0,0.49675925925925923,0.40332181540153467,0.9944802207911684,6,11,11,True,40,45,302.0,90.0,212.0,4,4,146.4378971863032,343.7918162022281,0.025337692209461273,0.059485224729643925,0.6,2.347697029306865
ew_heavy,fixed,2,A_no_override,during,40,47,8,0.13333333333333333,895.1932718250968,770.5116596469547,124.681612178142,2021.5215985990606,772.095343281004,5790.71507460753,0.0,108541.80961985604,140.86978212580124,2.3478297020966874,9.422032085056948,40.0,100.0,158.10402716662296,48,0,0.0,1440.0,1440.0,0.5,0.4038344434715698,1.0,0,0,0,True,40,47,432.6498587723099,90.0,342.6498587723099,4,0,18.09030160330934,42.47054733335455,0.023478297020966873,0.05511992816930815,0.6,2.347697029306865
ew_heavy,fixed,2,A_no_override,post,48,89,42,0.7,4458.147524706303,4000.829682000214,457.3178427060892,10528.408183196056,4007.578501195843,5725.11214456549,0.0,566238.0285007441,141.53015087051983,2.358835847841997,9.362401264893256,40.0,100.0,151.35520797099383,252,0,0.0,7560.0,7560.0,0.5,0.39264658507884276,1.0,0,0,0,True,40,47,432.6498587723099,90.0,342.6498587723099,4,0,94.37300475012403,221.55922289862883,0.023588358478419974,0.055378319126011974,0.6,2.347697029306865
ew_heavy,fixed,2,A_no_override,total,30,89,60,1.0,6433.904152256512,5738.450899882145,695.453252374368,15080.00909912899,5741.959239486468,5741.959239486468,0.0,810356.6080947616,141.21522031519075,2.3535870052531793,9.379127408504186,40.0,100.0,151.35520797099383,360,0,0.0,10800.0,10800.0,0.5,0.39629713880823936,1.0,0,0,0,True,40,47,432.6498587723099,90.0,342.6498587723099,4,0,135.05943468246028,317.0786335838766,0.023535870052531792,0.0552550922044813,0.6,2.347697029306865
ew_heavy,fixed,2,B_corridor,during,40,47,8,0.13333333333333333,895.1932718250968,785.5116596469547,109.681612178142,2031.5215985990606,762.095343281004,5715.71507460753,0.0,113201.95412127723,144.11237914935015,2.4018729858225023,9.826558517471982,40.0,125.0,158.10402716662296,48,6,0.14285714285714285,1370.0,1510.0,0.4756944444444444,0.42446832014529967,0.9602649006622517,6,11,11,True,40,45,302.0,90.0,212.0,4,4,18.866992353546205,44.29398190037576,0.024018729858225025,0.05638870073587899,0.6,2.347697029306865
ew_heavy,fixed,2,B_corridor,post,48,89,42,0.7,4458.147524706303,4000.829682000214,457.3178427060892,10528.408183196056,4007.578501195843,5725.11214456549,0.0,629238.0285007441,157.27688467511987,2.621281411251998,10.404067931559924,40.0,125.0,151.35520797099383,252,0,0.0,7560.0,7560.0,0.5,0.39264658507884276,1.0,0,0,0,True,40,45,302.0,90.0,212.0,4,4,104.87300475012403,246.21004170635092,0.02621281411251998,0.06153974582173622,0.6,2.347697029306865
ew_heavy,fixed,2,B_corridor,total,30,89,60,1.0,6433.904152256512,5753.450899882145,680.453252374368,15090.00909912899,5731.959239486468,5731.959239486468,0.0,878016.7525961829,152.60697759916025,2.543449626652671,10.16223093282619,40.0,125.0,151.35520797099383,360,8,0.022598870056497175,10730.0,10870.0,0.49675925925925923,0.3988824882692437,0.9944802207911684,6,11,11,True,40,45,302.0,90.0,212.0,4,4,146.33612543269714,343.55288695861987,0.025434496266526708,0.059712491326841304,0.6,2.347697029306865
ew_heavy,fixed,3,A_no_override,during,40,47,8,0.13333333333333333,840.2760542440174,761.2920598659381,78.98399437807936,2008.7562714372307,764.8018547479908,5736.0139106099305,0.0,107608.4698299183,141.34978611082312,2.355829768513719,9.341013006069296,40.0,97.33764317669815,156.1387476027049,48,0,0.0,1440.0,1440.0,0.5,0.3949696329425214,1.0,0,0,0,True,40,47,434.6703713573379,90.0,344.6703713573379,4,0,17.93474497165305,42.1053474913261,0.023558297685137185,0.05530774549092337,0.6,2.347697029306865
ew_heavy,fixed,3,A_no_override,post,48,89,42,0.7,4583.479137566932,4033.268174785881,550.2109627810512,10585.915876769723,4035.310058807143,5764.728655438776,0.0,568889.3496511778,141.0492248463937,2.350820414106562,9.40623924687794,40.0,100.0,151.43450675814123,252,0,0.0,7560.0,7560.0,0.5,0.4002534228531382,1.0,0,0,0,True,40,47,434.6703713573379,90.0,344.6703713573379,4,0,94.81489160852962,222.5966393633974,0.02350820414106562,0.0551901410263191,0.6,2.347697029306865
ew_heavy,fixed,3,A_no_override,total,30,89,60,1.0,6486.326698914472,5757.067367749534,729.2593311649376,15117.295524482606,5760.228156733073,5760.228156733073,0.0,812016.532188622,141.04690466841683,2.350781744473614,9.398339492923867,40.0,100.0,151.43450675814123,360,0,0.0,10800.0,10800.0,0.5,0.3997495856002412,1.0,0,0,0,True,40,47,434.6703713573379,90.0,344.6703713573379,4,0,135.33608869810365,317.72813339454837,0.023507817444736137,0.05518923318049513,0.6,2.347697029306865
ew_heavy,fixed,3,B_corridor,during,40,47,8,0.13333333333333333,840.2760542440174,775.7066304327999,64.5694238112175,2018.7562714372307,754.8018547479908,5661.0139106099305,0.0,110573.39613943617,142.5453796595016,2.37575632765836,9.598385081548278,40.0,121.75221374356002,156.1387476027049,48,6,0.14285714285714285,1370.0,1510.0,0.4756944444444444,0.4151505630928692,0.9602649006622517,6,11,11,True,40,45,302.0,90.0,212.0,4,4,18.428899356572693,43.26547227282091,0.0237575632765836,0.055775560728005186,0.6,2.347697029306865
ew_heavy,fixed,3,B_corridor,post,48,89,42,0.7,4583.479137566932,4033.853604219019,549.6255333479131,10585.915876769723,4035.310058807143,5764.728655438776,0.0,631889.3496511778,156.64657462786525,2.610776243797754,10.447905913544606,40.0,125.0,151.43450675814123,252,0,0.0,7560.0,7560.0,0.5,0.4002534228531382,1.0,0,0,0,True,40,45,302.0,90.0,212.0,4,4,105.31489160852962,247.2474581711195,0.02610776243797754,0.06129311631748923,0.6,2.347697029306865
ew_heavy,fixed,3,B_corridor,total,30,89,60,1.0,6486.326698914472,5772.067367749534,714.2593311649376,15127.295524482606,5750.228156733073,5750.228156733073,0.0,877981.45849814,152.10866446287775,2.5351444077146295,10.161822436321065,40.0,125.0,151.43450675814123,360,8,0.022598870056497175,10730.0,10870.0,0.49675925925925923,0.4023574580132903,0.9944802207911684,6,11,11,True,40,45,302.0,90.0,212.0,4,4,146.33024308302333,343.5390769837653,0.025351444077146294,0.05951750994855547,0.6,2.347697029306865
ew_heavy,fixed,4,A_no_override,during,40,47,8,0.13333333333333333,873.7969835712674,776.2457216075286,97.55126196373888,2038.8392211883913,779.567070148754,5846.753026115655,0.0,108819.44479372451,140.18685290576565,2.3364475484294274,9.446132360566365,40.0,96.9735705678913,155.18384613028482,48,0,0.0,1440.0,1440.0,0.5,0.415860570269716,1.0,0,0,0,True,40,47,431.70285704585103,90.0,341.70285704585103,4,0,18.136574132287418,42.5791812121749,0.02336447548429427,0.054852709685790736,0.6,2.347697029306865
ew_heavy,fixed,4,A_no_override,post,48,89,42,0.7,4578.18133973236,4050.5178108913015,527.6635288410588,10621.844808373076,4050.714271872607,5786.7346741037245,0.0,569121.9164407687,140.5059656596191,2.341766094326985,9.410084597234933,40.0,96.3608449587241,155.60011075814677,252,0,0.0,7560.0,7560.0,0.5,0.40500592703347565,1.0,0,0,0,True,40,47,431.70285704585103,90.0,341.70285704585103,4,0,94.85365274012813,222.6876387569038,0.02341766094326985,0.05497757302983003,0.6,2.347697029306865
ew_heavy,fixed,4,A_no_override,total,30,89,60,1.0,6541.82612004408,5787.177821012566,754.6482990315149,15176.670584860707,5787.908957333399,5787.908957333399,0.0,813237.2385245677,140.52397622409293,2.3420662704015487,9.412468038478792,40.0,96.3608449587241,155.60011075814677,360,0,0.0,10800.0,10800.0,0.5,0.4052472763759919,1.0,0,0,0,True,40,47,431.70285704585103,90.0,341.70285704585103,4,0,135.5395397540946,318.2057748343076,0.023420662704015483,0.05498462025461524,0.6,2.347697029306865
ew_heavy,fixed,4,B_corridor,during,40,47,8,0.13333333333333333,873.7969835712674,791.2457216075286,82.5512619637389,2048.839221188391,769.567070148754,5771.753026115655,0.0,113632.12513241962,143.61167716845247,2.393527952807541,9.863899751078092,40.0,121.9735705678913,155.18384613028482,48,6,0.14285714285714285,1370.0,1510.0,0.4756944444444444,0.43710892057546796,0.9602649006622517,6,11,11,True,40,45,302.0,90.0,212.0,4,4,18.938687522069937,44.46230043453458,0.023935279528075414,0.05619278464369207,0.6,2.347697029306865
ew_heavy,fixed,4,B_corridor,post,48,89,42,0.7,4578.18133973236,4050.5178108913015,527.6635288410588,10621.844808373076,4050.714271872607,5786.7346741037245,0.0,632121.9164407687,156.05953262100894,2.600992210350149,10.451751263901599,40.0,121.3608449587241,155.60011075814677,252,0,0.0,7560.0,7560.0,0.5,0.40500592703347565,1.0,0,0,0,True,40,45,302.0,90.0,212.0,4,4,105.35365274012813,247.33845756462586,0.02600992210350149,0.06106341685489341,0.6,2.347697029306865
ew_heavy,fixed,4,B_corridor,total,30,89,60,1.0,6541.82612004408,5802.177821012566,739.6482990315149,15186.670584860707,5777.908957333399,5777.908957333399,0.0,881049.9188632627,151.84814151550884,2.530802358591814,10.197337023880356,40.0,121.3608449587241,155.60011075814677,360,8,0.022598870056497175,10730.0,10870.0,0.49675925925925923,0.40789101443249887,0.9944802207911684,6,11,11,True,40,45,302.0,90.0,212.0,4,4,146.84165314387712,344.7397128643894,0.02530802358591814,0.059415571790288085,0.6,2.347697029306865
ew_heavy,adaptive,0,A_no_override,during,40,46,7,0.11666666666666667,761.6155037106959,759.3951488330681,2.2203548776277273,2100.212224717161,790.8853259148074,6779.017079269777,0.0,95065.75308944372,125.18614746950574,2.086435791158429,9.431126298555926,40.0,83.82450726003879,164.80583896528273,42,12,0.3333333333333333,920.0,1600.0,0.36507936507936506,0.543708939909958,1.0,0,0,0,True,40,46,362.0,90.0,272.0,4,0,15.844292181573953,37.19759768615116,0.02086435791158429,0.04898319108742163,0.6,2.347697029306865
ew_heavy,adaptive,0,A_no_override,post,47,89,43,0.7166666666666667,4624.943754802109,4613.176467882111,11.767286919997062,12166.597154289648,4552.892968417605,6352.873909419914,0.0,627105.3811504878,135.93786960384568,2.265631160064095,10.127670884213304,40.0,132.4011138642911,176.5127318255372,258,193,0.7658730158730159,6380.0,9100.0,0.41214470284237725,0.48393304540681176,0.9977037719334267,0,0,0,True,40,46,362.0,90.0,272.0,4,0,104.5175635250813,245.37557339822493,0.02265631160064095,0.05319015543987542,0.6,2.347697029306865
ew_heavy,adaptive,0,A_no_override,total,30,89,60,1.0,6483.129547362087,6456.274570745225,26.854976616861478,17146.906661661335,6400.399684328968,6400.399684328968,0.0,858564.9044630086,132.98147330247565,2.2163578883745942,9.937093801655193,40.0,132.4011138642911,176.5127318255372,360,242,0.6836158192090396,8700.0,12900.0,0.4027777777777778,0.49687383184679906,0.9941166143096266,0,0,0,True,40,46,362.0,90.0,272.0,4,0,143.09415074383477,335.94171261248965,0.022163578883745944,0.05203336830417872,0.6,2.347697029306865
ew_heavy,adaptive,0,B_corridor,during,40,46,7,0.11666666666666667,761.6155037106959,761.6155037106959,0.0,2110.212224717161,790.8853259148074,6779.017079269777,0.0,93798.63826007438,123.15746961961051,2.052624493660175,9.305420462308966,39.78863259776236,71.04486213766654,179.80583896528273,42,6,0.16666666666666666,910.0,1610.0,0.3611111111111111,0.549683763425452,1.0,5,10,3,True,40,44,272.0,90.0,182.0,3,4,15.633106376679063,36.70179739936764,0.02052624493660175,0.04818940426048501,0.6,2.347697029306865
ew_heavy,adaptive,0,B_corridor,post,47,89,43,0.7166666666666667,4624.943754802109,4622.923424659387,2.020330142721278,12215.746328875764,4577.310801477705,6386.9453043874955,0.0,594306.3486404845,128.5563904152863,2.1426065069214384,9.59797074677785,40.0,124.95059245909431,171.5127318255372,258,179,0.7103174603174603,6340.0,9140.0,0.4095607235142119,0.4869862507406087,0.9987148248556129,0,0,0,True,40,44,272.0,90.0,182.0,3,4,99.05105810674742,232.5418748669126,0.021426065069214382,0.050301909312730195,0.6,2.347697029306865
ew_heavy,adaptive,0,B_corridor,total,30,89,60,1.0,6483.129547362087,6468.241882400129,14.887664961957967,17206.05583624745,6424.817517389069,6424.817517389069,0.0,824498.7571236361,127.46875768005364,2.1244792946675606,9.542809688930973,40.0,124.95059245909431,171.5127318255372,360,222,0.6271186440677966,8650.0,12950.0,0.40046296296296297,0.499745934921058,0.994845830052533,5,10,3,True,40,44,272.0,90.0,182.0,3,4,137.416459520606,322.61221379439377,0.021244792946675604,0.04987633728914976,0.6,2.347697029306865
ew_heavy,adaptive,1,A_no_override,during,40,46,7,0.11666666666666667,746.1768472752478,746.1768472752478,0.0,2014.7364213295432,751.0044933220314,6437.181371331698,0.0,96894.60456800954,129.854745455895,2.16424575759825,9.612559976985073,38.33839454472168,80.21519747175434,182.17688548873855,42,22,0.6111111111111112,1000.0,1520.0,0.3968253968253968,0.5047364213295431,0.993421052631579,0,0,0,True,40,46,371.53185242149993,90.0,281.53185242149993,4,0,16.14910076133492,37.91319588336323,0.021642457575982495,0.050809933358033965,0.6,2.347697029306865
ew_heavy,adaptive,1,A_no_override,post,47,89,43,0.7166666666666667,4574.830544644533,4558.152292884854,16.67825175967775,12122.912876260027,4555.514447012167,6356.531786528605,0.0,591048.3227203755,129.66840174317673,2.1611400290529454,9.545354049101672,40.0,82.3552671519214,182.67466168125952,258,186,0.7380952380952381,6430.0,9050.0,0.41537467700258396,0.4821354957789159,0.9969924462322203,0,0,0,True,40,46,371.53185242149993,90.0,281.53185242149993,4,0,98.50805378672925,231.26706523790514,0.021611400290529457,0.050737020261237525,0.6,2.347697029306865
ew_heavy,adaptive,1,A_no_override,total,30,89,60,1.0,6393.0562484362235,6363.199592319226,29.856656116996973,16980.424717660062,6353.194186449585,6353.194186449585,0.0,823584.31922089,129.42927646258448,2.1571546077097414,9.53222591690845,40.0,82.3552671519214,182.67466168125952,360,249,0.7033898305084746,8860.0,12740.0,0.4101851851851852,0.4884473001420392,0.993153974756797,0,0,0,True,40,46,371.53185242149993,90.0,281.53185242149993,4,0,137.26405320348167,322.2544099364334,0.021571546077097412,0.050643454642757754,0.6,2.347697029306865
ew_heavy,adaptive,1,B_corridor,during,40,46,7,0.11666666666666667,746.1768472752478,743.254746118665,2.9221011565828547,2004.7364213295432,751.0044933220314,6437.181371331698,0.0,97443.9524292196,131.1043796734291,2.1850729945571516,9.66705877274004,40.0,92.29309631517148,167.17688548873855,42,18,0.5,1010.0,1510.0,0.4007936507936508,0.4997390310193496,0.9933774834437086,5,10,2,True,40,44,272.0,90.0,182.0,3,4,16.240658738203265,38.12814627366639,0.021850729945571513,0.0512988937814048,0.6,2.347697029306865
ew_heavy,adaptive,1,B_corridor,post,47,89,43,0.7166666666666667,4574.830544644533,4559.1690101073045,15.66153453722788,12129.964601793426,4555.514447012167,6356.531786528605,0.0,585240.2523382027,128.36555324901818,2.1394258874836365,9.451554462826271,40.0,80.44988321778838,182.67466168125952,258,185,0.7341269841269841,6430.0,9050.0,0.41537467700258396,0.4821354957789159,0.9977716424237564,0,0,0,True,40,44,272.0,90.0,182.0,3,4,97.54004205636711,228.99446697419975,0.021394258874836362,0.050227238004675365,0.6,2.347697029306865
ew_heavy,adaptive,1,B_corridor,total,30,89,60,1.0,6393.0562484362235,6361.294208385094,31.762040051129958,16977.476443193464,6353.194186449585,6353.194186449585,0.0,818325.5966999272,128.6413691763002,2.1440228196050035,9.471361072915824,40.0,80.44988321778838,182.67466168125952,360,245,0.692090395480226,8870.0,12730.0,0.41064814814814815,0.48789662674841794,0.9937025423358204,5,10,2,True,40,44,272.0,90.0,182.0,3,4,136.38759944998787,320.19676206303114,0.021440228196050036,0.05033516004352795,0.6,2.347697029306865
ew_heavy,adaptive,2,A_no_override,during,40,46,7,0.11666666666666667,782.0355336193738,774.354467119896,7.681066499477865,2008.3210749751713,751.9988468237377,6445.704401346323,0.0,97482.28942671361,125.88845750355837,2.0981409583926394,9.670862046300954,40.0,84.16318460124397,190.09649645726626,42,24,0.6666666666666666,1010.0,1510.0,0.4007936507936508,0.5032881930447242,0.9933774834437086,0,0,0,True,40,46,362.0,90.0,272.0,4,0,16.247048237785602,38.143146882854595,0.020981409583926396,0.04925799295085458,0.6,2.347697029306865
ew_heavy,adaptive,2,A_no_override,post,47,89,43,0.7166666666666667,4571.305262912026,4541.290630966916,30.014631945109784,12105.111513594316,4547.175933244566,6344.89665103893,0.0,605318.4654423649,133.2921661773236,2.221536102955393,9.77581501037411,40.0,102.0191708098664,166.35520797099383,258,216,0.8571428571428571,6390.0,9090.0,0.4127906976744186,0.4759951027887231,0.9970850172469058,0,0,0,True,40,46,362.0,90.0,272.0,4,0,100.8864109070608,236.85072718393837,0.02221536102955393,0.05215493709406326,0.6,2.347697029306865
ew_heavy,adaptive,2,A_no_override,total,30,89,60,1.0,6433.904152256512,6384.971006283468,48.933145973044574,17048.51190590336,6371.460175077925,6371.460175077925,0.0,834654.2193667559,130.72169294823271,2.178694882470545,9.660349761189305,40.0,102.0191708098664,166.35520797099383,360,269,0.7598870056497176,8740.0,12860.0,0.4046296296296296,0.4897035582527443,0.9928851327196244,0,0,0,True,40,46,362.0,90.0,272.0,4,0,139.10903656112598,326.58587188429556,0.02178694882470545,0.051149155033421684,0.6,2.347697029306865
ew_heavy,adaptive,2,B_corridor,during,40,46,7,0.11666666666666667,782.0355336193738,768.1497059079284,13.88582771144543,1938.3210749751713,731.9988468237377,6274.275829917752,0.0,98010.00375399555,127.59232087207644,2.126538681201274,9.723214658134479,40.0,112.9584233892764,175.09649645726626,42,24,0.6666666666666666,1080.0,1440.0,0.42857142857142855,0.4706676620140476,0.9930555555555556,6,11,6,True,40,45,302.0,90.0,212.0,4,4,16.335000625665927,38.34963244260168,0.021265386812012742,0.04992468544562371,0.6,2.347697029306865
ew_heavy,adaptive,2,B_corridor,post,47,89,43,0.7166666666666667,4571.305262912026,4539.565638311966,31.739624600060424,12151.11590463018,4555.844063589853,6356.991716637004,0.0,606845.5853591106,133.67921816959688,2.2279869694932812,9.800477799727238,40.0,100.42128659766055,171.35520797099383,258,199,0.7896825396825397,6310.0,9170.0,0.4076227390180879,0.4820299059936514,0.9934031840578228,0,0,0,True,40,45,302.0,90.0,212.0,4,4,101.1409308931851,237.4482629992616,0.022279869694932813,0.052306383896137815,0.6,2.347697029306865
ew_heavy,adaptive,2,B_corridor,total,30,89,60,1.0,6433.904152256512,6377.0412524165495,56.86289983996278,17024.516296939222,6360.128305423213,6360.128305423213,0.0,836709.0536107835,131.20646715178714,2.1867744525297854,9.684132564939624,40.0,100.42128659766055,171.35520797099383,360,249,0.7033898305084746,8730.0,12870.0,0.4041666666666667,0.4902645016184405,0.9902491995190548,6,11,6,True,40,45,302.0,90.0,212.0,4,4,139.4515089351306,327.38989325936586,0.02186774452529786,0.051338838859683246,0.6,2.347697029306865
ew_heavy,adaptive,3,A_no_override,during,40,46,7,0.11666666666666667,736.3756780269987,736.3756780269987,0.0,2011.836538260197,749.020869173662,6420.178878631389,0.0,96637.84774944857,131.23443730294608,2.187240621715768,9.587088070381803,36.559367669697664,79.53357975245035,180.78098557432867,42,21,0.5833333333333334,1000.0,1520.0,0.3968253968253968,0.4968365382601971,0.9967105263157895,0,0,0,True,40,46,362.0,90.0,272.0,4,0,16.106307958241427,37.81273134666492,0.021872406217157678,0.05134978309981409,0.6,2.347697029306865
ew_heavy,adaptive,3,A_no_override,post,47,89,43,0.7166666666666667,4687.379513783951,4678.243241414215,9.13627236973582,12457.835609946755,4666.091044381472,6510.824713090426,0.0,625137.5084088445,133.62655085456134,2.227109180909356,10.095889993682889,40.0,96.03225560138144,176.43450675814123,258,156,0.6190476190476191,6110.0,9370.0,0.394702842377261,0.5070107381254925,0.9989327641408752,0,0,0,True,40,46,362.0,90.0,272.0,4,0,104.18958473480741,244.60557856662325,0.022271091809093556,0.0522857760796294,0.6,2.347697029306865
ew_heavy,adaptive,3,A_no_override,total,30,89,60,1.0,6486.326698914472,6463.099623350916,23.227075563556255,17267.295524482608,6445.228156733073,6445.228156733073,0.0,855339.7635398878,132.34203607965134,2.205700601327522,9.899765781711665,40.0,96.03225560138144,176.43450675814123,360,224,0.632768361581921,8580.0,13020.0,0.3972222222222222,0.5031812965597442,0.9946236559139785,0,0,0,True,40,46,362.0,90.0,272.0,4,0,142.55662725664797,334.6797703184385,0.02205700601327522,0.05178316749276989,0.6,2.347697029306865
ew_heavy,adaptive,3,B_corridor,during,40,46,7,0.11666666666666667,736.3756780269987,731.7154133803735,4.660264646625194,1926.836538260197,714.020869173662,6120.178878631389,0.0,102022.17805203541,139.42876723166742,2.323812787194457,10.12124782262256,40.0,114.87331510582516,175.78098557432867,42,26,0.7222222222222222,1080.0,1440.0,0.42857142857142855,0.4600338317224047,0.9930555555555556,5,9,4,True,40,44,242.0,90.0,152.0,4,4,17.0036963420059,39.91952738936326,0.023238127871944566,0.054556083771617324,0.6,2.347697029306865
ew_heavy,adaptive,3,B_corridor,post,47,89,43,0.7166666666666667,4687.379513783951,4668.006728486926,19.37278529702526,12492.835609946755,4686.091044381472,6538.731689834612,0.0,630630.1655293276,135.09624176007523,2.251604029334587,10.184595696533068,40.0,96.13547802746679,176.43450675814123,258,148,0.5873015873015873,6080.0,9400.0,0.39276485788113696,0.5095124358465064,0.999468085106383,0,0,0,True,40,44,242.0,90.0,152.0,4,4,105.10502758822126,246.75476103408315,0.022516040293345873,0.05286084090844178,0.6,2.347697029306865
ew_heavy,adaptive,3,B_corridor,total,30,89,60,1.0,6486.326698914472,6448.202845777001,38.12385313747089,17217.295524482608,6430.228156733073,6430.228156733073,0.0,866216.7509629577,134.33460014835802,2.238910002472634,10.025656839849049,40.0,96.13547802746679,176.43450675814123,360,219,0.6186440677966102,8630.0,12970.0,0.399537037037037,0.5002659935669299,0.9946029298380878,5,9,4,True,40,44,242.0,90.0,152.0,4,4,144.36945849382627,338.9357488285967,0.022389100024726334,0.05256282361690427,0.6,2.347697029306865
ew_heavy,adaptive,4,A_no_override,during,40,46,7,0.11666666666666667,780.0053092091464,775.1390054478151,4.866303761331324,2051.669513326672,762.58120841732,6536.410357862743,0.0,99543.70370565513,128.42045491975534,2.1403409153292556,9.875367431116581,40.0,97.90804737716584,181.98586173143408,42,22,0.6111111111111112,990.0,1530.0,0.39285714285714285,0.5319894074006789,0.9967320261437909,0,0,0,True,40,46,373.9604365856085,90.0,283.9604365856085,4,0,16.590617284275854,38.949742912661556,0.021403409153292557,0.0502487200862243,0.6,2.347697029306865
ew_heavy,adaptive,4,A_no_override,post,47,89,43,0.7166666666666667,4671.973014094481,4640.007312756241,31.96570133824028,12403.149590351857,4652.700133604041,6492.1397213079645,0.0,618101.9358509339,133.2114141612788,2.2201902360213137,9.982266405861335,40.0,91.6009775026534,175.60011075814677,258,179,0.7103174603174603,6200.0,9280.0,0.4005167958656331,0.5054862122959347,0.9988292105729594,0,0,0,True,40,46,373.9604365856085,90.0,283.9604365856085,4,0,103.01698930848899,241.85267976767668,0.022201902360213133,0.05212334021603345,0.6,2.347697029306865
ew_heavy,adaptive,4,A_no_override,total,30,89,60,1.0,6541.82612004408,6487.4179535564945,54.4081664875856,17335.80565897777,6472.908957333399,6472.908957333399,0.0,854034.8487716444,131.64480150434125,2.194080025072354,9.884662601523662,40.0,91.6009775026534,175.60011075814677,360,237,0.6694915254237288,8570.0,13030.0,0.39675925925925926,0.5106966843478078,0.994561402464855,0,0,0,True,40,46,373.9604365856085,90.0,283.9604365856085,4,0,142.33914146194073,334.1691795642879,0.02194080025072354,0.05151035156923898,0.6,2.347697029306865
ew_heavy,adaptive,4,B_corridor,during,40,46,7,0.11666666666666667,780.0053092091464,771.161422590645,8.843886618501415,1991.6695133266724,742.58120841732,6364.981786434171,0.0,102365.90784339723,132.74251647535544,2.2123752745892573,10.155348000337026,40.0,118.93046451999574,176.98586173143408,42,22,0.6111111111111112,1040.0,1480.0,0.4126984126984127,0.5064129935833386,0.9898648648648649,5,9,4,True,40,44,242.0,90.0,152.0,4,4,17.060984640566204,40.05402295770733,0.022123752745892573,0.051939868598651594,0.6,2.347697029306865
ew_heavy,adaptive,4,B_corridor,post,47,89,43,0.7166666666666667,4671.973014094481,4646.042299375784,25.930714718697885,12461.82856651601,4667.700133604041,6513.069953866104,0.0,627426.3284908294,135.04533279327373,2.2507555465545623,10.132854142293757,40.0,103.65838126502568,170.60011075814677,258,163,0.6468253968253969,6140.0,9340.0,0.39664082687338503,0.510425816976351,0.998695294462657,0,0,0,True,40,44,242.0,90.0,152.0,4,4,104.57105474847157,245.50115458447226,0.02250755546554562,0.05284092110342095,0.6,2.347697029306865
ew_heavy,adaptive,4,B_corridor,total,30,89,60,1.0,6541.82612004408,6489.475357318867,52.3507627252133,17334.484635141922,6467.908957333399,6467.908957333399,0.0,866181.445549282,133.47480310136282,2.2245800516893803,10.02524821237595,40.0,103.65838126502568,170.60011075814677,360,220,0.6214689265536724,8560.0,13040.0,0.3962962962962963,0.511293292623915,0.993697396493958,5,9,4,True,40,44,242.0,90.0,152.0,4,4,144.36357425821367,338.92193442612927,0.022245800516893805,0.05222639978806471,0.6,2.347697029306865
