scenario,seed,controller,PROXY_LABEL,waiting_vehicle_seconds_measured,vehicles_admitted,fuel_liters_proxy,co2_kg_proxy,fuel_liters_proxy_per_admitted,co2_kg_proxy_per_admitted,fuel_proxy_pct_vs_fixed,co2_proxy_pct_vs_fixed,idle_fuel_rate_lph_assumed,emission_factor_kg_per_liter_assumed
balanced_medium,0,fixed,"SIMULATION PROXY (waiting/idling only) - estimate, not a measurement",518274.58210520237,7205.289901892303,86.37909701753372,202.7919494622734,0.01198828890907613,0.028144870258310466,0.0,0.0,0.6,2.347697029306865
balanced_medium,0,adaptive,"SIMULATION PROXY (waiting/idling only) - estimate, not a measurement",548187.2029158686,7205.289901892303,91.36453381931143,214.49624463160407,0.01268020233236093,0.02976927334669374,5.771577816755524,5.771577816755533,0.6,2.347697029306865
balanced_medium,0,qubo_static,"SIMULATION PROXY (waiting/idling only) - estimate, not a measurement",518274.58210520237,7205.289901892303,86.37909701753372,202.7919494622734,0.01198828890907613,0.028144870258310466,0.0,0.0,0.6,2.347697029306865
balanced_medium,0,qubo_receding,"SIMULATION PROXY (waiting/idling only) - estimate, not a measurement",518274.58210520237,7205.289901892303,86.37909701753372,202.7919494622734,0.01198828890907613,0.028144870258310466,0.0,0.0,0.6,2.347697029306865
balanced_medium,0,qaoa_p1_saved,"SIMULATION PROXY (waiting/idling only) - estimate, not a measurement",757523.5564279467,7083.563887055177,126.25392607132443,296.4059671759769,0.01782350354770521,0.04184418633078788,46.1625907546784,46.1625907546784,0.6,2.347697029306865
balanced_medium,1,fixed,"SIMULATION PROXY (waiting/idling only) - estimate, not a measurement",513624.5429217737,7147.969356035993,85.60409048696228,200.9724689327574,0.011976001326121413,0.02811602273631032,0.0,0.0,0.6,2.347697029306865
balanced_medium,1,adaptive,"SIMULATION PROXY (waiting/idling only) - estimate, not a measurement",544881.5132598132,7147.969356035993,90.8135855433022,213.20278500071544,0.01270480901916795,0.02982704239221166,6.085567905348328,6.085567905348331,0.6,2.347697029306865
balanced_medium,1,qubo_static,"SIMULATION PROXY (waiting/idling only) - estimate, not a measurement",513624.5429217737,7147.969356035993,85.60409048696228,200.9724689327574,0.011976001326121413,0.02811602273631032,0.0,0.0,0.6,2.347697029306865
balanced_medium,1,qubo_receding,"SIMULATION PROXY (waiting/idling only) - estimate, not a measurement",513624.5429217737,7147.969356035993,85.60409048696228,200.9724689327574,0.011976001326121413,0.02811602273631032,0.0,0.0,0.6,2.347697029306865
balanced_medium,2,fixed,"SIMULATION PROXY (waiting/idling only) - estimate, not a measurement",514351.10888329695,7140.002581027705,85.72518481388282,201.25676172433467,0.012006324065157952,0.028187211340666846,0.0,0.0,0.6,2.347697029306865
balanced_medium,2,adaptive,"SIMULATION PROXY (waiting/idling only) - estimate, not a measurement",546421.5111909786,7140.002581027705,91.0702518651631,213.8053597620714,0.012754932625256109,0.02994471743332298,6.235118726060385,6.235118726060387,0.6,2.347697029306865
balanced_medium,2,qubo_static,"SIMULATION PROXY (waiting/idling only) - estimate, not a measurement",514351.10888329695,7140.002581027705,85.72518481388282,201.25676172433467,0.012006324065157952,0.028187211340666846,0.0,0.0,0.6,2.347697029306865
balanced_medium,2,qubo_receding,"SIMULATION PROXY (waiting/idling only) - estimate, not a measurement",514351.10888329695,7140.002581027705,85.72518481388282,201.25676172433467,0.012006324065157952,0.028187211340666846,0.0,0.0,0.6,2.347697029306865
balanced_medium,3,fixed,"SIMULATION PROXY (waiting/idling only) - estimate, not a measurement",518867.1623206496,7200.3076229423605,86.47786038677492,203.0238159308453,0.012010300797597908,0.028196547503602478,0.0,0.0,0.6,2.347697029306865
balanced_medium,3,adaptive,"SIMULATION PROXY (waiting/idling only) - estimate, not a measurement",553740.507987884,7200.3076229423605,92.29008466464732,216.6691576016716,0.012817519680767967,0.030091652877621236,6.72105467443002,6.72105467443003,0.6,2.347697029306865
balanced_medium,3,qubo_static,"SIMULATION PROXY (waiting/idling only) - estimate, not a measurement",518867.1623206496,7200.3076229423605,86.47786038677492,203.0238159308453,0.012010300797597908,0.028196547503602478,0.0,0.0,0.6,2.347697029306865
balanced_medium,3,qubo_receding,"SIMULATION PROXY (waiting/idling only) - estimate, not a measurement",518867.1623206496,7200.3076229423605,86.47786038677492,203.0238159308453,0.012010300797597908,0.028196547503602478,0.0,0.0,0.6,2.347697029306865
balanced_medium,4,fixed,"SIMULATION PROXY (waiting/idling only) - estimate, not a measurement",523752.6538869913,7279.566250065799,87.29210898116523,204.93542493701273,0.011991388769952633,0.028152147792481503,0.0,0.0,0.6,2.347697029306865
balanced_medium,4,adaptive,"SIMULATION PROXY (waiting/idling only) - estimate, not a measurement",559850.4269709832,7279.566250065799,93.30840449516386,219.0598640426595,0.012817852230456788,0.030092433603537774,6.89214132207156,6.892141322071554,0.6,2.347697029306865
balanced_medium,4,qubo_static,"SIMULATION PROXY (waiting/idling only) - estimate, not a measurement",523752.6538869913,7279.566250065799,87.29210898116523,204.93542493701273,0.011991388769952633,0.028152147792481503,0.0,0.0,0.6,2.347697029306865
balanced_medium,4,qubo_receding,"SIMULATION PROXY (waiting/idling only) - estimate, not a measurement",523752.6538869913,7279.566250065799,87.29210898116523,204.93542493701273,0.011991388769952633,0.028152147792481503,0.0,0.0,0.6,2.347697029306865
ns_heavy,0,fixed,"SIMULATION PROXY (waiting/idling only) - estimate, not a measurement",990031.7559522195,6841.531057553657,165.00529265870324,387.38243539474746,0.024118182212521388,0.05662218473261813,0.0,0.0,0.6,2.347697029306865
ns_heavy,0,adaptive,"SIMULATION PROXY (waiting/idling only) - estimate, not a measurement",759176.9200134319,7894.94272130878,126.52948666890532,297.0528999723116,0.016026650367886388,0.037625719458426646,-23.317922334395195,-23.317922334395195,0.6,2.347697029306865
ns_heavy,0,qubo_static,"SIMULATION PROXY (waiting/idling only) - estimate, not a measurement",582909.6536482377,7900.000735872146,97.15160894137294,228.08254370404353,0.012297670872387277,0.028871205374497173,-41.12212561428486,-41.122125614284855,0.6,2.347697029306865
ns_heavy,0,qubo_receding,"SIMULATION PROXY (waiting/idling only) - estimate, not a measurement",662445.3805205956,7899.333985870293,110.40756342009927,259.2035086543763,0.013976819263192015,0.032813337063354854,-33.088471502264994,-33.088471502265,0.6,2.347697029306865
ns_heavy,0,qaoa_p1_saved,"SIMULATION PROXY (waiting/idling only) - estimate, not a measurement",582909.6536482377,7900.000735872146,97.15160894137294,228.08254370404353,0.012297670872387277,0.028871205374497173,-41.12212561428486,-41.122125614284855,0.6,2.347697029306865
ns_heavy,1,fixed,"SIMULATION PROXY (waiting/idling only) - estimate, not a measurement",987635.8332371982,6810.103139538778,164.60597220619968,386.4449519546634,0.024170848639650383,0.056745829547133086,0.0,0.0,0.6,2.347697029306865
ns_heavy,1,adaptive,"SIMULATION PROXY (waiting/idling only) - estimate, not a measurement",776555.069247084,7891.983797013918,129.42584487451398,303.8526715274276,0.016399659224273208,0.038501431242471136,-21.37232741933326,-21.372327419333264,0.6,2.347697029306865
ns_heavy,1,qubo_static,"SIMULATION PROXY (waiting/idling only) - estimate, not a measurement",582140.8457929504,7894.801938775995,97.02347429882506,227.7817223843826,0.012289538743497284,0.0288521135996602,-41.05713602099135,-41.05713602099135,0.6,2.347697029306865
ns_heavy,1,qubo_receding,"SIMULATION PROXY (waiting/idling only) - estimate, not a measurement",663099.5640082419,7893.875110460845,110.51659400137365,259.4594794261378,0.014000296743347095,0.03286845507377055,-32.85991235911477,-32.85991235911477,0.6,2.347697029306865
ns_heavy,2,fixed,"SIMULATION PROXY (waiting/idling only) - estimate, not a measurement",987691.1125156115,6826.7912864815435,164.61518541926856,386.46658178761555,0.024113112370263996,0.0566102822790114,0.0,0.0,0.6,2.347697029306865
ns_heavy,2,adaptive,"SIMULATION PROXY (waiting/idling only) - estimate, not a measurement",765782.7009108914,7827.1221263431835,127.63045015181523,299.6376286705145,0.016306178451241812,0.03828196670932802,-22.467389732760456,-22.46738973276046,0.6,2.347697029306865
ns_heavy,2,qubo_static,"SIMULATION PROXY (waiting/idling only) - estimate, not a measurement",574484.129628161,7827.1221263431835,95.74735493802683,224.7857807519956,0.012232766193308372,0.028718828852235513,-41.83564857995209,-41.83564857995209,0.6,2.347697029306865
ns_heavy,2,qubo_receding,"SIMULATION PROXY (waiting/idling only) - estimate, not a measurement",643387.8876545368,7827.1221263431835,107.23131460908945,251.74663875642915,0.013699966971026134,0.032163371759480225,-34.859402954851696,-34.859402954851696,0.6,2.347697029306865
ns_heavy,3,fixed,"SIMULATION PROXY (waiting/idling only) - estimate, not a measurement",990241.4217470357,6839.325545623495,165.04023695783926,387.4644740220203,0.024131069044293265,0.05665243910928615,0.0,0.0,0.6,2.347697029306865
ns_heavy,3,adaptive,"SIMULATION PROXY (waiting/idling only) - estimate, not a measurement",771640.3820766321,7875.90296267008,128.60673034610537,301.9296387824206,0.016329141046515033,0.038335875926036135,-22.075529751596935,-22.075529751596935,0.6,2.347697029306865
ns_heavy,3,qubo_static,"SIMULATION PROXY (waiting/idling only) - estimate, not a measurement",574178.1317093237,7880.62184042864,95.69635528488729,224.6660490178242,0.01214324925400585,0.02850867019976234,-42.01634883174966,-42.01634883174965,0.6,2.347697029306865
ns_heavy,3,qubo_receding,"SIMULATION PROXY (waiting/idling only) - estimate, not a measurement",656114.0615663745,7880.62184042864,109.35234359439575,256.7261722043065,0.013876105948061566,0.032576892712611466,-33.74201006368489,-33.74201006368488,0.6,2.347697029306865
ns_heavy,4,fixed,"SIMULATION PROXY (waiting/idling only) - estimate, not a measurement",991876.5738407576,6851.04885538326,165.31276230679293,388.1042809741697,0.0241295553128186,0.05664888532639991,0.0,0.0,0.6,2.347697029306865
ns_heavy,4,adaptive,"SIMULATION PROXY (waiting/idling only) - estimate, not a measurement",778196.4782191924,8002.792469031171,129.69941303653206,304.4949266887104,0.016206769516820128,0.038048584649299666,-21.54301263454084,-21.543012634540847,0.6,2.347697029306865
ns_heavy,4,qubo_static,"SIMULATION PROXY (waiting/idling only) - estimate, not a measurement",592665.2293040261,8005.613415479568,98.77753821733768,231.899733035089,0.012338534612018923,0.02896714105463676,-40.2480868149653,-40.2480868149653,0.6,2.347697029306865
ns_heavy,4,qubo_receding,"SIMULATION PROXY (waiting/idling only) - estimate, not a measurement",662334.3764274212,8005.613415479568,110.38906273790354,259.1600746577453,0.01378895744883914,0.03237229443987842,-33.2241133730257,-33.2241133730257,0.6,2.347697029306865
ew_heavy,0,fixed,"SIMULATION PROXY (waiting/idling only) - estimate, not a measurement",811150.4937067322,5763.873456880934,135.19174895112204,317.3892673993487,0.02345501683242709,0.0550652733398316,0.0,0.0,0.6,2.347697029306865
ew_heavy,0,adaptive,"SIMULATION PROXY (waiting/idling only) - estimate, not a measurement",858564.9044630086,6456.274570745225,143.09415074383477,335.94171261248965,0.022163578883745944,0.05203336830417872,5.845328471613912,5.8453284716139216,0.6,2.347697029306865
ew_heavy,0,qubo_static,"SIMULATION PROXY (waiting/idling only) - estimate, not a measurement",561578.3941737375,6474.077173234231,93.59639902895624,219.73598795410052,0.014457102769165576,0.033940897223554076,-30.767669066256705,-30.767669066256698,0.6,2.347697029306865
ew_heavy,0,qubo_receding,"SIMULATION PROXY (waiting/idling only) - estimate, not a measurement",562900.6595159519,6474.077173234231,93.81677658599197,220.25336769007922,0.014491142764540799,0.03402081281957411,-30.60465796628535,-30.604657966285348,0.6,2.347697029306865
ew_heavy,0,qaoa_p1_saved,"SIMULATION PROXY (waiting/idling only) - estimate, not a measurement",836332.0850910099,6160.730629720928,139.38868084850162,327.24239194703,0.022625349041565827,0.05311746473191502,3.104429027615411,3.1044290276154243,0.6,2.347697029306865
ew_heavy,1,fixed,"SIMULATION PROXY (waiting/idling only) - estimate, not a measurement",810794.5922759551,5764.448892808882,135.13243204599252,317.2500092773885,0.0234423853101672,0.05503561835254643,0.0,0.0,0.6,2.347697029306865
ew_heavy,1,adaptive,"SIMULATION PROXY (waiting/idling only) - estimate, not a measurement",823584.31922089,6363.199592319226,137.26405320348167,322.2544099364334,0.021571546077097412,0.050643454642757754,1.577431209677074,1.577431209677063,0.6,2.347697029306865
ew_heavy,1,qubo_static,"SIMULATION PROXY (waiting/idling only) - estimate, not a measurement",547063.8066714533,6380.517222579428,91.17730111190889,214.05667896064602,0.01428995454933495,0.03354848384440378,-32.52744753318984,-32.52744753318984,0.6,2.347697029306865
ew_heavy,1,qubo_receding,"SIMULATION PROXY (waiting/idling only) - estimate, not a measurement",572721.2112880686,6379.244764029931,95.4535352146781,224.095981060338,0.014963140425791983,0.0351289203267333,-29.362970998560616,-29.362970998560623,0.6,2.347697029306865
ew_heavy,2,fixed,"SIMULATION PROXY (waiting/idling only) - estimate, not a measurement",810356.6080947616,5738.450899882145,135.05943468246028,317.0786335838766,0.023535870052531792,0.0552550922044813,0.0,0.0,0.6,2.347697029306865
ew_heavy,2,adaptive,"SIMULATION PROXY (waiting/idling only) - estimate, not a measurement",834654.2193667559,6384.971006283468,139.10903656112598,326.58587188429556,0.02178694882470545,0.051149155033421684,2.9983850355858226,2.9983850355858284,0.6,2.347697029306865
ew_heavy,2,qubo_static,"SIMULATION PROXY (waiting/idling only) - estimate, not a measurement",557353.2700616763,6422.666704728055,92.89221167694603,218.08276939971068,0.014463184211094637,0.03395517460670484,-31.221234639885814,-31.221234639885814,0.6,2.347697029306865
ew_heavy,2,qubo_receding,"SIMULATION PROXY (waiting/idling only) - estimate, not a measurement",558070.1310335818,6422.666704728055,93.01168850559696,218.36326479540548,0.014481786582063534,0.03399884733776658,-31.132772231515876,-31.132772231515876,0.6,2.347697029306865
ew_heavy,3,fixed,"SIMULATION PROXY (waiting/idling only) - estimate, not a measurement",812016.532188622,5757.067367749534,135.33608869810365,317.72813339454837,0.023507817444736137,0.05518923318049513,0.0,0.0,0.6,2.347697029306865
ew_heavy,3,adaptive,"SIMULATION PROXY (waiting/idling only) - estimate, not a measurement",855339.7635398878,6463.099623350916,142.55662725664797,334.6797703184385,0.02205700601327522,0.05178316749276989,5.335264693995471,5.335264693995459,0.6,2.347697029306865
ew_heavy,3,qubo_static,"SIMULATION PROXY (waiting/idling only) - estimate, not a measurement",552462.2809259628,6472.235895720652,92.07704682099381,216.1690092889963,0.014226466449078875,0.033399433020036264,-31.964158483705308,-31.96415848370531,0.6,2.347697029306865
ew_heavy,3,qubo_receding,"SIMULATION PROXY (waiting/idling only) - estimate, not a measurement",553619.8792840682,6472.235895720652,92.26997988067804,216.62195766007204,0.014256275785881909,0.03346941631149435,-31.821600012021822,-31.82160001202183,0.6,2.347697029306865
ew_heavy,4,fixed,"SIMULATION PROXY (waiting/idling only) - estimate, not a measurement",813237.2385245677,5787.177821012566,135.5395397540946,318.2057748343076,0.023420662704015483,0.05498462025461524,0.0,0.0,0.6,2.347697029306865
ew_heavy,4,adaptive,"SIMULATION PROXY (waiting/idling only) - estimate, not a measurement",854034.8487716444,6487.4179535564945,142.33914146194073,334.1691795642879,0.02194080025072354,0.05151035156923898,5.016692339506578,5.016692339506594,0.6,2.347697029306865
ew_heavy,4,qubo_static,"SIMULATION PROXY (waiting/idling only) - estimate, not a measurement",565042.4730969651,6528.243517891425,94.17374551616085,221.09142258699154,0.014425587105944585,0.033866907994633516,-30.51935568984703,-30.51935568984702,0.6,2.347697029306865
ew_heavy,4,qubo_receding,"SIMULATION PROXY (waiting/idling only) - estimate, not a measurement",567642.5728132152,6528.243517891425,94.60709546886919,222.10879698361518,0.014491967894516686,0.034022749974767286,-30.199633523537067,-30.199633523537063,0.6,2.347697029306865
time_varying,0,fixed,"SIMULATION PROXY (waiting/idling only) - estimate, not a measurement",692184.1418764826,6593.670362728976,115.36402364608044,270.83977560279,0.01749617698485215,0.04107572273156453,0.0,0.0,0.6,2.347697029306865
time_varying,0,adaptive,"SIMULATION PROXY (waiting/idling only) - estimate, not a measurement",675666.2003049868,6835.2496015763445,112.61103338416446,264.3765885431791,0.016475043333925087,0.038678410292757794,-2.3863507659560703,-2.3863507659560783,0.6,2.347697029306865
time_varying,0,qubo_static,"SIMULATION PROXY (waiting/idling only) - estimate, not a measurement",810684.3647596852,5764.181876140371,135.11406079328086,317.20687914197265,0.023440284102165015,0.055030685352761746,17.119754081905615,17.119754081905622,0.6,2.347697029306865
time_varying,0,qubo_receding,"SIMULATION PROXY (waiting/idling only) - estimate, not a measurement",563403.8178415571,6839.993320695294,93.90063630692619,220.45024490779497,0.013728176608421173,0.03222959944139038,-18.6049226273528,-18.6049226273528,0.6,2.347697029306865
time_varying,0,qaoa_p1_saved,"SIMULATION PROXY (waiting/idling only) - estimate, not a measurement",810684.3647596852,5764.181876140371,135.11406079328086,317.20687914197265,0.023440284102165015,0.055030685352761746,17.119754081905615,17.119754081905622,0.6,2.347697029306865
time_varying,1,fixed,"SIMULATION PROXY (waiting/idling only) - estimate, not a measurement",666398.5800048386,6545.795327263639,111.06643000080643,260.7503277686121,0.016967598962070805,0.03983478167772387,0.0,0.0,0.6,2.347697029306865
time_varying,1,adaptive,"SIMULATION PROXY (waiting/idling only) - estimate, not a measurement",666669.3050188144,6773.3759495938975,111.11155083646906,260.85625782045713,0.016404161183926434,0.03851200047977507,0.04062508866297582,0.04062508866297909,0.6,2.347697029306865
time_varying,1,qubo_static,"SIMULATION PROXY (waiting/idling only) - estimate, not a measurement",802831.6968947325,5768.341319180135,133.80528281578876,314.13426497219217,0.023196491922361964,0.05445833517646988,20.473200421420966,20.473200421420966,0.6,2.347697029306865
time_varying,1,qubo_receding,"SIMULATION PROXY (waiting/idling only) - estimate, not a measurement",558415.8838423463,6779.144802971839,93.06931397372436,218.49855193574058,0.013728769141046326,0.03223099052847422,-16.20392050680966,-16.20392050680966,0.6,2.347697029306865
time_varying,2,fixed,"SIMULATION PROXY (waiting/idling only) - estimate, not a measurement",669570.6897208054,6557.205777618609,111.59511495346756,261.9915198614139,0.01701869954033923,0.039954750353520516,0.0,0.0,0.6,2.347697029306865
time_varying,2,adaptive,"SIMULATION PROXY (waiting/idling only) - estimate, not a measurement",679180.0292875376,6766.432195998616,113.19667154792293,265.75148952048363,0.01672915182906328,0.039274980051915376,1.4351493747044253,1.4351493747044342,0.6,2.347697029306865
time_varying,2,qubo_static,"SIMULATION PROXY (waiting/idling only) - estimate, not a measurement",807313.2951553771,5729.217586740883,134.5522158592295,315.88783745936917,0.02348526894328877,0.055136296130631826,20.57177943258045,20.571779432580446,0.6,2.347697029306865
time_varying,2,qubo_receding,"SIMULATION PROXY (waiting/idling only) - estimate, not a measurement",565541.4658897656,6782.0326171593415,94.2569109816276,221.28666990320875,0.013898032684647742,0.03262837004695722,-15.53670514974564,-15.53670514974564,0.6,2.347697029306865
time_varying,3,fixed,"SIMULATION PROXY (waiting/idling only) - estimate, not a measurement",691691.0081684751,6576.429215185796,115.28183469474584,270.6468208458999,0.01752954847115904,0.041154068870830784,0.0,0.0,0.6,2.347697029306865
time_varying,3,adaptive,"SIMULATION PROXY (waiting/idling only) - estimate, not a measurement",683593.2850175551,6841.14293649353,113.93221416959253,267.4783207483059,0.01665397364551912,0.03909848445374006,-1.1707139539607134,-1.170713953960714,0.6,2.347697029306865
time_varying,3,qubo_static,"SIMULATION PROXY (waiting/idling only) - estimate, not a measurement",799193.3352154206,5753.687188239957,133.1988892025701,312.71063648784803,0.023150179153781106,0.054349606827253615,15.541958154349922,15.5419581543499,0.6,2.347697029306865
time_varying,3,qubo_receding,"SIMULATION PROXY (waiting/idling only) - estimate, not a measurement",571866.258545693,6841.575505931975,95.31104309094884,223.7614527247592,0.013931154163000843,0.032706129243293046,-17.32345053032644,-17.323450530326447,0.6,2.347697029306865
time_varying,4,fixed,"SIMULATION PROXY (waiting/idling only) - estimate, not a measurement",683582.738608987,6631.985706979702,113.93045643483116,267.4741941196283,0.017178935762018805,0.04033093645514501,0.0,0.0,0.6,2.347697029306865
time_varying,4,adaptive,"SIMULATION PROXY (waiting/idling only) - estimate, not a measurement",690108.1916130867,6892.166581767894,115.01803193551446,270.0274918917294,0.01668822576630344,0.039178898055952864,0.9545959304616667,0.9545959304616748,0.6,2.347697029306865
time_varying,4,qubo_static,"SIMULATION PROXY (waiting/idling only) - estimate, not a measurement",814182.471921001,5801.659611108803,135.69707865350017,318.57562844044236,0.02338935541714175,0.05491112023022612,19.105183021117483,19.10518302111749,0.6,2.347697029306865
time_varying,4,qubo_receding,"SIMULATION PROXY (waiting/idling only) - estimate, not a measurement",580316.2932175506,6907.598531834866,96.7193822029251,227.06780627420255,0.014001882384619932,0.03287217767907634,-15.106649065125865,-15.106649065125854,0.6,2.347697029306865
downstream_congested,0,fixed,"SIMULATION PROXY (waiting/idling only) - estimate, not a measurement",1095538.2996624596,5803.767302161901,182.58971661040994,428.6653352682418,0.031460550898102915,0.07385984188383364,0.0,0.0,0.6,2.347697029306865
downstream_congested,0,adaptive,"SIMULATION PROXY (waiting/idling only) - estimate, not a measurement",837296.6596292509,6413.893515808418,139.5494432715418,327.6198134100256,0.021757368270550834,0.05107970885430764,-23.572123413008402,-23.572123413008406,0.6,2.347697029306865
downstream_congested,0,qubo_static,"SIMULATION PROXY (waiting/idling only) - estimate, not a measurement",1034642.3660067433,5903.767302161901,172.4403943344572,404.83780151150955,0.029208535077476925,0.06857279103179795,-5.5585399136186,-5.558539913618606,0.6,2.347697029306865
downstream_congested,0,qubo_receding,"SIMULATION PROXY (waiting/idling only) - estimate, not a measurement",612399.6511484591,6464.778931194358,102.06660852474317,239.6214736249663,0.01578810499338862,0.03706568719136334,-44.10057125915706,-44.10057125915706,0.6,2.347697029306865
downstream_congested,0,qaoa_p1_saved,"SIMULATION PROXY (waiting/idling only) - estimate, not a measurement",624269.1442819922,6472.636355892191,104.04485738033203,244.26580258646197,0.01607457172927961,0.03773822429620986,-43.01713189996804,-43.01713189996805,0.6,2.347697029306865
downstream_congested,1,fixed,"SIMULATION PROXY (waiting/idling only) - estimate, not a measurement",1101366.0887378077,5812.087232135044,183.5610147896346,430.9456491181787,0.031582632444799745,0.07414645236834698,0.0,0.0,0.6,2.347697029306865
downstream_congested,1,adaptive,"SIMULATION PROXY (waiting/idling only) - estimate, not a measurement",852861.3377334595,6330.597807447784,142.1435562889099,333.7100048345869,0.02245341760957894,0.05271382181979493,-22.56331963962507,-22.563319639625078,0.6,2.347697029306865
downstream_congested,1,qubo_static,"SIMULATION PROXY (waiting/idling only) - estimate, not a measurement",1075702.6999167867,5912.087232135044,179.28378331946445,420.90400550200235,0.03032495568485029,0.07119380837518535,-2.3301415472517277,-2.3301415472517375,0.6,2.347697029306865
downstream_congested,1,qubo_receding,"SIMULATION PROXY (waiting/idling only) - estimate, not a measurement",579556.5777722312,6376.040638528488,96.59276296203852,226.77054265852001,0.015149333016850243,0.03556604411963972,-47.37838910253564,-47.37838910253565,0.6,2.347697029306865
downstream_congested,2,fixed,"SIMULATION PROXY (waiting/idling only) - estimate, not a measurement",1098304.3866412144,5799.833537000081,183.05073110686905,429.74765763204624,0.0315613767083306,0.07409655033898263,0.0,0.0,0.6,2.347697029306865
downstream_congested,2,adaptive,"SIMULATION PROXY (waiting/idling only) - estimate, not a measurement",852235.2779235338,6420.835672559974,142.0392129872556,333.46503837526507,0.022121608499384764,0.051934834557495105,-22.404454694950118,-22.404454694950125,0.6,2.347697029306865
downstream_congested,2,qubo_static,"SIMULATION PROXY (waiting/idling only) - estimate, not a measurement",1087531.9327276861,5899.833537000081,181.255322121281,425.53258129019036,0.030722107833138092,0.07212620129390347,-0.980825902596281,-0.9808259025962771,0.6,2.347697029306865
downstream_congested,2,qubo_receding,"SIMULATION PROXY (waiting/idling only) - estimate, not a measurement",608273.0566445532,6482.233994218706,101.37884277409219,238.006808015304,0.01563949139517467,0.036716787488321856,-44.61707846722284,-44.61707846722284,0.6,2.347697029306865
downstream_congested,3,fixed,"SIMULATION PROXY (waiting/idling only) - estimate, not a measurement",1094395.9529829498,5799.490291961923,182.39932549715832,428.21835461725453,0.0314509234975293,0.07383723966410703,0.0,0.0,0.6,2.347697029306865
downstream_congested,3,adaptive,"SIMULATION PROXY (waiting/idling only) - estimate, not a measurement",842547.3506010224,6410.124326348171,140.4245584335037,329.67431867606496,0.021906682504784298,0.05143025343845077,-23.012567041706827,-23.012567041706827,0.6,2.347697029306865
downstream_congested,3,qubo_static,"SIMULATION PROXY (waiting/idling only) - estimate, not a measurement",1060935.5838791744,5899.490291961923,176.82259731319576,415.1258864265137,0.029972521109852015,0.07036639877043688,-3.057428073685196,-3.057428073685208,0.6,2.347697029306865
downstream_congested,3,qubo_receding,"SIMULATION PROXY (waiting/idling only) - estimate, not a measurement",600051.4931708481,6447.138165239486,100.00858219514136,234.7898513247248,0.015512089183127726,0.036417685693572115,-45.17053068998359,-45.17053068998359,0.6,2.347697029306865
downstream_congested,4,fixed,"SIMULATION PROXY (waiting/idling only) - estimate, not a measurement",1095894.148588754,5802.471127278775,182.64902476479233,428.804572846099,0.031477799847398895,0.07390033719085448,0.0,0.0,0.6,2.347697029306865
downstream_congested,4,adaptive,"SIMULATION PROXY (waiting/idling only) - estimate, not a measurement",858379.8118890545,6414.25669576461,143.06330198150908,335.86928906481984,0.022303956446890413,0.05236293229215433,-21.67310930581757,-21.67310930581757,0.6,2.347697029306865
downstream_congested,4,qubo_static,"SIMULATION PROXY (waiting/idling only) - estimate, not a measurement",1066934.98239928,5902.471127278775,177.82249706654665,417.4733481070603,0.03012678812518451,0.07072857098405302,-2.64251490226191,-2.642514902261912,0.6,2.347697029306865
downstream_congested,4,qubo_receding,"SIMULATION PROXY (waiting/idling only) - estimate, not a measurement",603919.1222755744,6471.380470898768,100.65318704592904,236.30318821799585,0.01555358821793242,0.0365151128543022,-44.892568041058006,-44.89256804105801,0.6,2.347697029306865
