case,seed,controller,cycles,start_cycle,vehicles_entered,vehicles_rejected,vehicles_exited,throughput_per_hour,total_waiting_time,average_queue_length,max_queue_length,final_queue_total,total_blocked,demand_generated,vehicles_served,in_transit_final,share_NS20/EW40,share_NS30/EW30,share_NS40/EW20,plan_switches,plan_switch_rate,waiting_per_admitted,qubo_energy,plan_I1,plan_I2,plan_I3,plan_I4,plan_I5,plan_I6,one_hot_valid
balanced_medium,0,fixed,60,30,7205.289901892303,0.0,7196.550528057851,7196.550528057851,518274.58210520237,5.998548403995398,14.995891197681933,0.0,0.0,7205.289901892303,17275.819403506746,180.22137936530353,0.0,1.0,0.0,0,0.0,71.92973345445678,,,,,,,,
balanced_medium,0,adaptive,60,30,7205.289901892303,0.0,7187.44758047995,7187.44758047995,548187.2029158686,6.344759293007739,19.721806114638845,11.47693722845225,0.0,7205.289901892303,17251.520198832488,177.84738971475193,0.38055555555555554,0.23333333333333334,0.3861111111111111,293,0.827683615819209,76.08121399416558,,,,,,,,
balanced_medium,0,qubo_static,60,30,7205.289901892303,0.0,7196.550528057851,7196.550528057851,518274.58210520237,5.998548403995398,14.995891197681933,0.0,0.0,7205.289901892303,17275.819403506746,180.22137936530353,0.0,1.0,0.0,0,0.0,71.92973345445678,6598.672768876964,NS30/EW30,NS30/EW30,NS30/EW30,NS30/EW30,NS30/EW30,NS30/EW30,True
balanced_medium,0,qubo_receding,60,30,7205.289901892303,0.0,7196.550528057851,7196.550528057851,518274.58210520237,5.998548403995398,14.995891197681933,0.0,0.0,7205.289901892303,17275.819403506746,180.22137936530353,0.0,1.0,0.0,0,0.0,71.92973345445678,6472.254237585516,,,,,,,
balanced_medium,1,fixed,60,30,7147.969356035993,0.0,7152.62587862233,7152.62587862233,513624.5429217737,5.944728506039048,14.988512358785085,0.0,0.0,7147.969356035993,17120.818097392454,165.99946893074105,0.0,1.0,0.0,0,0.0,71.85600795672849,,,,,,,,
balanced_medium,1,adaptive,60,30,7147.969356035993,0.0,7140.644055287131,7140.644055287131,544881.5132598132,6.306498996062652,19.859195273010943,11.673604563894676,0.0,7147.969356035993,17097.162669493362,166.30768770204529,0.29444444444444445,0.4166666666666667,0.28888888888888886,240,0.6779661016949152,76.22885411500769,,,,,,,,
balanced_medium,1,qubo_static,60,30,7147.969356035993,0.0,7152.62587862233,7152.62587862233,513624.5429217737,5.944728506039048,14.988512358785085,0.0,0.0,7147.969356035993,17120.818097392454,165.99946893074105,0.0,1.0,0.0,0,0.0,71.85600795672849,6598.922459433146,NS30/EW30,NS30/EW30,NS30/EW30,NS30/EW30,NS30/EW30,NS30/EW30,True
balanced_medium,1,qubo_receding,60,30,7147.969356035993,0.0,7152.62587862233,7152.62587862233,513624.5429217737,5.944728506039048,14.988512358785085,0.0,0.0,7147.969356035993,17120.818097392454,165.99946893074105,0.0,1.0,0.0,0,0.0,71.85600795672849,6396.535802045298,,,,,,,
balanced_medium,2,fixed,60,30,7140.002581027705,0.0,7143.469411358988,7143.469411358988,514351.10888329695,5.953137834297419,14.97325629672579,0.0,0.0,7140.002581027705,17145.036962776565,158.7666450022673,0.0,1.0,0.0,0,0.0,72.03794439094771,,,,,,,,
balanced_medium,2,adaptive,60,30,7140.002581027705,0.0,7138.260570866075,7138.260570866075,546421.5111909786,6.324323046191882,19.69432448072834,6.709527051559615,0.0,7140.002581027705,17132.76251414248,157.26595844362,0.38055555555555554,0.25,0.36944444444444446,293,0.827683615819209,76.52959575153665,,,,,,,,
balanced_medium,2,qubo_static,60,30,7140.002581027705,0.0,7143.469411358988,7143.469411358988,514351.10888329695,5.953137834297419,14.97325629672579,0.0,0.0,7140.002581027705,17145.036962776565,158.7666450022673,0.0,1.0,0.0,0,0.0,72.03794439094771,6343.9658007221915,NS30/EW30,NS30/EW30,NS30/EW30,NS30/EW30,NS30/EW30,NS30/EW30,True
balanced_medium,2,qubo_receding,60,30,7140.002581027705,0.0,7143.469411358988,7143.469411358988,514351.10888329695,5.953137834297419,14.97325629672579,0.0,0.0,7140.002581027705,17145.036962776565,158.7666450022673,0.0,1.0,0.0,0,0.0,72.03794439094771,6433.299676069366,,,,,,,
balanced_medium,3,fixed,60,30,7200.3076229423605,0.0,7203.639257220267,7203.639257220267,518867.1623206496,6.005406971303815,14.997369102161212,0.0,0.0,7200.3076229423605,17295.572077354987,159.31361282734477,0.0,1.0,0.0,0,0.0,72.06180478558746,,,,,,,,
balanced_medium,3,adaptive,60,30,7200.3076229423605,0.0,7195.377281517949,7195.377281517949,553740.507987884,6.409033657267176,19.57323862701657,7.913303986001697,0.0,7200.3076229423605,17274.055189047893,159.66228454366106,0.4083333333333333,0.18055555555555555,0.4111111111111111,314,0.8870056497175142,76.9051180846078,,,,,,,,
balanced_medium,3,qubo_static,60,30,7200.3076229423605,0.0,7203.639257220267,7203.639257220267,518867.1623206496,6.005406971303815,14.997369102161212,0.0,0.0,7200.3076229423605,17295.572077354987,159.31361282734477,0.0,1.0,0.0,0,0.0,72.06180478558746,6465.871318686266,NS30/EW30,NS30/EW30,NS30/EW30,NS30/EW30,NS30/EW30,NS30/EW30,True
balanced_medium,3,qubo_receding,60,30,7200.3076229423605,0.0,7203.639257220267,7203.639257220267,518867.1623206496,6.005406971303815,14.997369102161212,0.0,0.0,7200.3076229423605,17295.572077354987,159.31361282734477,0.0,1.0,0.0,0,0.0,72.06180478558746,6493.444825802494,,,,,,,
balanced_medium,4,fixed,60,30,7279.566250065799,0.0,7278.718285933929,7278.718285933929,523752.6538869913,6.061952012580918,14.997154842146532,0.0,0.0,7279.566250065799,17458.421796233044,157.05594519187946,0.0,1.0,0.0,0,0.0,71.9483326197158,,,,,,,,
balanced_medium,4,adaptive,60,30,7279.566250065799,0.0,7271.577793826186,7271.577793826186,559850.4269709832,6.479750312164157,19.617426400623483,8.398807392238476,0.0,7279.566250065799,17441.822867874987,155.79762990738436,0.42777777777777776,0.12777777777777777,0.4444444444444444,328,0.9265536723163842,76.90711338274073,,,,,,,,
balanced_medium,4,qubo_static,60,30,7279.566250065799,0.0,7278.718285933929,7278.718285933929,523752.6538869913,6.061952012580918,14.997154842146532,0.0,0.0,7279.566250065799,17458.421796233044,157.05594519187946,0.0,1.0,0.0,0,0.0,71.9483326197158,5973.923335601714,NS30/EW30,NS30/EW30,NS30/EW30,NS30/EW30,NS30/EW30,NS30/EW30,True
balanced_medium,4,qubo_receding,60,30,7279.566250065799,0.0,7278.718285933929,7278.718285933929,523752.6538869913,6.061952012580918,14.997154842146532,0.0,0.0,7279.566250065799,17458.421796233044,157.05594519187946,0.0,1.0,0.0,0,0.0,71.9483326197158,6539.496403200282,,,,,,,
ns_heavy,0,fixed,60,30,6841.531057553657,1085.9191988688624,6837.875579699958,6837.875579699958,990031.7559522195,11.458700879076614,40.0,150.0,0.0,7927.450256422519,15115.10736468622,143.59795785711455,0.0,1.0,0.0,0,0.0,144.70909327512834,,,,,,,,
ns_heavy,0,adaptive,60,30,7894.94272130878,32.507535113738825,7952.8380077419915,7952.8380077419915,759176.9200134319,8.786769907562869,40.0,68.44923571308935,0.0,7927.450256422519,17385.03222077029,163.59795785711455,0.016666666666666666,0.2861111111111111,0.6972222222222222,200,0.5649717514124294,96.15990220731832,,,,,,,,
ns_heavy,0,qubo_static,60,30,6841.531057553657,1085.9191988688624,6837.875579699958,6837.875579699958,990031.7559522195,11.458700879076614,40.0,150.0,0.0,7927.450256422519,15115.10736468622,143.59795785711455,0.0,1.0,0.0,0,0.0,144.70909327512834,15648.055140836834,NS30/EW30,NS30/EW30,NS30/EW30,NS30/EW30,NS30/EW30,NS30/EW30,True
ns_heavy,0,qubo_receding,60,30,6841.531057553657,1085.9191988688624,6837.875579699958,6837.875579699958,990031.7559522195,11.458700879076614,40.0,150.0,0.0,7927.450256422519,15115.10736468622,143.59795785711455,0.0,1.0,0.0,0,0.0,144.70909327512834,15568.457512900563,,,,,,,
ns_heavy,1,fixed,60,30,6810.103139538778,1092.7793240969834,6813.11875286158,6813.11875286158,987635.8332371982,11.430970292097202,40.0,149.09857982353242,0.0,7902.882463635761,15032.76596943776,136.72050514253363,0.0,1.0,0.0,0,0.0,145.02509183790232,,,,,,,,
ns_heavy,1,adaptive,60,30,7891.983797013918,10.89866662184339,7962.2702918583955,7962.2702918583955,776555.069247084,8.987905894063472,40.0,66.82769830185697,0.0,7902.882463635761,17362.195385784456,151.72050514253363,0.03333333333333333,0.2361111111111111,0.7305555555555555,189,0.5338983050847458,98.39795534563925,,,,,,,,
ns_heavy,1,qubo_static,60,30,6810.103139538778,1092.7793240969834,6813.11875286158,6813.11875286158,987635.8332371982,11.430970292097202,40.0,149.09857982353242,0.0,7902.882463635761,15032.76596943776,136.72050514253363,0.0,1.0,0.0,0,0.0,145.02509183790232,15616.535835258539,NS30/EW30,NS30/EW30,NS30/EW30,NS30/EW30,NS30/EW30,NS30/EW30,True
ns_heavy,1,qubo_receding,60,30,6810.103139538778,1092.7793240969834,6813.11875286158,6813.11875286158,987635.8332371982,11.430970292097202,40.0,149.09857982353242,0.0,7902.882463635761,15032.76596943776,136.72050514253363,0.0,1.0,0.0,0,0.0,145.02509183790232,15532.141130154994,,,,,,,
ns_heavy,2,fixed,60,30,6826.7912864815435,1019.309723317353,6829.775466193026,6829.775466193026,987691.1125156115,11.431610098560318,40.0,143.483136669596,0.0,7846.1010097988965,15092.509382259292,138.02811453013982,0.0,1.0,0.0,0,0.0,144.67867422158398,,,,,,,,
ns_heavy,2,adaptive,60,30,7827.1221263431835,18.978883455713216,7919.251177465314,7919.251177465314,765782.7009108914,8.863225704987169,40.0,44.3587228053877,0.0,7846.1010097988965,17300.993497442552,148.0076569836994,0.058333333333333334,0.25,0.6916666666666667,212,0.5988700564971752,97.83707070745089,,,,,,,,
ns_heavy,2,qubo_static,60,30,6826.7912864815435,1019.309723317353,6829.775466193026,6829.775466193026,987691.1125156115,11.431610098560318,40.0,143.483136669596,0.0,7846.1010097988965,15092.509382259292,138.02811453013982,0.0,1.0,0.0,0,0.0,144.67867422158398,15491.940561257354,NS30/EW30,NS30/EW30,NS30/EW30,NS30/EW30,NS30/EW30,NS30/EW30,True
ns_heavy,2,qubo_receding,60,30,6826.7912864815435,1019.309723317353,6829.775466193026,6829.775466193026,987691.1125156115,11.431610098560318,40.0,143.483136669596,0.0,7846.1010097988965,15092.509382259292,138.02811453013982,0.0,1.0,0.0,0,0.0,144.67867422158398,15526.306211071946,,,,,,,
ns_heavy,3,fixed,60,30,6839.325545623495,1074.963001346754,6841.591471877061,6841.591471877061,990241.4217470357,11.461127566516616,40.0,145.66496942156934,0.0,7914.288546970249,15130.490514194888,138.22229965553117,0.0,1.0,0.0,0,0.0,144.78641426575962,,,,,,,,
ns_heavy,3,adaptive,60,30,7875.90296267008,38.38558430016775,7940.389237542483,7940.389237542483,771640.3820766321,8.93102294070176,40.0,65.20475361255954,0.0,7914.288546970249,17366.325912715907,156.46216684570453,0.030555555555555555,0.2777777777777778,0.6916666666666667,212,0.5988700564971752,97.97484627909019,,,,,,,,
ns_heavy,3,qubo_static,60,30,6839.325545623495,1074.963001346754,6841.591471877061,6841.591471877061,990241.4217470357,11.461127566516616,40.0,145.66496942156934,0.0,7914.288546970249,15130.490514194888,138.22229965553117,0.0,1.0,0.0,0,0.0,144.78641426575962,15643.40486386761,NS30/EW30,NS30/EW30,NS30/EW30,NS30/EW30,NS30/EW30,NS30/EW30,True
ns_heavy,3,qubo_receding,60,30,6839.325545623495,1074.963001346754,6841.591471877061,6841.591471877061,990241.4217470357,11.461127566516616,40.0,145.66496942156934,0.0,7914.288546970249,15130.490514194888,138.22229965553117,0.0,1.0,0.0,0,0.0,144.78641426575962,15580.417339711667,,,,,,,
ns_heavy,4,fixed,60,30,6851.04885538326,1166.2575247042569,6851.4501856335655,6851.4501856335655,991876.5738407576,11.480052937971731,40.0,149.6419739223109,0.0,8017.306380087517,15152.540313255815,132.92786183779296,0.0,1.0,0.0,0,0.0,144.7773318769116,,,,,,,,
ns_heavy,4,adaptive,60,30,8002.792469031171,14.513911056346089,8060.084899686647,8060.084899686647,778196.4782191924,9.006903683092505,40.0,62.750873517140064,0.0,8017.306380087517,17612.90426718826,162.92786183779296,0.0,0.275,0.725,192,0.5423728813559322,97.24061710092076,,,,,,,,
ns_heavy,4,qubo_static,60,30,6851.04885538326,1166.2575247042569,6851.4501856335655,6851.4501856335655,991876.5738407576,11.480052937971731,40.0,149.6419739223109,0.0,8017.306380087517,15152.540313255815,132.92786183779296,0.0,1.0,0.0,0,0.0,144.7773318769116,15409.853894891465,NS30/EW30,NS30/EW30,NS30/EW30,NS30/EW30,NS30/EW30,NS30/EW30,True
ns_heavy,4,qubo_receding,60,30,6851.04885538326,1166.2575247042569,6851.4501856335655,6851.4501856335655,991876.5738407576,11.480052937971731,40.0,149.6419739223109,0.0,8017.306380087517,15152.540313255815,132.92786183779296,0.0,1.0,0.0,0,0.0,144.7773318769116,15608.261797194016,,,,,,,
ew_heavy,0,fixed,60,30,5763.873456880934,719.2560904811526,5760.399684328968,5760.399684328968,811150.4937067322,9.388315899383475,40.0,100.0,0.0,6483.129547362087,15122.80233706715,156.5127318255372,0.0,1.0,0.0,0,0.0,140.73010099456255,,,,,,,,
ew_heavy,0,adaptive,60,30,6456.274570745225,26.854976616861478,6400.399684328968,6400.399684328968,858564.9044630086,9.937093801655193,40.0,132.4011138642911,0.0,6483.129547362087,17146.906661661335,176.5127318255372,0.6555555555555556,0.2722222222222222,0.07222222222222222,242,0.6836158192090396,132.98147330247565,,,,,,,,
ew_heavy,0,qubo_static,60,30,5763.873456880934,719.2560904811526,5760.399684328968,5760.399684328968,811150.4937067322,9.388315899383475,40.0,100.0,0.0,6483.129547362087,15122.80233706715,156.5127318255372,0.0,1.0,0.0,0,0.0,140.73010099456255,13502.920529642099,NS30/EW30,NS30/EW30,NS30/EW30,NS30/EW30,NS30/EW30,NS30/EW30,True
ew_heavy,0,qubo_receding,60,30,5763.873456880934,719.2560904811526,5760.399684328968,5760.399684328968,811150.4937067322,9.388315899383475,40.0,100.0,0.0,6483.129547362087,15122.80233706715,156.5127318255372,0.0,1.0,0.0,0,0.0,140.73010099456255,13614.654225818298,,,,,,,
ew_heavy,1,fixed,60,30,5764.448892808882,628.607355627341,5763.194186449585,5763.194186449585,810794.5922759551,9.384196669860591,40.0,100.0,0.0,6393.0562484362235,15127.643079258467,156.2792293228369,0.0,1.0,0.0,0,0.0,140.6543118610032,,,,,,,,
ew_heavy,1,adaptive,60,30,6363.199592319226,29.856656116996973,6353.194186449585,6353.194186449585,823584.31922089,9.53222591690845,40.0,82.3552671519214,0.0,6393.0562484362235,16980.424717660062,182.67466168125952,0.6472222222222223,0.24444444444444444,0.10833333333333334,249,0.7033898305084746,129.42927646258448,,,,,,,,
ew_heavy,1,qubo_static,60,30,5764.448892808882,628.607355627341,5763.194186449585,5763.194186449585,810794.5922759551,9.384196669860591,40.0,100.0,0.0,6393.0562484362235,15127.643079258467,156.2792293228369,0.0,1.0,0.0,0,0.0,140.6543118610032,13650.735688906163,NS30/EW30,NS30/EW30,NS30/EW30,NS30/EW30,NS30/EW30,NS30/EW30,True
ew_heavy,1,qubo_receding,60,30,5764.448892808882,628.607355627341,5763.194186449585,5763.194186449585,810794.5922759551,9.384196669860591,40.0,100.0,0.0,6393.0562484362235,15127.643079258467,156.2792293228369,0.0,1.0,0.0,0,0.0,140.6543118610032,13605.729590679819,,,,,,,
ew_heavy,2,fixed,60,30,5738.450899882145,695.453252374368,5741.959239486468,5741.959239486468,810356.6080947616,9.379127408504186,40.0,100.0,0.0,6433.904152256512,15080.00909912899,151.35520797099383,0.0,1.0,0.0,0,0.0,141.21522031519075,,,,,,,,
ew_heavy,2,adaptive,60,30,6384.971006283468,48.933145973044574,6371.460175077925,6371.460175077925,834654.2193667559,9.660349761189305,40.0,102.0191708098664,0.0,6433.904152256512,17048.51190590336,166.35520797099383,0.6166666666666667,0.3388888888888889,0.044444444444444446,269,0.7598870056497176,130.72169294823271,,,,,,,,
ew_heavy,2,qubo_static,60,30,5738.450899882145,695.453252374368,5741.959239486468,5741.959239486468,810356.6080947616,9.379127408504186,40.0,100.0,0.0,6433.904152256512,15080.00909912899,151.35520797099383,0.0,1.0,0.0,0,0.0,141.21522031519075,13621.844012882153,NS30/EW30,NS30/EW30,NS30/EW30,NS30/EW30,NS30/EW30,NS30/EW30,True
ew_heavy,2,qubo_receding,60,30,5738.450899882145,695.453252374368,5741.959239486468,5741.959239486468,810356.6080947616,9.379127408504186,40.0,100.0,0.0,6433.904152256512,15080.00909912899,151.35520797099383,0.0,1.0,0.0,0,0.0,141.21522031519075,13619.2864374061,,,,,,,
ew_heavy,3,fixed,60,30,5757.067367749534,729.2593311649376,5760.228156733073,5760.228156733073,812016.532188622,9.398339492923867,40.0,100.0,0.0,6486.326698914472,15117.295524482606,151.43450675814123,0.0,1.0,0.0,0,0.0,141.04690466841683,,,,,,,,
ew_heavy,3,adaptive,60,30,6463.099623350916,23.227075563556255,6445.228156733073,6445.228156733073,855339.7635398878,9.899765781711665,40.0,96.03225560138144,0.0,6486.326698914472,17267.295524482608,176.43450675814123,0.6611111111111111,0.29444444444444445,0.044444444444444446,224,0.632768361581921,132.34203607965134,,,,,,,,
ew_heavy,3,qubo_static,60,30,5757.067367749534,729.2593311649376,5760.228156733073,5760.228156733073,812016.532188622,9.398339492923867,40.0,100.0,0.0,6486.326698914472,15117.295524482606,151.43450675814123,0.0,1.0,0.0,0,0.0,141.04690466841683,13637.858872250392,NS30/EW30,NS30/EW30,NS30/EW30,NS30/EW30,NS30/EW30,NS30/EW30,True
ew_heavy,3,qubo_receding,60,30,5757.067367749534,729.2593311649376,5760.228156733073,5760.228156733073,812016.532188622,9.398339492923867,40.0,100.0,0.0,6486.326698914472,15117.295524482606,151.43450675814123,0.0,1.0,0.0,0,0.0,141.04690466841683,13642.555739720132,,,,,,,
ew_heavy,4,fixed,60,30,5787.177821012566,754.6482990315149,5787.908957333399,5787.908957333399,813237.2385245677,9.412468038478792,40.0,96.3608449587241,0.0,6541.82612004408,15176.670584860707,155.60011075814677,0.0,1.0,0.0,0,0.0,140.52397622409293,,,,,,,,
ew_heavy,4,adaptive,60,30,6487.4179535564945,54.4081664875856,6472.908957333399,6472.908957333399,854034.8487716444,9.884662601523662,40.0,91.6009775026534,0.0,6541.82612004408,17335.80565897777,175.60011075814677,0.6638888888888889,0.2916666666666667,0.044444444444444446,237,0.6694915254237288,131.64480150434125,,,,,,,,
ew_heavy,4,qubo_static,60,30,5787.177821012566,754.6482990315149,5787.908957333399,5787.908957333399,813237.2385245677,9.412468038478792,40.0,96.3608449587241,0.0,6541.82612004408,15176.670584860707,155.60011075814677,0.0,1.0,0.0,0,0.0,140.52397622409293,13457.441849539173,NS30/EW30,NS30/EW30,NS30/EW30,NS30/EW30,NS30/EW30,NS30/EW30,True
ew_heavy,4,qubo_receding,60,30,5787.177821012566,754.6482990315149,5787.908957333399,5787.908957333399,813237.2385245677,9.412468038478792,40.0,96.3608449587241,0.0,6541.82612004408,15176.670584860707,155.60011075814677,0.0,1.0,0.0,0,0.0,140.52397622409293,13644.758212907476,,,,,,,
time_varying,0,fixed,60,30,6593.670362728976,246.32295796631746,6627.100110906855,6627.100110906855,692184.1418764826,8.011390530977808,40.0,100.0,0.0,6839.993320695294,16482.610601428845,156.5127318255372,0.0,1.0,0.0,0,0.0,104.9770619091129,,,,,,,,
time_varying,0,adaptive,60,30,6835.2496015763445,4.74371911894896,6846.823559213288,6846.823559213288,675666.2003049868,7.820210651678088,40.0,111.85579054093489,0.0,6839.993320695294,17222.17088662945,166.5127318255372,0.44722222222222224,0.28055555555555556,0.2722222222222222,289,0.8163841807909604,98.85026000355053,,,,,,,,
time_varying,0,qubo_static,60,30,6593.670362728976,246.32295796631746,6627.100110906855,6627.100110906855,692184.1418764826,8.011390530977808,40.0,100.0,0.0,6839.993320695294,16482.610601428845,156.5127318255372,0.0,1.0,0.0,0,0.0,104.9770619091129,15648.055140836834,NS30/EW30,NS30/EW30,NS30/EW30,NS30/EW30,NS30/EW30,NS30/EW30,True
time_varying,0,qubo_receding,60,30,6593.670362728976,246.32295796631746,6627.100110906855,6627.100110906855,692184.1418764826,8.011390530977808,40.0,100.0,0.0,6839.993320695294,16482.610601428845,156.5127318255372,0.0,1.0,0.0,0,0.0,104.9770619091129,10422.567688400874,,,,,,,
time_varying,1,fixed,60,30,6545.795327263639,233.34947570820046,6578.350796229671,6578.350796229671,666398.5800048386,7.712946527833781,40.0,100.0,0.0,6779.144802971839,16334.169980831952,156.2792293228369,0.0,1.0,0.0,0,0.0,101.80559377242483,,,,,,,,
time_varying,1,adaptive,60,30,6773.3759495938975,5.768853377942122,6804.382302450573,6804.382302450573,666669.3050188144,7.716079919199241,40.0,89.07171069272059,0.0,6779.144802971839,17092.219310327928,168.75663473947267,0.44722222222222224,0.2777777777777778,0.275,255,0.7203389830508474,98.4249671035586,,,,,,,,
time_varying,1,qubo_static,60,30,6545.795327263639,233.34947570820046,6578.350796229671,6578.350796229671,666398.5800048386,7.712946527833781,40.0,100.0,0.0,6779.144802971839,16334.169980831952,156.2792293228369,0.0,1.0,0.0,0,0.0,101.80559377242483,15616.535835258539,NS30/EW30,NS30/EW30,NS30/EW30,NS30/EW30,NS30/EW30,NS30/EW30,True
time_varying,1,qubo_receding,60,30,6545.795327263639,233.34947570820046,6578.350796229671,6578.350796229671,666398.5800048386,7.712946527833781,40.0,100.0,0.0,6779.144802971839,16334.169980831952,156.2792293228369,0.0,1.0,0.0,0,0.0,101.80559377242483,9897.050695820277,,,,,,,
time_varying,2,fixed,60,30,6557.205777618609,224.82683954073218,6590.346000558834,6590.346000558834,669570.6897208054,7.74966076065747,40.0,100.0,0.0,6782.0326171593415,16407.9738345738,151.35520797099383,0.0,1.0,0.0,0,0.0,102.11219724203538,,,,,,,,
time_varying,2,adaptive,60,30,6766.432195998616,15.600421160725276,6779.3143464820505,6779.3143464820505,679180.0292875376,7.860879968605759,40.0,100.25807245679069,0.0,6782.0326171593415,17060.11998902153,171.35520797099383,0.4083333333333333,0.33611111111111114,0.25555555555555554,253,0.7146892655367232,100.37491097437969,,,,,,,,
time_varying,2,qubo_static,60,30,6557.205777618609,224.82683954073218,6590.346000558834,6590.346000558834,669570.6897208054,7.74966076065747,40.0,100.0,0.0,6782.0326171593415,16407.9738345738,151.35520797099383,0.0,1.0,0.0,0,0.0,102.11219724203538,15491.940561257354,NS30/EW30,NS30/EW30,NS30/EW30,NS30/EW30,NS30/EW30,NS30/EW30,True
time_varying,2,qubo_receding,60,30,6557.205777618609,224.82683954073218,6590.346000558834,6590.346000558834,669570.6897208054,7.74966076065747,40.0,100.0,0.0,6782.0326171593415,16407.9738345738,151.35520797099383,0.0,1.0,0.0,0,0.0,102.11219724203538,9968.831488049585,,,,,,,
time_varying,3,fixed,60,30,6576.429215185796,265.1462907461795,6611.147903758321,6611.147903758321,691691.0081684751,8.005682964912907,40.0,100.0,0.0,6841.575505931975,16446.186911835157,151.43450675814123,0.0,1.0,0.0,0,0.0,105.17729082695428,,,,,,,,
time_varying,3,adaptive,60,30,6841.14293649353,0.43256943844518503,6872.863656290009,6872.863656290009,683593.2850175551,7.911959317332814,40.0,72.99796877604625,0.0,6841.575505931975,17321.33416943022,181.43450675814123,0.4777777777777778,0.26944444444444443,0.25277777777777777,276,0.7796610169491526,99.92384187311471,,,,,,,,
time_varying,3,qubo_static,60,30,6576.429215185796,265.1462907461795,6611.147903758321,6611.147903758321,691691.0081684751,8.005682964912907,40.0,100.0,0.0,6841.575505931975,16446.186911835157,151.43450675814123,0.0,1.0,0.0,0,0.0,105.17729082695428,15643.40486386761,NS30/EW30,NS30/EW30,NS30/EW30,NS30/EW30,NS30/EW30,NS30/EW30,True
time_varying,3,qubo_receding,60,30,6576.429215185796,265.1462907461795,6611.147903758321,6611.147903758321,691691.0081684751,8.005682964912907,40.0,100.0,0.0,6841.575505931975,16446.186911835157,151.43450675814123,0.0,1.0,0.0,0,0.0,105.17729082695428,10427.724218697864,,,,,,,
time_varying,4,fixed,60,30,6631.985706979702,275.6128248551636,6662.995917273241,6662.995917273241,683582.738608987,7.91183725241883,40.0,96.3608449587241,0.0,6907.598531834866,16563.662044647725,155.60011075814677,0.0,1.0,0.0,0,0.0,103.07361457211283,,,,,,,,
time_varying,4,adaptive,60,30,6892.166581767894,15.431950066971325,6917.982892800513,6917.982892800513,690108.1916130867,7.987363328855171,40.0,92.05992759869918,0.0,6907.598531834866,17428.117787850486,165.0949273790916,0.5194444444444445,0.17777777777777778,0.30277777777777776,280,0.7909604519774012,100.12935459782062,,,,,,,,
time_varying,4,qubo_static,60,30,6631.985706979702,275.6128248551636,6662.995917273241,6662.995917273241,683582.738608987,7.91183725241883,40.0,96.3608449587241,0.0,6907.598531834866,16563.662044647725,155.60011075814677,0.0,1.0,0.0,0,0.0,103.07361457211283,15409.853894891465,NS30/EW30,NS30/EW30,NS30/EW30,NS30/EW30,NS30/EW30,NS30/EW30,True
time_varying,4,qubo_receding,60,30,6631.985706979702,275.6128248551636,6662.995917273241,6662.995917273241,683582.738608987,7.91183725241883,40.0,96.3608449587241,0.0,6907.598531834866,16563.662044647725,155.60011075814677,0.0,1.0,0.0,0,0.0,103.07361457211283,10218.053094751465,,,,,,,
downstream_congested,0,fixed,60,0,5803.767302161901,691.3241582331851,5668.773798209892,5668.773798209892,1095538.2996624596,12.679841431278469,40.0,181.18843907639493,0.0,6495.091460395087,15004.001410015157,157.80506487561365,0.0,1.0,0.0,0,0.0,188.7633053886175,,,,,,,,
downstream_congested,0,adaptive,60,0,6413.893515808418,81.19794458666877,6343.977309543186,6343.977309543186,837296.6596292509,9.690933560523737,40.0,86.11114138961814,0.0,6495.091460395087,16986.693334699223,187.80506487561365,0.6333333333333333,0.3277777777777778,0.03888888888888889,254,0.7175141242937854,130.54420962330502,,,,,,,,
downstream_congested,0,qubo_static,60,0,5903.767302161901,591.3241582331851,5752.773798209892,5752.773798209892,1034642.3660067433,11.975027384337306,40.0,197.18843907639493,814.8478776910604,6495.091460395087,15276.001410015157,157.80506487561365,0.6666666666666666,0.3333333333333333,0.0,0,0.0,175.25121046486157,16080.0,NS30/EW30,NS20/EW40,NS20/EW40,NS30/EW30,NS20/EW40,NS20/EW40,True
downstream_congested,0,qubo_receding,60,0,6418.037498819487,77.05396157559974,6388.004207591354,6388.004207591354,715397.8961398309,8.280068242359155,40.0,56.22822635251884,0.0,6495.091460395087,17081.44115303865,177.80506487561365,0.6861111111111111,0.3138888888888889,0.0,150,0.423728813559322,111.46676788214761,12054.431042130742,,,,,,,
downstream_congested,1,fixed,60,0,5812.087232135044,580.8565905833115,5678.593751700521,5678.593751700521,1101366.0887378077,12.747292693724626,40.0,183.61520399452823,0.0,6392.943822718356,15021.065779841038,153.87827643999495,0.0,1.0,0.0,0,0.0,189.49579466879848,,,,,,,,
downstream_congested,1,adaptive,60,0,6330.597807447784,62.34601527057153,6252.321279894668,6252.321279894668,852861.3377334595,9.871080297840967,40.0,113.39825111312183,0.0,6392.943822718356,16694.823061552866,168.87827643999495,0.5888888888888889,0.30833333333333335,0.10277777777777777,276,0.7796610169491526,134.72050565747367,,,,,,,,
downstream_congested,1,qubo_static,60,0,5912.087232135044,480.8565905833115,5762.593751700521,5762.593751700521,1075702.6999167867,12.450262730518364,40.0,199.61520399452823,937.0599521495019,6392.943822718356,15293.065779841038,153.87827643999495,0.6666666666666666,0.3333333333333333,0.0,0,0.0,181.94973410910177,16080.0,NS30/EW30,NS20/EW40,NS20/EW40,NS30/EW30,NS20/EW40,NS20/EW40,True
downstream_congested,1,qubo_receding,60,0,6354.539311812375,38.404510905981,6326.849418945151,6326.849418945151,687557.8717384601,7.957845737713659,40.0,57.81161642722887,0.0,6392.943822718356,16875.83278157493,173.87827643999495,0.575,0.425,0.0,209,0.5903954802259888,108.19948355034444,11585.768561361354,,,,,,,
downstream_congested,2,fixed,60,0,5799.833537000081,713.8036430866503,5663.195462240452,5663.195462240452,1098304.3866412144,12.711856326865908,40.0,182.51481789915636,0.0,6513.637180086732,14993.841424820592,158.12325686047333,0.0,1.0,0.0,0,0.0,189.36826024998362,,,,,,,,
downstream_congested,2,adaptive,60,0,6420.835672559974,92.80150752675708,6351.2965391684165,6351.2965391684165,852235.2779235338,9.863834235226086,40.0,87.99672497571751,0.0,6513.637180086732,17021.77194382254,185.5424084158403,0.6361111111111111,0.3138888888888889,0.05,252,0.711864406779661,132.7296509963086,,,,,,,,
downstream_congested,2,qubo_static,60,0,5899.833537000081,613.8036430866503,5747.195462240452,5747.195462240452,1087531.9327276861,12.587175147311182,40.0,198.51481789915636,959.4002250462022,6513.637180086732,15265.841424820592,158.12325686047333,0.6666666666666666,0.3333333333333333,0.0,0,0.0,184.33264699882855,16080.0,NS30/EW30,NS20/EW40,NS20/EW40,NS30/EW30,NS20/EW40,NS20/EW40,True
downstream_congested,2,qubo_receding,60,0,6434.807339794071,78.8298402926613,6406.7340248945575,6406.7340248945575,702791.5860393064,8.134161875454934,40.0,55.92919612616046,0.0,6513.637180086732,17125.060652223907,176.14411877335257,0.6694444444444444,0.33055555555555555,0.0,199,0.5621468926553672,109.2171915844488,11905.654074140703,,,,,,,
downstream_congested,3,fixed,60,0,5799.490291961923,666.7550120652294,5662.822886028531,5662.822886028531,1094395.9529829498,12.666619826191548,40.0,183.9953973647072,0.0,6466.245304027152,14992.317780625746,156.67200856868394,0.0,1.0,0.0,0,0.0,188.70554098517582,,,,,,,,
downstream_congested,3,adaptive,60,0,6410.124326348171,56.12097767898048,6325.215969107934,6325.215969107934,842547.3506010224,9.751705446771092,40.0,102.2363486715534,0.0,6466.245304027152,16940.591453355268,186.67200856868394,0.6027777777777777,0.3527777777777778,0.044444444444444446,270,0.7627118644067796,131.4400950287058,,,,,,,,
downstream_congested,3,qubo_static,60,0,5899.490291961923,566.7550120652294,5746.822886028531,5746.822886028531,1060935.5838791744,12.279347035638592,40.0,199.9953973647072,894.1938642367396,6466.245304027152,15264.317780625746,156.67200856868394,0.6666666666666666,0.3333333333333333,0.0,0,0.0,179.83512665911206,16080.0,NS30/EW30,NS20/EW40,NS20/EW40,NS30/EW30,NS20/EW40,NS20/EW40,True
downstream_congested,3,qubo_receding,60,0,6404.913283948207,61.33202007894488,6356.373105853075,6356.373105853075,722488.7718413037,8.362138562978052,40.0,70.8681695264485,0.0,6466.245304027152,16982.968440099376,181.67200856868394,0.6194444444444445,0.38055555555555554,0.0,236,0.6666666666666666,112.80227222622707,12112.414130809288,,,,,,,
downstream_congested,4,fixed,60,0,5802.471127278775,699.1098328119389,5664.548833420849,5664.548833420849,1095894.148588754,12.683960053110578,40.0,184.0,0.0,6501.580960090714,14995.300273278168,157.92229385792618,0.0,1.0,0.0,0,0.0,188.86679908439336,,,,,,,,
downstream_congested,4,adaptive,60,0,6414.25669576461,87.32426432610397,6349.779273245646,6349.779273245646,858379.8118890545,9.934951526493686,40.0,90.55512866103801,0.0,6501.580960090714,16999.91677738682,177.92229385792618,0.625,0.3194444444444444,0.05555555555555555,262,0.7401129943502824,133.8237386813425,,,,,,,,
downstream_congested,4,qubo_static,60,0,5902.471127278775,599.1098328119389,5748.548833420849,5748.548833420849,1066934.98239928,12.348784518510184,40.0,200.0,914.9781601762734,6501.580960090714,15267.300273278168,157.92229385792618,0.6666666666666666,0.3333333333333333,0.0,0,0.0,180.76072875110708,16080.0,NS30/EW30,NS20/EW40,NS20/EW40,NS30/EW30,NS20/EW40,NS20/EW40,True
downstream_congested,4,qubo_receding,60,0,6436.426326534178,65.15463355653706,6412.743561857411,6412.743561857411,707432.8775096865,8.187880526732483,40.0,39.79555334991338,0.0,6501.580960090714,17154.84937605678,187.88721132685342,0.6722222222222223,0.3277777777777778,0.0,197,0.556497175141243,109.91081721751297,11962.833971735707,,,,,,,
